Filename,Folder,Label,Mean_ExG,Std_ExG,Mean_RBR,Log_RBR,ExG_pos_frac,Mean_NGRDI,Mean_R,Mean_G,Mean_B,Entropy,Contrast,Homogeneity,Energy,Correlation,Cotton_Boll_Count
DJI_20250929124505_0127_D.JPG,205_Post_Def_rgb,Post_Defoliation,0.016234755516052246,0.052951909601688385,639.6461181640625,6.462477207183838,0.5566487996752153,-0.05795631557703018,0.39090120792388916,0.36418014764785767,0.3212243914604187,7.721197513306747,5390.441146342955,0.02500632940196196,0.005875923684263916,0.2927326912445535,2957.0
DJI_20250929124507_0128_D.JPG,205_Post_Def_rgb,Post_Defoliation,0.01577947847545147,0.05119903385639191,588.01806640625,6.378457069396973,0.5551966996813432,-0.056005727499723434,0.3740077614784241,0.34993621706962585,0.3100851774215698,7.682079694101144,5192.416558372065,0.025169838474184907,0.006090327088995196,0.28879534836052234,3165.0
DJI_20250929124509_0129_D.JPG,205_Post_Def_rgb,Post_Defoliation,0.01601998694241047,0.05348225682973862,703.7521362304688,6.5578460693359375,0.5516533190857003,-0.0563339963555336,0.39861127734184265,0.3722161054611206,0.32980090379714966,7.740063883636274,5532.0443217955,0.023599969681440746,0.005707079205101824,0.27712748445120117,3231.0
DJI_20250929124511_0130_D.JPG,205_Post_Def_rgb,Post_Defoliation,0.014871788211166859,0.04739363119006157,464.6209411621094,6.143372058868408,0.5581038679259736,-0.0526917427778244,0.36873072385787964,0.3456234633922577,0.3076443672180176,7.653185567319524,5018.983530302105,0.0255998629062431,0.00623564041426602,0.27154332059993835,3114.0
DJI_20250929124513_0131_D.JPG,205_Post_Def_rgb,Post_Defoliation,0.015892155468463898,0.05295140668749809,342.2928466796875,5.838583946228027,0.5534630940343782,-0.049149226397275925,0.41541367769241333,0.39053529500961304,0.34976479411125183,7.755251849486757,5472.266339744374,0.02344835366635629,0.005629447117783282,0.2827686061817653,3141.0
DJI_20250929124515_0132_D.JPG,205_Post_Def_rgb,Post_Defoliation,0.02079623006284237,0.04954493045806885,217.5814208984375,5.387158393859863,0.6300368925605907,-0.036461055278778076,0.3948062062263489,0.37752479314804077,0.33944714069366455,7.706082222059452,5203.394443340264,0.024960452460822073,0.005969790087577179,0.29624399084652747,3019.0
DJI_20250929124517_0133_D.JPG,205_Post_Def_rgb,Post_Defoliation,0.020948095247149467,0.050875354558229446,325.1785583496094,5.787445068359375,0.6253532704445874,-0.03995506465435028,0.39928847551345825,0.3800974488258362,0.33995839953422546,7.746194411028297,5274.376219269814,0.02476448297748434,0.0058276264974157065,0.3252144567231482,3186.0
DJI_20250929124519_0134_D.JPG,205_Post_Def_rgb,Post_Defoliation,0.017410309985280037,0.046641938388347626,400.3985290527344,5.994954586029053,0.603674223274198,-0.046517930924892426,0.3680090010166168,0.347798228263855,0.31017711758613586,7.678456775587822,5085.70622859589,0.026411452423228825,0.006260071996317294,0.31986035531468116,3138.0
DJI_20250929124521_0135_D.JPG,205_Post_Def_rgb,Post_Defoliation,0.014527000486850739,0.05074477940797806,609.3070068359375,6.413961887359619,0.5463071054324846,-0.05758725479245186,0.3985197842121124,0.3721078634262085,0.33116891980171204,7.7544651278809935,5522.570079348092,0.023962803106428177,0.005706305456052202,0.30188586685544816,3031.0
DJI_20250929124523_0136_D.JPG,205_Post_Def_rgb,Post_Defoliation,0.01654082164168358,0.04812077060341835,435.7254943847656,6.0793046951293945,0.5812134712902534,-0.05111364275217056,0.3693299889564514,0.34778571128845215,0.3097006380558014,7.670046451149624,5155.067522321429,0.026132140753671138,0.006200138896788264,0.2917870313410629,3266.0
DJI_20250929124525_0137_D.JPG,205_Post_Def_rgb,Post_Defoliation,0.018958570435643196,0.05100277066230774,267.5662536621094,5.593097686767578,0.598942438796458,-0.040897008031606674,0.39000681042671204,0.37166914343833923,0.3343729078769684,7.701632721522489,5326.901204745598,0.024836981182288293,0.005994332806087927,0.28430425706564555,3033.0
DJI_20250929124527_0138_D.JPG,205_Post_Def_rgb,Post_Defoliation,0.014515739865601063,0.0409906841814518,35.418067932128906,3.595065116882324,0.5982172266139657,-0.016032973304390907,0.34316664934158325,0.3389444053173065,0.3202064633369446,7.470848265288954,4236.989439365216,0.03138827077488002,0.007788892303906042,0.293793596926643,3773.0
DJI_20250929124529_0139_D.JPG,205_Post_Def_rgb,Post_Defoliation,0.01737130992114544,0.049153007566928864,9.127923965454102,2.3152964115142822,0.5850053715874621,-0.019146908074617386,0.4188686013221741,0.4112687408924103,0.3862975835800171,7.50250547254442,4927.363109252691,0.02896892004441022,0.007344573275999209,0.28084485470009823,3345.0
DJI_20250929124531_0140_D.JPG,205_Post_Def_rgb,Post_Defoliation,0.014667623676359653,0.04829781875014305,10.161558151245117,2.4124755859375,0.549640888791862,-0.021567167714238167,0.40876320004463196,0.4000488519668579,0.37666693329811096,7.481814060258531,4914.857513606899,0.029800724952691173,0.007525644183871414,0.2839370033023387,3278.0
DJI_20250929124533_0141_D.JPG,205_Post_Def_rgb,Post_Defoliation,0.015754271298646927,0.0497485026717186,9.640037536621094,2.3646240234375,0.5561148964365598,-0.020830336958169937,0.41637176275253296,0.4080027937889099,0.383879691362381,7.488234420943145,4950.028799993885,0.029204809080287324,0.00744190827276862,0.2824061667956901,3101.0
DJI_20250929124535_0142_D.JPG,205_Post_Def_rgb,Post_Defoliation,0.018913665786385536,0.05009552091360092,8.010324478149414,2.198371171951294,0.5991616589300487,-0.018785087391734123,0.4222743809223175,0.41471296548843384,0.388237863779068,7.49124324612512,4971.673422975784,0.029167828357134926,0.007413130583935556,0.2846294601729208,3022.0
DJI_20250929124537_0143_D.JPG,205_Post_Def_rgb,Post_Defoliation,0.018914062529802322,0.048795830458402634,9.672202110290527,2.367642402648926,0.6072668673591323,-0.0173265989869833,0.4122692346572876,0.40594303607940674,0.3807027339935303,7.479140143220892,4944.382529659981,0.029574961696600198,0.007561207733776086,0.28820826066673805,3092.0
DJI_20250929124539_0144_D.JPG,205_Post_Def_rgb,Post_Defoliation,0.019339339807629585,0.04891621693968773,8.566509246826172,2.258268356323242,0.6125754032999357,-0.017211973667144775,0.4194757342338562,0.4130113124847412,0.387207567691803,7.487383971218834,4941.191677623532,0.02980408075264865,0.007479792184077766,0.2924388940490414,2982.0
DJI_20250929124541_0145_D.JPG,205_Post_Def_rgb,Post_Defoliation,0.01877400279045105,0.04690917581319809,7.5910234451293945,2.1507179737091064,0.6131192166865828,-0.017333941534161568,0.4167988896369934,0.4100534915924072,0.3845341205596924,7.484219759929737,4965.727537151419,0.02998157234773166,0.007546329051885663,0.2908949569220228,3099.0
DJI_20250929124543_0146_D.JPG,205_Post_Def_rgb,Post_Defoliation,0.01890525035560131,0.04644674435257912,5.920167446136475,1.934440016746521,0.6157413843950118,-0.016533613204956055,0.42081356048583984,0.4143364429473877,0.3889541029930115,7.474209959498338,4952.650268315802,0.029567579915865023,0.0075740375119612065,0.2889918022946806,3060.0
DJI_20250929124545_0147_D.JPG,205_Post_Def_rgb,Post_Defoliation,0.017419463023543358,0.046367399394512177,6.27360200881958,1.984251618385315,0.5972744699267702,-0.017412500455975533,0.4149632751941681,0.4082599878311157,0.38413724303245544,7.467851462117501,5012.351142062133,0.029848379798546792,0.007651376834529553,0.28632172470722295,3073.0
DJI_20250929124547_0148_D.JPG,205_Post_Def_rgb,Post_Defoliation,0.020055623725056648,0.04620807617902756,6.105312824249268,1.9608428478240967,0.6318402522443852,-0.016003141179680824,0.4226146340370178,0.41624531149864197,0.3898203670978546,7.478717168921811,4973.987432729941,0.029238301466124085,0.007554479621896104,0.28855345751238504,3181.0
DJI_20250929124549_0149_D.JPG,205_Post_Def_rgb,Post_Defoliation,0.01804525777697563,0.04522204026579857,5.62501859664917,1.8908531665802002,0.6111206222998438,-0.014952965080738068,0.41568523645401,0.410124808549881,0.386519193649292,7.467376122274972,4989.714667930528,0.030156349984464776,0.007659133333498201,0.28857275863843485,3253.0
DJI_20250929124551_0150_D.JPG,205_Post_Def_rgb,Post_Defoliation,0.018166353926062584,0.04545830562710762,4.806437015533447,1.7589671611785889,0.6113152825014554,-0.014738236553966999,0.4198940098285675,0.4141901731491089,0.39031997323036194,7.464071375767181,4971.931288986057,0.029659774738264838,0.007650843161021959,0.28979238265989476,3375.0
DJI_20250929124553_0151_D.JPG,205_Post_Def_rgb,Post_Defoliation,0.015254443511366844,0.0449536070227623,5.758649826049805,1.910823106765747,0.5731242052731562,-0.018490472808480263,0.4159608483314514,0.407977432012558,0.3847396671772003,7.452018035641733,4948.748627843689,0.029985644521210133,0.007759826602667796,0.2861632919577224,3373.0
DJI_20250929124555_0152_D.JPG,205_Post_Def_rgb,Post_Defoliation,0.015887176617980003,0.0449368990957737,4.165684223175049,1.6420375108718872,0.5814565811042681,-0.01654478907585144,0.4241129755973816,0.41706541180610657,0.3941307067871094,7.458634635374187,4921.912525990705,0.029785737739822887,0.007658700344580265,0.2852317486480881,3392.0
DJI_20250929124557_0153_D.JPG,205_Post_Def_rgb,Post_Defoliation,0.0172860287129879,0.044246606528759,5.380438327789307,1.8532367944717407,0.6063097481386157,-0.015288383699953556,0.41278165578842163,0.4068138599395752,0.3835601508617401,7.440140617765793,4897.901281188845,0.03097544804030273,0.007852388758614978,0.28473342419298,3458.0
DJI_20250929124559_0154_D.JPG,205_Post_Def_rgb,Post_Defoliation,0.01670866832137108,0.04526332765817642,4.585826873779297,1.7202324867248535,0.5932786695315133,-0.017688453197479248,0.4280533790588379,0.4199191927909851,0.3950764536857605,7.448683576912174,4886.921049412917,0.02996848153355776,0.007685990880871509,0.27920449023224064,3422.0
DJI_20250929124601_0155_D.JPG,205_Post_Def_rgb,Post_Defoliation,0.015933796763420105,0.04419801011681557,4.1659417152404785,1.642087459564209,0.5861613161442535,-0.01690058223903179,0.41875752806663513,0.4114307463169098,0.38817018270492554,7.42493372430859,4823.856726241438,0.03058945391019078,0.007870378175492148,0.27604214806600214,3604.0
DJI_20250929124603_0156_D.JPG,205_Post_Def_rgb,Post_Defoliation,0.017753325402736664,0.04457448422908783,3.918691635131836,1.5930426120758057,0.6120846355363544,-0.015560848638415337,0.42810001969337463,0.42115408182144165,0.3964548408985138,7.44116782715052,4791.95101516634,0.02972157191692963,0.007702104934352256,0.27262964820254815,3467.0
DJI_20250929124605_0157_D.JPG,205_Post_Def_rgb,Post_Defoliation,0.017726382240653038,0.04438122734427452,5.14367151260376,1.815422534942627,0.6143976257774918,-0.016628097742795944,0.4226408004760742,0.4152061939239502,0.3900451958179474,7.440779800916976,4792.011497064578,0.02978379237658884,0.0077424567926806884,0.2719199734944982,3530.0
DJI_20250929124607_0158_D.JPG,205_Post_Def_rgb,Post_Defoliation,0.016723550856113434,0.04503472149372101,5.808604717254639,1.9181872606277466,0.5943526518981525,-0.01942175067961216,0.4298574924468994,0.42031100392341614,0.3940410614013672,7.453868001193826,4752.022394049658,0.029326245958516097,0.00759684036894081,0.27443668278220557,3493.0
DJI_20250929124609_0159_D.JPG,205_Post_Def_rgb,Post_Defoliation,0.018197475001215935,0.04474683851003647,5.9069108963012695,1.9325225353240967,0.6158640883046849,-0.016914399340748787,0.42132529616355896,0.4137876033782959,0.38805246353149414,7.442706132415468,4715.125026755137,0.029393025190200137,0.007685341757179353,0.2713115931945245,3681.0
DJI_20250929124611_0160_D.JPG,205_Post_Def_rgb,Post_Defoliation,0.020720938220620155,0.04698949307203293,7.378962516784668,2.1257240772247314,0.634644824125992,-0.01514273788779974,0.4296359419822693,0.4229435622692108,0.3955303430557251,7.473060208733358,4720.262731623043,0.028861924404273542,0.0074290951349070804,0.2664884315489366,3701.0
DJI_20250929124613_0161_D.JPG,205_Post_Def_rgb,Post_Defoliation,0.016251610592007637,0.04803440347313881,9.996253967285156,2.397554636001587,0.565496934077887,-0.021441612392663956,0.42541348934173584,0.4149264395236969,0.38818782567977905,7.472155428746869,4705.653482754403,0.028672410697649163,0.007443552646093844,0.26058939651431506,3642.0
DJI_20250929124615_0162_D.JPG,205_Post_Def_rgb,Post_Defoliation,0.019866423681378365,0.049966294318437576,12.689720153808594,2.616645097732544,0.6034744404357019,-0.017881786450743675,0.43123629689216614,0.4228048324584961,0.39450690150260925,7.503602393997914,4724.85636695817,0.027739508724948916,0.007176018600106813,0.25851170950838126,3605.0
DJI_20250929124617_0163_D.JPG,205_Post_Def_rgb,Post_Defoliation,0.01857505924999714,0.04917251318693161,15.158985137939453,2.7824761867523193,0.5896815251861385,-0.018805624917149544,0.42528194189071655,0.4165791869163513,0.3893013894557953,7.511932197380077,4749.401128302348,0.027242669617151955,0.007142519730063596,0.2531981714167569,3589.0
DJI_20250929124619_0164_D.JPG,205_Post_Def_rgb,Post_Defoliation,0.017501836642622948,0.0505676232278347,18.360504150390625,2.9632351398468018,0.5722260681894782,-0.021150769665837288,0.4351179301738739,0.4245343804359436,0.39644894003868103,7.542361642064043,4838.351841517858,0.02674062391616299,0.00689283785001835,0.2472046734495936,3437.0
DJI_20250929124621_0165_D.JPG,205_Post_Def_rgb,Post_Defoliation,0.01621853932738304,0.049284860491752625,16.02115821838379,2.8344571590423584,0.5633705610197016,-0.020765051245689392,0.426457017660141,0.41645389795303345,0.39023229479789734,7.518327159504043,4767.3085020181015,0.02736507528700281,0.007087232762658918,0.24842290297789163,3478.0
DJI_20250929124623_0166_D.JPG,205_Post_Def_rgb,Post_Defoliation,0.01427173800766468,0.04854104667901993,23.051424026489258,3.180194139480591,0.5452944989582376,-0.0238612312823534,0.42753633856773376,0.41533029079437256,0.38885241746902466,7.54296254597774,4863.844029017857,0.02700734164807026,0.006929839255887654,0.24521313152011584,3512.0
DJI_20250929124625_0167_D.JPG,205_Post_Def_rgb,Post_Defoliation,0.015624538995325565,0.046945009380578995,37.41592788696289,3.6484720706939697,0.5746945567913717,-0.02348698489367962,0.4019984006881714,0.3907407224178314,0.3638584613800049,7.546109187413797,4672.185944379891,0.027673600083292876,0.007017079570602954,0.2568436062516472,3494.0
DJI_20250929124627_0168_D.JPG,205_Post_Def_rgb,Post_Defoliation,0.02066619321703911,0.050132784992456436,114.81785583496094,4.752018928527832,0.6246944131660386,-0.03100772202014923,0.405344158411026,0.38911792635917664,0.3522256314754486,7.618512038137003,4876.129414597603,0.026155466779879857,0.006517326613333133,0.2667536032274212,3295.0
DJI_20250929124629_0169_D.JPG,205_Post_Def_rgb,Post_Defoliation,0.02675468847155571,0.052719347178936005,256.2549133300781,5.55006742477417,0.6763073256579956,-0.03869956359267235,0.41068458557128906,0.38968732953071594,0.34193533658981323,7.667659832368025,4969.68074241683,0.025757062192482028,0.006170609868923259,0.27840714995204996,3215.0
DJI_20250929124631_0170_D.JPG,205_Post_Def_rgb,Post_Defoliation,0.021337946876883507,0.054645806550979614,379.5677795410156,5.941664218902588,0.6091073302540062,-0.04814193770289421,0.42961305379867554,0.40253230929374695,0.35411354899406433,7.733574239789744,5328.629651571673,0.02317120146853473,0.00570192017587068,0.26725309265568703,3209.0
DJI_20250929124633_0171_D.JPG,205_Post_Def_rgb,Post_Defoliation,0.017283393070101738,0.05334588512778282,353.5324401855469,5.870800018310547,0.5695775212948494,-0.052825625985860825,0.4214380085468292,0.39220181107521057,0.3456822335720062,7.720445848802843,5249.390613533513,0.023501394115555692,0.005772364414811047,0.2680392617551088,3013.0
DJI_20250929124635_0172_D.JPG,205_Post_Def_rgb,Post_Defoliation,0.01677989587187767,0.053748518228530884,423.302001953125,6.050445556640625,0.5647928826944878,-0.05494339391589165,0.4306527078151703,0.3995194435119629,0.3516063988208771,7.749368967324834,5336.739443187378,0.02304987986629941,0.005600635353902993,0.2723378967979444,2816.0
DJI_20250929124637_0173_D.JPG,205_Post_Def_rgb,Post_Defoliation,0.015300029888749123,0.0506930835545063,349.2142639160156,5.858545303344727,0.5596346746024451,-0.05479726567864418,0.4093402326107025,0.38000020384788513,0.3353601396083832,7.719060625510572,5138.020207772748,0.024094790627736323,0.0058186582714311545,0.28753273693581044,3357.0
DJI_20250929124639_0174_D.JPG,205_Post_Def_rgb,Post_Defoliation,0.016108999028801918,0.05043439939618111,555.4318237304688,6.321544647216797,0.5701748111805619,-0.05976612865924835,0.42602404952049255,0.39274361729621887,0.34335416555404663,7.756780070173224,5399.479268590998,0.022624770131452795,0.005565226653874493,0.2751087526520776,3175.0
DJI_20250929124641_0175_D.JPG,205_Post_Def_rgb,Post_Defoliation,0.016085077077150345,0.047275520861148834,458.7336730957031,6.1306471824646,0.5840013347580967,-0.05600898340344429,0.3949783444404602,0.3669493496417999,0.3228352665901184,7.703740338146687,5078.743036020059,0.02384199304694643,0.005905443186289612,0.2879903993566103,3387.0
DJI_20250929124643_0176_D.JPG,205_Post_Def_rgb,Post_Defoliation,0.017468487843871117,0.048545047640800476,589.0860595703125,6.380268573760986,0.5923055121487882,-0.05788920819759369,0.41343778371810913,0.3829534947872162,0.3350006937980652,7.751181679819643,5302.019699425147,0.02351117464131689,0.005642797302285719,0.2914780470631731,3275.0
DJI_20250929124645_0177_D.JPG,205_Post_Def_rgb,Post_Defoliation,0.01879819855093956,0.050993215292692184,390.46771240234375,5.969902992248535,0.5963266863529123,-0.05302993208169937,0.42604300379753113,0.3967137932777405,0.34858638048171997,7.774201187152972,5238.823007124511,0.02325426884146245,0.00554999042691051,0.3162539313922096,3272.0
DJI_20250929124647_0178_D.JPG,205_Post_Def_rgb,Post_Defoliation,0.018960878252983093,0.05265874043107033,420.0242919921875,6.042690753936768,0.5902771394429636,-0.05373893305659294,0.42783886194229126,0.39787885546684265,0.34895798563957214,7.77134820645267,5212.544474681998,0.02361993371939971,0.005561533970560795,0.3132418878349528,3377.0
DJI_20250929124649_0179_D.JPG,205_Post_Def_rgb,Post_Defoliation,0.02692563645541668,0.054213747382164,386.232421875,5.959024906158447,0.6625419385972976,-0.04726693406701088,0.4112667739391327,0.3857407569885254,0.33328908681869507,7.717432422185224,4949.106443401419,0.02437302569604628,0.005890905902588986,0.3103761053380335,3220.0
DJI_20250929124651_0180_D.JPG,205_Post_Def_rgb,Post_Defoliation,0.02509405091404915,0.057437144219875336,306.5830383300781,5.728744983673096,0.6298344765909857,-0.04746345803141594,0.43412816524505615,0.4065994918346405,0.3539767861366272,7.733234183115712,5105.104750183464,0.023601634685212813,0.005730226522861759,0.28882445948477065,2939.0
DJI_20250929124653_0181_D.JPG,205_Post_Def_rgb,Post_Defoliation,0.02797640673816204,0.057779841125011444,211.138427734375,5.357239246368408,0.6561672718080706,-0.04308875650167465,0.4250947833061218,0.4005766212940216,0.3480820655822754,7.683634452192013,4899.366105828034,0.024588490433673116,0.00604904330102799,0.287642829162524,3348.0
DJI_20250929124655_0182_D.JPG,205_Post_Def_rgb,Post_Defoliation,0.032989680767059326,0.05865885689854622,102.12896728515625,4.635980129241943,0.7034826270796948,-0.031238548457622528,0.4315776526927948,0.4137501120567322,0.36293280124664307,7.653521015383302,4847.655003975049,0.024614829503787815,0.006190554020334221,0.27125606426090704,2910.0
DJI_20250929124657_0183_D.JPG,205_Post_Def_rgb,Post_Defoliation,0.029243160039186478,0.05578474700450897,30.329551696777344,3.444561719894409,0.6797191933235285,-0.02393169328570366,0.4256972670555115,0.4126761853694916,0.3704119920730591,7.592597681128908,4594.479165392613,0.025459637029570537,0.006549699400352702,0.2638232402391476,3407.0
DJI_20250929124659_0184_D.JPG,205_Post_Def_rgb,Post_Defoliation,0.02142249047756195,0.05457909405231476,12.676779747009277,2.615699529647827,0.5969463817906058,-0.019700754433870316,0.44120389223098755,0.43051010370254517,0.39839375019073486,7.608881026674194,4660.959381879893,0.025246266842046942,0.0063920824424673174,0.25712137964692067,3265.0
DJI_20250929124701_0185_D.JPG,205_Post_Def_rgb,Post_Defoliation,0.025861363857984543,0.055173639208078384,11.771188735961914,2.547191858291626,0.6438763424181144,-0.015974028035998344,0.4331563413143158,0.4250694215297699,0.39112117886543274,7.57753909335333,4583.108346838308,0.026125031372844228,0.00661118430610444,0.2537054907106063,3303.0
DJI_20250929124703_0186_D.JPG,205_Post_Def_rgb,Post_Defoliation,0.025349434465169907,0.055625636130571365,8.051239013671875,2.202901601791382,0.6309229651162791,-0.0158296599984169,0.4416768252849579,0.4336586892604828,0.40029117465019226,7.564330243632714,4556.7116866438355,0.025681858806686345,0.006639052126104831,0.2422056397131276,3273.0
DJI_20250929124705_0187_D.JPG,205_Post_Def_rgb,Post_Defoliation,0.02522357366979122,0.055634185671806335,5.958415985107422,1.9399518966674805,0.6242973369948218,-0.014539318159222603,0.4488634467124939,0.44173339009284973,0.409379780292511,7.543816733060808,4411.930325801124,0.026076135448325877,0.00673937743223023,0.24269845129966303,3100.0
DJI_20250929124707_0188_D.JPG,205_Post_Def_rgb,Post_Defoliation,0.02335122972726822,0.05528215691447258,5.787466526031494,1.915077805519104,0.6055760141863529,-0.016149230301380157,0.43868616223335266,0.43088072538375854,0.3997241258621216,7.495376265251183,4418.7884089102245,0.027243773836987506,0.007062673085281965,0.22998909827609634,3155.0
DJI_20250929124709_0189_D.JPG,205_Post_Def_rgb,Post_Defoliation,0.02300086058676243,0.05518622323870659,7.327661991119385,2.1195826530456543,0.6049365942028986,-0.017997199669480324,0.4508451819419861,0.44159266352653503,0.4093393385410309,7.553273609743497,4617.949039108367,0.02591345091532624,0.0066465453926640265,0.2332255000304518,3068.0
DJI_20250929124711_0190_D.JPG,205_Post_Def_rgb,Post_Defoliation,0.024071477353572845,0.053831011056900024,6.4622392654418945,2.0098555088043213,0.6294329001593284,-0.01588553376495838,0.44750943779945374,0.44007328152656555,0.40856561064720154,7.544249363276198,4612.242634693004,0.025829070981630245,0.0067096104567219,0.2292334011718246,3249.0
DJI_20250929124713_0191_D.JPG,205_Post_Def_rgb,Post_Defoliation,0.02327985316514969,0.05415058881044388,7.391777038574219,2.1272523403167725,0.6173780429420597,-0.018329722806811333,0.45083656907081604,0.44165411591529846,0.40919172763824463,7.556469332468158,4611.0120245229955,0.025450708063669628,0.006637358661140361,0.23477927145265554,3101.0
DJI_20250929124715_0192_D.JPG,205_Post_Def_rgb,Post_Defoliation,0.022921647876501083,0.05300573259592056,5.625847339630127,1.890978217124939,0.6211474898121764,-0.017778931185603142,0.44715335965156555,0.4383522868156433,0.4066295027732849,7.5237298171175295,4544.753906250001,0.02629304140549936,0.006854496596427859,0.23325039750279355,3252.0
DJI_20250929124717_0193_D.JPG,205_Post_Def_rgb,Post_Defoliation,0.021751586347818375,0.051999978721141815,5.362518310546875,1.8504242897033691,0.6110290850874774,-0.019234424456954002,0.45078811049461365,0.440799355506897,0.409059077501297,7.5293701344570785,4560.235838888209,0.026458305440992518,0.006809212667770441,0.23520070627868314,3247.0
DJI_20250929124719_0194_D.JPG,205_Post_Def_rgb,Post_Defoliation,0.020174449309706688,0.051659781485795975,5.004169940948486,1.7924542427062988,0.5962061846983485,-0.020729782059788704,0.45031100511550903,0.4393163323402405,0.40814730525016785,7.524113305388422,4540.93927730553,0.026583798574543138,0.006852482230624751,0.23648298180691935,3186.0
DJI_20250929124721_0195_D.JPG,205_Post_Def_rgb,Post_Defoliation,0.02251344732940197,0.0496271550655365,4.056951999664307,1.620763897895813,0.6369165460213868,-0.01607362926006317,0.4495382010936737,0.4417731761932373,0.41149476170539856,7.520484886520658,4552.493808096869,0.026343215678961456,0.006879185762426762,0.23666498861574078,3284.0
DJI_20250929124723_0196_D.JPG,205_Post_Def_rgb,Post_Defoliation,0.025070762261748314,0.04981566593050957,3.9379711151123047,1.596954584121704,0.6725377830376567,-0.016113536432385445,0.4454702138900757,0.4377889633178711,0.40503692626953125,7.499371574352435,4535.069964683219,0.026995326240932538,0.007044379116295985,0.23617920559684605,3276.0
DJI_20250929124725_0197_D.JPG,205_Post_Def_rgb,Post_Defoliation,0.01854538545012474,0.047504130750894547,3.0001068115234375,1.3863210678100586,0.600521934460888,-0.018696410581469536,0.44934454560279846,0.43971988558769226,0.411549836397171,7.505543726164171,4556.39451596135,0.02699561105475481,0.00700798353716935,0.2413409999055437,3119.0
DJI_20250929124727_0198_D.JPG,205_Post_Def_rgb,Post_Defoliation,0.02105649933218956,0.04628341272473335,2.908029317855835,1.3630332946777344,0.6444629082789473,-0.013851377181708813,0.44084829092025757,0.4348040223121643,0.40770331025123596,7.461860640562221,4510.953163221624,0.028096906021721012,0.0073272533496463906,0.2383259817765755,3547.0
DJI_20250929124729_0199_D.JPG,205_Post_Def_rgb,Post_Defoliation,0.018167812377214432,0.045165736228227615,3.273574113845825,1.4524505138397217,0.6147511355976346,-0.017542051151394844,0.44424331188201904,0.43545040488243103,0.40848973393440247,7.469519313071122,4536.4192682852245,0.02798010607111858,0.0072713804880198294,0.24012684295861045,3506.0
DJI_20250929124731_0200_D.JPG,205_Post_Def_rgb,Post_Defoliation,0.020894063636660576,0.044144582003355026,2.8379011154174805,1.3449256420135498,0.657642160354812,-0.01544018741697073,0.44151556491851807,0.434212327003479,0.40601497888565063,7.436501251594666,4492.841235017124,0.028799651916010256,0.007532945450248483,0.238669565261809,3555.0
DJI_20250929124733_0201_D.JPG,205_Post_Def_rgb,Post_Defoliation,0.020360687747597694,0.04555283114314079,2.8871588706970215,1.3576785326004028,0.6435394931366241,-0.016476094722747803,0.4450262188911438,0.4369308650493622,0.40847480297088623,7.457666033029692,4613.370107632094,0.028179497427753615,0.007362509264639103,0.23430892730337607,3472.0
DJI_20250929124735_0202_D.JPG,205_Post_Def_rgb,Post_Defoliation,0.019168460741639137,0.04493475332856178,2.516263723373413,1.2573989629745483,0.6284325497135154,-0.015338418073952198,0.4385136067867279,0.43127691745758057,0.40487173199653625,7.430202862098491,4537.192560543053,0.028516456970708214,0.0075936821028699695,0.2378520592666486,3312.0
DJI_20250929124737_0203_D.JPG,205_Post_Def_rgb,Post_Defoliation,0.019092444330453873,0.04691871628165245,2.728549003601074,1.3160191774368286,0.6161928466924044,-0.01596081629395485,0.4439166188240051,0.4362792670726776,0.4095495045185089,7.457089178266969,4604.564021220645,0.028045460085969795,0.007389547853044688,0.23993748805287868,3503.0
DJI_20250929124739_0204_D.JPG,205_Post_Def_rgb,Post_Defoliation,0.020703352987766266,0.04675580933690071,2.731429100036621,1.316791296005249,0.6366364287465147,-0.014255222864449024,0.4395297169685364,0.433165967464447,0.406098872423172,7.433483562168467,4576.425207925636,0.029203715566476583,0.007591132604991616,0.2381791962003409,3414.0
DJI_20250929124741_0205_D.JPG,205_Post_Def_rgb,Post_Defoliation,0.018879089504480362,0.04748784378170967,2.3624320030212402,1.2126644849777222,0.6078113031222232,-0.015650948509573936,0.4441584646701813,0.43662193417549133,0.41020631790161133,7.44000664071158,4615.371246636498,0.02815939957287146,0.007511276608258674,0.23967819931691375,3468.0
DJI_20250929124743_0206_D.JPG,205_Post_Def_rgb,Post_Defoliation,0.018823955208063126,0.047511205077171326,2.645679473876953,1.293542742729187,0.6070096343873518,-0.014262118376791477,0.43695196509361267,0.43083205819129944,0.40588805079460144,7.425958149958247,4611.767299107143,0.029459946316405673,0.007668611946470407,0.24242791924157536,3561.0
DJI_20250929124745_0207_D.JPG,205_Post_Def_rgb,Post_Defoliation,0.020803270861506462,0.04842643439769745,2.9678938388824463,1.3782354593276978,0.6289973323988112,-0.014460758306086063,0.4396239221096039,0.43329495191574097,0.40616267919540405,7.438439502036832,4663.8229956580235,0.028899460489642852,0.00757120017420605,0.24376424800242333,3421.0
DJI_20250929124747_0208_D.JPG,205_Post_Def_rgb,Post_Defoliation,0.017114974558353424,0.048213012516498566,2.8173062801361084,1.3395450115203857,0.5785197302907743,-0.017720604315400124,0.4367999732494354,0.42835402488708496,0.4027930796146393,7.423579069554518,4666.552822284736,0.029229203535760653,0.007695944689624036,0.242620735983327,3332.0
DJI_20250929124749_0209_D.JPG,205_Post_Def_rgb,Post_Defoliation,0.021172692999243736,0.05002422258257866,3.1289567947387695,1.4180247783660889,0.6196589568587799,-0.01577070541679859,0.44038307666778564,0.4331231117248535,0.4046904146671295,7.441773829070533,4697.466835096624,0.029212650775155783,0.0075662883867176275,0.24672344027859755,3552.0
DJI_20250929124751_0210_D.JPG,205_Post_Def_rgb,Post_Defoliation,0.02159159444272518,0.04995481297373772,3.3178811073303223,1.4627647399902344,0.6235776783252137,-0.014874123968183994,0.4340359568595886,0.42764395475387573,0.39966028928756714,7.415646001496819,4640.873696642613,0.029650356422269257,0.007784827733942167,0.24761359000769156,3611.0
DJI_20250929124753_0211_D.JPG,205_Post_Def_rgb,Post_Defoliation,0.02162252739071846,0.050701726227998734,3.366511821746826,1.4739644527435303,0.6198847837576983,-0.017173413187265396,0.44053804874420166,0.4320997893810272,0.40203890204429626,7.414581170944972,4622.3099429733375,0.029222323209596283,0.007753343863104116,0.2505856341533422,3645.0
DJI_20250929124755_0212_D.JPG,205_Post_Def_rgb,Post_Defoliation,0.021721510216593742,0.049874600023031235,2.9985601902008057,1.3859343528747559,0.6261356455096976,-0.014337527565658092,0.4321163594722748,0.42587554454803467,0.3979131579399109,7.400058723781005,4625.668694960861,0.029843633843445544,0.007915871405224728,0.2482819254541018,3763.0
DJI_20250929124757_0213_D.JPG,205_Post_Def_rgb,Post_Defoliation,0.02143849804997444,0.05037496238946915,3.180280923843384,1.4303784370422363,0.6182070004902411,-0.014249986037611961,0.43718281388282776,0.43090176582336426,0.40318211913108826,7.420551816715535,4657.504907656557,0.02955569005617316,0.007745294580533484,0.2520072025985678,3625.0
DJI_20250929124759_0214_D.JPG,205_Post_Def_rgb,Post_Defoliation,0.020249778404831886,0.04903882369399071,3.3735952377319336,1.4755853414535522,0.6106679631246744,-0.015700651332736015,0.4293530583381653,0.422226220369339,0.3948495090007782,7.391697273404052,4655.0559105919765,0.03033558555769142,0.008003634131706119,0.24845170321222412,3649.0
DJI_20250929124801_0215_D.JPG,205_Post_Def_rgb,Post_Defoliation,0.019191639497876167,0.04789353907108307,2.260647773742676,1.181925892829895,0.6037825167754389,-0.014331784099340439,0.4359264075756073,0.42947837710380554,0.40383872389793396,7.394074446270178,4675.8960639371335,0.030197275966720838,0.007957090431948356,0.25000727491574476,3636.0
DJI_20250929124803_0216_D.JPG,205_Post_Def_rgb,Post_Defoliation,0.018161265179514885,0.045940715819597244,2.1030895709991455,1.132398247718811,0.6014493711125409,-0.011544600129127502,0.427074134349823,0.4227831959724426,0.40033096075057983,7.388450847424593,4671.804117997798,0.030653631710460174,0.008050669088087273,0.25578789067041946,3777.0
DJI_20250929124805_0217_D.JPG,205_Post_Def_rgb,Post_Defoliation,0.021022239699959755,0.04698478803038597,2.2119550704956055,1.1668797731399536,0.6365941550234396,-0.011271421797573566,0.4344756305217743,0.4300946891307831,0.40469151735305786,7.40667122584555,4755.374724804305,0.03026090144525251,0.007891100790112234,0.2554594610804075,3728.0
DJI_20250929124807_0218_D.JPG,205_Post_Def_rgb,Post_Defoliation,0.016125576570630074,0.04613301903009415,2.8066279888153076,1.336743712425232,0.5734343881177805,-0.016679227352142334,0.43098562955856323,0.4230104088783264,0.3989095985889435,7.4013849767379805,4765.002140410959,0.03026403333218597,0.007977826321860719,0.2568695337995415,3700.0
DJI_20250929124809_0219_D.JPG,205_Post_Def_rgb,Post_Defoliation,0.017966274172067642,0.04668230563402176,2.8684632778167725,1.3528573513031006,0.5961037319606581,-0.014058325439691544,0.4349581301212311,0.4287206530570984,0.40451696515083313,7.414016767994449,4828.968092588062,0.030363148105357136,0.007872835852776022,0.26145396161816875,3557.0
DJI_20250929124811_0220_D.JPG,205_Post_Def_rgb,Post_Defoliation,0.019120212644338608,0.046613194048404694,3.465686082839966,1.4964228868484497,0.6124950209884487,-0.014378814026713371,0.4225007891654968,0.41651251912117004,0.39140406250953674,7.404344591808458,4877.626284246577,0.030466296163630623,0.008011093339798788,0.2600560603822144,3646.0
DJI_20250929124813_0221_D.JPG,205_Post_Def_rgb,Post_Defoliation,0.020251339301466942,0.0470619760453701,3.262939214706421,1.4499589204788208,0.6244674851395655,-0.013253269717097282,0.42497941851615906,0.41970181465148926,0.39417293667793274,7.407396921202634,4889.6310199058225,0.030421393569970215,0.007987392680632407,0.26309146420232465,3555.0
DJI_20250929124815_0222_D.JPG,205_Post_Def_rgb,Post_Defoliation,0.018661441281437874,0.046887677162885666,2.927053451538086,1.367889404296875,0.6029830024205656,-0.015106216073036194,0.4170801043510437,0.41098782420158386,0.3862341046333313,7.398737515441412,4918.680581886008,0.031064888216814877,0.008112352241767401,0.26091544455263044,3596.0
DJI_20250929124817_0223_D.JPG,205_Post_Def_rgb,Post_Defoliation,0.019064852967858315,0.04714654013514519,2.6603853702545166,1.297568440437317,0.6063758157918926,-0.01344980951398611,0.4233044981956482,0.41812488436698914,0.3938803970813751,7.408576164391957,4924.467492508562,0.03089212274040329,0.008003588043088398,0.26340700643800447,3485.0
DJI_20250929124819_0224_D.JPG,205_Post_Def_rgb,Post_Defoliation,0.018535835668444633,0.04745655879378319,4.018372058868408,1.6131055355072021,0.5996095305941109,-0.016994955018162727,0.4205154478549957,0.41313913464546204,0.3872269093990326,7.412138390984221,4965.109520242173,0.031073966108946013,0.008030857613704779,0.2671230245564851,3431.0
DJI_20250929124821_0225_D.JPG,205_Post_Def_rgb,Post_Defoliation,0.019148802384734154,0.04846673458814621,3.6010353565216064,1.5262813568115234,0.6032927543891902,-0.017304936423897743,0.43082940578460693,0.4230513870716095,0.39612457156181335,7.437038374994136,4995.583965264187,0.030549797517591494,0.0077828382949185326,0.26971447047105906,3229.0
DJI_20250929124823_0226_D.JPG,205_Post_Def_rgb,Post_Defoliation,0.020526167005300522,0.04792702943086624,4.210887908935547,1.6507502794265747,0.6257991792290958,-0.015071220695972443,0.418002724647522,0.41241756081581116,0.3863062560558319,7.429283926057501,5007.811093444227,0.030609463023005507,0.007917135949104983,0.26963813984731644,3225.0
DJI_20250929124825_0227_D.JPG,205_Post_Def_rgb,Post_Defoliation,0.018821943551301956,0.04933321475982666,3.902730703353882,1.5897923707962036,0.5958843203266232,-0.016840124502778053,0.42784979939460754,0.4208214581012726,0.39497116208076477,7.442883986100642,5031.528280179795,0.02984842850601188,0.007760139113880313,0.2699794688191954,3104.0
DJI_20250929124827_0228_D.JPG,205_Post_Def_rgb,Post_Defoliation,0.017100438475608826,0.04934542998671532,4.223814010620117,1.6532278060913086,0.5724696088794926,-0.018691688776016235,0.42097342014312744,0.41304078698158264,0.3880077600479126,7.433815903997003,5025.239206213307,0.030318487960824893,0.007855010616016555,0.26489837025077456,3100.0
DJI_20250929124829_0229_D.JPG,205_Post_Def_rgb,Post_Defoliation,0.017123807221651077,0.0508151538670063,4.2268524169921875,1.6538093090057373,0.5662336841621473,-0.0198263730853796,0.4287846088409424,0.4200800657272339,0.3942517936229706,7.449769066871031,5069.181495382827,0.029449840646911904,0.007686214212364861,0.26545712722909187,3112.0
DJI_20250929124831_0230_D.JPG,205_Post_Def_rgb,Post_Defoliation,0.018800169229507446,0.05090136453509331,3.0788419246673584,1.4058130979537964,0.5858172377209915,-0.016041291877627373,0.4352268874645233,0.4284270107746124,0.40282684564590454,7.441708572302217,4983.650161295255,0.02940686905183614,0.007682746615482939,0.26315449065955837,3201.0
DJI_20250929124833_0231_D.JPG,205_Post_Def_rgb,Post_Defoliation,0.018512243404984474,0.05135622248053551,4.557110786437988,1.715078353881836,0.5805180853019579,-0.01837671361863613,0.4268729090690613,0.41910040378570557,0.3928156793117523,7.441501634138154,5025.7977884968195,0.029568582326065636,0.00774016675040394,0.26244583048073106,3097.0
DJI_20250929124835_0232_D.JPG,205_Post_Def_rgb,Post_Defoliation,0.018758531659841537,0.052050940692424774,4.418619155883789,1.6898410320281982,0.5795958191623004,-0.019153287634253502,0.4338010847568512,0.4252696931362152,0.3979797661304474,7.450787137952451,5015.757609925393,0.0296063443408365,0.007642019741737757,0.2630185225712719,3237.0
DJI_20250929124837_0233_D.JPG,205_Post_Def_rgb,Post_Defoliation,0.018161442130804062,0.050613582134246826,3.7931108474731445,1.5671796798706055,0.5785394069614241,-0.018320297822356224,0.42577826976776123,0.417932391166687,0.3919250965118408,7.429285830537053,4943.194739175636,0.030192517775946892,0.007835524799143347,0.2634447060589024,3256.0
DJI_20250929124839_0234_D.JPG,205_Post_Def_rgb,Post_Defoliation,0.017563192173838615,0.05021364614367485,3.036449909210205,1.395365595817566,0.5744866830591047,-0.01672562211751938,0.43586334586143494,0.42867153882980347,0.40391647815704346,7.452612033745132,4959.957734527887,0.02950621989908103,0.00760341139328929,0.26528139638184867,3200.0
DJI_20250929124841_0235_D.JPG,205_Post_Def_rgb,Post_Defoliation,0.01934993267059326,0.04972235485911369,3.6250052452087402,1.531477451324463,0.6029099928761835,-0.015693532302975655,0.42903706431388855,0.4227730333805084,0.3971591293811798,7.443786277157055,4954.776262078032,0.029684290266437312,0.007709800450231003,0.2654892328554854,3240.0
DJI_20250929124843_0236_D.JPG,205_Post_Def_rgb,Post_Defoliation,0.017945103347301483,0.049312569200992584,3.2043473720550537,1.4361190795898438,0.5865264596163863,-0.017579061910510063,0.4378265142440796,0.429771363735199,0.40377122163772583,7.440058952574373,4925.064403436888,0.02927064005118547,0.00768871080678771,0.2600127852637901,3283.0
DJI_20250929124845_0237_D.JPG,205_Post_Def_rgb,Post_Defoliation,0.01848505064845085,0.04765253886580467,3.462022304534912,1.4956021308898926,0.6021860254465791,-0.015703918412327766,0.42459526658058167,0.418209433555603,0.3933386206626892,7.419968514317716,4843.132720768102,0.030303682123847517,0.00789749218634615,0.2636575800040196,3451.0
DJI_20250929124847_0238_D.JPG,205_Post_Def_rgb,Post_Defoliation,0.01894340105354786,0.04803299903869629,2.739887237548828,1.319055438041687,0.6065700929926158,-0.016314638778567314,0.4336871802806854,0.4264005422592163,0.4001704752445221,7.425242115760126,4833.812071917808,0.029833022977263236,0.0078031203477698435,0.2632425065236181,3423.0
DJI_20250929124849_0239_D.JPG,205_Post_Def_rgb,Post_Defoliation,0.018105562776327133,0.046994153410196304,3.168120861053467,1.4274653196334839,0.6028936674633085,-0.016139747574925423,0.43007293343544006,0.4229239523410797,0.39766934514045715,7.425267601165026,4803.480984741927,0.02995944599801071,0.007825566515759925,0.2644535004273288,3444.0
DJI_20250929124851_0240_D.JPG,205_Post_Def_rgb,Post_Defoliation,0.01769758202135563,0.04656069725751877,3.1177926063537598,1.4153172969818115,0.60081770689708,-0.014539946801960468,0.4334430992603302,0.427264004945755,0.4033873677253723,7.441258657265392,4831.507648147015,0.029905457445474633,0.007676451418691377,0.26658493682174583,3534.0
DJI_20250929124853_0241_D.JPG,205_Post_Def_rgb,Post_Defoliation,0.017246399074792862,0.046178001910448074,2.827934980392456,1.3423254489898682,0.5962449635383154,-0.015269964002072811,0.42808401584625244,0.42154017090797424,0.39774996042251587,7.42407388555953,4726.369450220156,0.02979726943102556,0.00783957752631027,0.27252565776234516,3494.0
DJI_20250929124855_0242_D.JPG,205_Post_Def_rgb,Post_Defoliation,0.017447859048843384,0.04667627438902855,2.5831375122070312,1.2762387990951538,0.5935874161228054,-0.014950485900044441,0.43607649207115173,0.4294436275959015,0.4053628146648407,7.438302017183079,4725.193539016634,0.0299295869900442,0.007674774619270227,0.27349748792615447,3348.0
DJI_20250929124857_0243_D.JPG,205_Post_Def_rgb,Post_Defoliation,0.018237469717860222,0.047516193240880966,3.2332704067230225,1.4429748058319092,0.6012189003278487,-0.017015505582094193,0.43057018518447876,0.4226888418197632,0.39656999707221985,7.44051972467259,4726.0867248654595,0.0300614010170827,0.0076962427111153175,0.27403471435969123,3475.0
DJI_20250929124859_0244_D.JPG,205_Post_Def_rgb,Post_Defoliation,0.019365334883332253,0.04711386561393738,3.306105375289917,1.460033893585205,0.6192559441737905,-0.013855093158781528,0.4325411915779114,0.42692553997039795,0.40194445848464966,7.455988275078605,4752.286226455479,0.029843387944561275,0.007564539370128606,0.272999913334732,3474.0
DJI_20250929124901_0245_D.JPG,205_Post_Def_rgb,Post_Defoliation,0.01862543262541294,0.04644527658820152,3.376894235610962,1.476339340209961,0.6115142514630634,-0.01470260787755251,0.4251720607280731,0.4192430078983307,0.3946884870529175,7.436760933532429,4692.516626406556,0.03007581472576771,0.007752573183039346,0.2767622130554077,3463.0
DJI_20250929124903_0246_D.JPG,205_Post_Def_rgb,Post_Defoliation,0.016889214515686035,0.047004736959934235,3.169198751449585,1.4277238845825195,0.584533083616754,-0.016813213005661964,0.42933347821235657,0.42181333899497986,0.3974039852619171,7.446987838826453,4702.102579195205,0.029842958138972153,0.007668639569336368,0.2776191604042765,3330.0
DJI_20250929124906_0247_D.JPG,205_Post_Def_rgb,Post_Defoliation,0.017237095162272453,0.0459790974855423,3.0090725421905518,1.3885599374771118,0.5944769356864907,-0.01465494092553854,0.4198652505874634,0.41427385807037354,0.3914453983306885,7.437646187497782,4725.112960188357,0.030296863529548874,0.007785222276876647,0.2741829445843847,3371.0
DJI_20250929124907_0248_D.JPG,205_Post_Def_rgb,Post_Defoliation,0.01731700450181961,0.04656457528471947,2.951467752456665,1.3740870952606201,0.5915924602445077,-0.01580597460269928,0.4270116984844208,0.4202607572078705,0.3961927890777588,7.441173629531239,4702.306617692026,0.02985318699117765,0.007710619929878502,0.2759096185881512,3333.0
DJI_20250929124909_0249_D.JPG,205_Post_Def_rgb,Post_Defoliation,0.016849318519234657,0.04568894952535629,3.1466879844665527,1.4223099946975708,0.5892933537855808,-0.015665479004383087,0.41988736391067505,0.41344860196113586,0.39016056060791016,7.426433109739208,4734.632636680529,0.030608058257642488,0.007844229730828598,0.2722269074443038,3369.0
DJI_20250929124911_0250_D.JPG,205_Post_Def_rgb,Post_Defoliation,0.017020301893353462,0.04645262658596039,3.694770097732544,1.5464491844177246,0.5887663924380304,-0.017943501472473145,0.4254605174064636,0.4173347055912018,0.3921886384487152,7.437395782010813,4764.909449149952,0.030007216216228885,0.007747289417685437,0.27154897827563784,3300.0
DJI_20250929124913_0251_D.JPG,205_Post_Def_rgb,Post_Defoliation,0.015350771136581898,0.045757956802845,4.046539306640625,1.61870276927948,0.5678881522505133,-0.01910380832850933,0.41764742136001587,0.4089575409889221,0.38491684198379517,7.413815422056727,4691.848202819227,0.030626778130201995,0.007941881465082287,0.2739738865423025,3431.0
DJI_20250929124915_0252_D.JPG,205_Post_Def_rgb,Post_Defoliation,0.018563678488135338,0.04660056158900261,4.153615474700928,1.6396985054016113,0.6070877665686184,-0.01553517859429121,0.4198206663131714,0.41341426968574524,0.3884441554546356,7.424018154272319,4692.56347465142,0.030497687295880482,0.007839836546277618,0.27490137219346017,3432.0
DJI_20250929124917_0253_D.JPG,205_Post_Def_rgb,Post_Defoliation,0.017440225929021835,0.04649673402309418,4.082186698913574,1.6257416009902954,0.5924664203970953,-0.016155527904629707,0.4117654860019684,0.4054325819015503,0.3816593885421753,7.4120677246312905,4719.932710830479,0.030806621481848435,0.007940912460308433,0.2728721233410362,3466.0
DJI_20250929124919_0254_D.JPG,205_Post_Def_rgb,Post_Defoliation,0.018362361937761307,0.04842083528637886,3.7914273738861084,1.5668283700942993,0.5916905563470908,-0.01754150725901127,0.4187188744544983,0.41122105717658997,0.3853609263896942,7.417465366055965,4673.930612463308,0.030723731859564767,0.00787833674721896,0.27410467875848027,3356.0
DJI_20250929124922_0255_D.JPG,205_Post_Def_rgb,Post_Defoliation,0.01623961143195629,0.04889427497982979,4.8648176193237305,1.7689714431762695,0.5605707287740908,-0.01957046613097191,0.40857768058776855,0.4004596769809723,0.3761020004749298,7.407929477892192,4659.163106959393,0.031074340835174224,0.00799679003149376,0.2748385966993688,3429.0
DJI_20250929124923_0256_D.JPG,205_Post_Def_rgb,Post_Defoliation,0.019938034936785698,0.051228392869234085,4.737862586975098,1.747086763381958,0.5969764473603579,-0.016201764345169067,0.41588395833969116,0.4096546769142151,0.38348737359046936,7.426218119722485,4590.940767948875,0.03050440526163108,0.007848111829595166,0.28204137697174064,3471.0
DJI_20250929124925_0257_D.JPG,205_Post_Def_rgb,Post_Defoliation,0.02163403481245041,0.05310441181063652,7.953722953796387,2.1920695304870605,0.6089929566136594,-0.016152188181877136,0.41193655133247375,0.40567272901535034,0.3777748942375183,7.4291530300110145,4434.371510365704,0.031638509152832166,0.007845569132288177,0.2961898411772126,3597.0
DJI_20250929124927_0258_D.JPG,205_Post_Def_rgb,Post_Defoliation,0.01814136654138565,0.051408011466264725,8.127495765686035,2.2112913131713867,0.5758034879890921,-0.0194107536226511,0.42530155181884766,0.41658902168273926,0.38973501324653625,7.4896350807800705,4789.283520364483,0.02935984044152381,0.007373692335411169,0.2804144577871708,3326.0
DJI_20250929124929_0259_D.JPG,205_Post_Def_rgb,Post_Defoliation,0.016865581274032593,0.04750733822584152,8.608692169189453,2.2626681327819824,0.5815475916904127,-0.01852843351662159,0.4070812165737152,0.39949047565460205,0.3750340938568115,7.466465736090465,4741.301125244619,0.0303200798433868,0.0076251752446116604,0.2823108257351211,3493.0
DJI_20250929124931_0260_D.JPG,205_Post_Def_rgb,Post_Defoliation,0.017967907711863518,0.047406263649463654,9.7861909866333,2.3782668113708496,0.5970030659221129,-0.01786869950592518,0.41467416286468506,0.4072200059890747,0.3817979395389557,7.4910065442019445,4764.519535072162,0.02991866313718366,0.0074314849674658665,0.2859328667115152,3587.0
DJI_20250929124933_0261_D.JPG,205_Post_Def_rgb,Post_Defoliation,0.017696918919682503,0.046848054975271225,11.199749946594238,2.501415491104126,0.5956547591690413,-0.018410228192806244,0.41266530752182007,0.40487784147262573,0.37939345836639404,7.496226214611287,4781.209909338308,0.02976341046234882,0.007406853766655887,0.29022962545444,3511.0
DJI_20250929124935_0262_D.JPG,205_Post_Def_rgb,Post_Defoliation,0.01706874370574951,0.04756747931241989,11.493672370910645,2.5252223014831543,0.5850765618776236,-0.01951627805829048,0.42095738649368286,0.4121968150138855,0.38636741042137146,7.522422941693697,4757.816329806751,0.029227157236677515,0.007220440150874247,0.2966892332936522,3625.0
DJI_20250929124937_0263_D.JPG,205_Post_Def_rgb,Post_Defoliation,0.020397521555423737,0.04662555828690529,11.488569259643555,2.524813652038574,0.6365241137359439,-0.014517847448587418,0.40720894932746887,0.4021330773830414,0.37665969133377075,7.500964501127385,4724.098134020303,0.02976123706253665,0.007428982554934229,0.2956662359330134,3371.0
DJI_20250929124939_0264_D.JPG,205_Post_Def_rgb,Post_Defoliation,0.01808311976492405,0.04687262699007988,10.568886756896973,2.448319435119629,0.5994666712626773,-0.019501207396388054,0.41943055391311646,0.4107126295566559,0.383911669254303,7.522299734443454,4727.715447651664,0.029401022318526853,0.007253177363457175,0.29653600838910754,3431.0
DJI_20250929124942_0265_D.JPG,205_Post_Def_rgb,Post_Defoliation,0.01928635500371456,0.047762058675289154,13.28183364868164,2.6589882373809814,0.614382736617949,-0.016660546883940697,0.4115968942642212,0.40505853295326233,0.37923377752304077,7.532037618310373,4760.067659919277,0.028975093883857845,0.007193752918158533,0.29760309628101594,3416.0
DJI_20250929124943_0266_D.JPG,205_Post_Def_rgb,Post_Defoliation,0.019093550741672516,0.04918590188026428,21.222476959228516,3.101104259490967,0.6023340552900083,-0.02024402841925621,0.4153591990470886,0.4062374532222748,0.37802210450172424,7.56511282592534,4822.111190527153,0.028666684443464353,0.006988519064000428,0.30484069834698163,3414.0
DJI_20250929124945_0267_D.JPG,205_Post_Def_rgb,Post_Defoliation,0.01749054715037346,0.04768742248415947,47.22709274291992,3.8759210109710693,0.5935232634739712,-0.023811472579836845,0.37771472334861755,0.36732006072998047,0.3394348621368408,7.579817737553235,4641.9314227617415,0.02994484070795296,0.007188234696996795,0.3375191081964184,3610.0
DJI_20250929124947_0268_D.JPG,205_Post_Def_rgb,Post_Defoliation,0.014720523729920387,0.04934331029653549,79.53338623046875,4.388671875,0.5499633755400313,-0.025598205626010895,0.3814118802547455,0.36958280205726624,0.34303319454193115,7.6538532181959456,4759.377985108855,0.028894555598072465,0.006744160383337826,0.3644185178153197,3794.0
DJI_20250929124949_0269_D.JPG,205_Post_Def_rgb,Post_Defoliation,0.011890972033143044,0.04838726669549942,100.78255462646484,4.622838497161865,0.524171425452707,-0.030248841270804405,0.35531431436538696,0.34133222699165344,0.31545916199684143,7.625133522179553,4516.556281341732,0.03132319829647786,0.0071227183864807355,0.39361865054976647,3940.0
DJI_20250929124951_0270_D.JPG,205_Post_Def_rgb,Post_Defoliation,0.02036767266690731,0.05444077029824257,246.7371368408203,5.512368202209473,0.6053559323007629,-0.038462378084659576,0.375000923871994,0.35616061091423035,0.3169526159763336,7.698205582392549,4806.696141909248,0.029263024429540985,0.006458643088612499,0.3809052506961322,3470.0
DJI_20250929124953_0271_D.JPG,205_Post_Def_rgb,Post_Defoliation,0.018575964495539665,0.050347521901130676,405.5920715332031,6.007810592651367,0.6046721799644575,-0.04580163583159447,0.3503551483154297,0.33076515793800354,0.29259923100471497,7.6398524091178395,4792.182840784001,0.02846588607550109,0.00664635801284628,0.33792681985858447,3407.0
DJI_20250929124955_0272_D.JPG,205_Post_Def_rgb,Post_Defoliation,0.017017340287566185,0.05373557284474373,506.13299560546875,6.22877311706543,0.5657703967123203,-0.05026080086827278,0.3978138267993927,0.3733866512775421,0.3319421410560608,7.75246877455927,5435.64703476639,0.02461738655787877,0.005756467837618082,0.31413308851507266,2863.0
DJI_20250929124957_0273_D.JPG,205_Post_Def_rgb,Post_Defoliation,0.017536481842398643,0.05608826130628586,763.6420288085938,6.639407634735107,0.5620767361430279,-0.05623398721218109,0.41640645265579224,0.3885038495063782,0.3430647552013397,7.796946462296777,5705.712558096868,0.023113128813796804,0.0054634345896711406,0.3072445253882164,2789.0
DJI_20250929124959_0274_D.JPG,205_Post_Def_rgb,Post_Defoliation,0.016897648572921753,0.05454938858747482,572.6557006835938,6.352029323577881,0.5586766457548181,-0.05436510965228081,0.39590126276016235,0.3703686594963074,0.32793834805488586,7.745967193139211,5436.592244068004,0.024438782763809293,0.005775399358479749,0.3139975050672989,2593.0
DJI_20250929125001_0275_D.JPG,205_Post_Def_rgb,Post_Defoliation,0.017010079696774483,0.056542109698057175,677.2144775390625,6.519463539123535,0.5512550939118179,-0.05658237263560295,0.41755083203315735,0.3890814483165741,0.3436020314693451,7.78775741791344,5677.296439273483,0.023051893563863748,0.005503044549144053,0.3045900580411603,3128.0
DJI_20250929125003_0276_D.JPG,205_Post_Def_rgb,Post_Defoliation,0.01646275818347931,0.05172664299607277,494.6490783691406,6.205868244171143,0.5650094696969697,-0.0529036745429039,0.38041189312934875,0.3564506471157074,0.31602662801742554,7.702950969725031,5276.132915698386,0.025498061385996043,0.00605777837744512,0.31252497316375244,2639.0
DJI_20250929125005_0277_D.JPG,205_Post_Def_rgb,Post_Defoliation,0.017583075910806656,0.0546901635825634,500.6282653808594,6.217859268188477,0.5629604628182737,-0.049134910106658936,0.4010355770587921,0.37788113951683044,0.3371436893939972,7.764853339860027,5489.781808035714,0.024013073163056946,0.005680034295395559,0.3170244665102493,2926.0
DJI_20250929125008_0278_D.JPG,205_Post_Def_rgb,Post_Defoliation,0.01769326627254486,0.053373489528894424,430.29400634765625,6.0667901039123535,0.5675877838036584,-0.04811839014291763,0.3806062340736389,0.3592511713504791,0.3202028274536133,7.712658895070927,5279.477972877936,0.02565912967565646,0.006015245226494055,0.3158738246405849,3166.0
DJI_20250929125009_0279_D.JPG,205_Post_Def_rgb,Post_Defoliation,0.021252216771245003,0.05805182084441185,577.2093505859375,6.359936237335205,0.5881511972607777,-0.04743171110749245,0.39767900109291077,0.3762659728527069,0.3336006700992584,7.760616789417463,5545.508462267612,0.02388050627044127,0.005688732496291289,0.30707340283295886,3183.0
DJI_20250929125011_0280_D.JPG,205_Post_Def_rgb,Post_Defoliation,0.020773040130734444,0.05719081312417984,497.6503601074219,6.211905002593994,0.5917455169745994,-0.04523168504238129,0.3834627568721771,0.363565593957901,0.322895348072052,7.719572806361237,5455.410538466243,0.024734979830155497,0.005916230264128622,0.29816018110760073,2938.0
DJI_20250929125013_0281_D.JPG,205_Post_Def_rgb,Post_Defoliation,0.020356016233563423,0.06068801507353783,591.95703125,6.385121822357178,0.569104371572142,-0.04889792576432228,0.40205618739128113,0.37975695729255676,0.33710166811943054,7.7606097487858,5664.89179075954,0.0231435816596023,0.005649994526753489,0.2937064434724555,2884.0
DJI_20250929125015_0282_D.JPG,205_Post_Def_rgb,Post_Defoliation,0.02180473506450653,0.058288171887397766,552.0615234375,6.315469264984131,0.6018495591659773,-0.04381706565618515,0.3757208585739136,0.3574499487876892,0.3173743188381195,7.70639450779292,5421.754422241927,0.025279893492253354,0.005999360918888146,0.2971772661446614,3003.0
DJI_20250929125017_0283_D.JPG,205_Post_Def_rgb,Post_Defoliation,0.019535290077328682,0.06076417863368988,542.671630859375,6.298345565795898,0.5633470543401661,-0.046886153519153595,0.40382224321365356,0.38192129135131836,0.3404850661754608,7.765091115144027,5695.293782870597,0.023623452237039155,0.005630353380247183,0.29375490156107953,3177.0
DJI_20250929125020_0284_D.JPG,205_Post_Def_rgb,Post_Defoliation,0.01947314664721489,0.05714590102434158,421.077880859375,6.04518985748291,0.5798999697429298,-0.043267302215099335,0.37466761469841003,0.35580477118492126,0.3174688518047333,7.695369497199158,5371.281704837328,0.02534380160535808,0.006098926388491613,0.2986831565322546,3191.0
DJI_20250929125021_0285_D.JPG,205_Post_Def_rgb,Post_Defoliation,0.019524844363331795,0.05909009277820587,546.9671630859375,6.306215286254883,0.5714435016239238,-0.04669859632849693,0.39864057302474976,0.37725088000297546,0.3363363742828369,7.767481658009795,5664.781731592466,0.02377894248267736,0.005662103093278557,0.30577220227683716,3083.0
DJI_20250929125024_0286_D.JPG,205_Post_Def_rgb,Post_Defoliation,0.021036457270383835,0.0565076507627964,474.6732482910156,6.164731025695801,0.6021657263994853,-0.04290419816970825,0.39294949173927307,0.3733383119106293,0.3326907157897949,7.751580082770095,5606.497997186888,0.02414659300793999,0.005747891838438475,0.3033290374418029,3124.0
DJI_20250929125025_0287_D.JPG,205_Post_Def_rgb,Post_Defoliation,0.018462395295500755,0.05625402554869652,526.320556640625,6.267808437347412,0.5699040295523485,-0.04699806869029999,0.40373554825782776,0.3815796375274658,0.3409613370895386,7.775510370590106,5726.63882858366,0.02389527912031301,0.005598301617407026,0.30247944584813247,2939.0
DJI_20250929125027_0288_D.JPG,205_Post_Def_rgb,Post_Defoliation,0.018331004306674004,0.05345436558127403,466.09063720703125,6.146523475646973,0.5818242619572878,-0.045339494943618774,0.3883129954338074,0.36735206842422485,0.3280601501464844,7.7413530423673445,5523.491656219422,0.02478994465115042,0.005812523899906861,0.3059616492368227,3085.0
DJI_20250929125029_0289_D.JPG,205_Post_Def_rgb,Post_Defoliation,0.02025577798485756,0.054009970277547836,475.2516174316406,6.1659464836120605,0.6014307476943347,-0.04125606268644333,0.39780715107917786,0.3783609867095947,0.33865904808044434,7.765697528678779,5675.841074486302,0.0237033452021765,0.005633328035660613,0.29713708367112535,3068.0
DJI_20250929125031_0290_D.JPG,205_Post_Def_rgb,Post_Defoliation,0.018948663026094437,0.04879888892173767,374.884033203125,5.929280757904053,0.6128327320219383,-0.03774147108197212,0.3680114448070526,0.35182908177375793,0.3166980445384979,7.687849928456147,5357.146954500979,0.02529836642525735,0.006097798683850791,0.28764532646337504,3061.0
DJI_20250929125033_0291_D.JPG,205_Post_Def_rgb,Post_Defoliation,0.02129529044032097,0.053092993795871735,239.65121459960938,5.483348846435547,0.6174841820633024,-0.03099825419485569,0.39777806401252747,0.3830100893974304,0.3469467759132385,7.745136109547847,5460.09578339041,0.024226800357245205,0.005759334235218463,0.29561995747567565,3122.0
DJI_20250929125035_0292_D.JPG,205_Post_Def_rgb,Post_Defoliation,0.010132217779755592,0.04669518768787384,76.7035903930664,4.352901458740234,0.5054341602322517,-0.023999085649847984,0.3835999369621277,0.37305453419685364,0.35237687826156616,7.6754999937095905,5205.276865979697,0.025060274271756416,0.006194207206843113,0.2869109773428064,3270.0
DJI_20250929125037_0293_D.JPG,205_Post_Def_rgb,Post_Defoliation,0.013378521427512169,0.048536159098148346,38.0599365234375,3.665097236633301,0.5365513546741428,-0.01723163202404976,0.4080623686313629,0.4002563953399658,0.3790718913078308,7.67722098118609,5233.493555834149,0.025005256271020532,0.00613330484490557,0.28058421529086947,3246.0
DJI_20250929125039_0294_D.JPG,205_Post_Def_rgb,Post_Defoliation,0.01189205888658762,0.04871588572859764,52.318870544433594,3.976290225982666,0.5121665019762845,-0.02184464782476425,0.39587143063545227,0.38601449131965637,0.3642655313014984,7.670028237609479,5084.423510885518,0.02568032490301824,0.006274700417465202,0.3040310340708759,3286.0
DJI_20250929125042_0295_D.JPG,205_Post_Def_rgb,Post_Defoliation,0.01007681991904974,0.05049863085150719,103.61994171142578,4.650334358215332,0.4902386957287741,-0.028376925736665726,0.3993929624557495,0.38534170389175415,0.36121365427970886,7.7217107945036565,5213.3363006054315,0.025782354162938594,0.0059760245977172975,0.31670617987474375,3281.0
DJI_20250929125043_0296_D.JPG,205_Post_Def_rgb,Post_Defoliation,0.009673663415014744,0.0477767214179039,66.1420669555664,4.20681095123291,0.4971848955939578,-0.026438070461153984,0.39280983805656433,0.38044673204421997,0.35840997099876404,7.686600761305019,5102.245317851027,0.025570394281654703,0.0061357511649527486,0.2994214680728299,3211.0
DJI_20250929125045_0297_D.JPG,205_Post_Def_rgb,Post_Defoliation,0.008279036730527878,0.048368774354457855,45.05280685424805,3.8297886848449707,0.4760828392621871,-0.024882473051548004,0.4141593873500824,0.4021012485027313,0.3817639648914337,7.700716598057916,5207.626135182241,0.024893765170030897,0.005989831577958349,0.288627782900877,3253.0
DJI_20250929125047_0298_D.JPG,205_Post_Def_rgb,Post_Defoliation,0.013403440825641155,0.04718847945332527,33.70940017700195,3.547010660171509,0.5377867240401998,-0.019080469384789467,0.40216267108917236,0.3941439688205719,0.3727218210697174,7.630335683163323,4952.772715111301,0.026364267518300663,0.006463754133534887,0.2873031712682076,3401.0
DJI_20250929125049_0299_D.JPG,205_Post_Def_rgb,Post_Defoliation,0.016821658238768578,0.050223466008901596,30.043895721435547,3.4354021549224854,0.5718953469222049,-0.017367633059620857,0.4144960641860962,0.4068201780319214,0.3823226988315582,7.631912925470294,4983.309751865215,0.026201682859512087,0.006410418767679159,0.2831258146189352,3100.0
DJI_20250929125051_0300_D.JPG,205_Post_Def_rgb,Post_Defoliation,0.015391776338219643,0.049337778240442276,18.439661026000977,2.967315435409546,0.5527698624260808,-0.0175869632512331,0.40921586751937866,0.40182480216026306,0.3790419399738312,7.577110380437784,4882.389505106408,0.027170404674595732,0.006816078983885576,0.2758756545242927,3293.0
DJI_20250929125054_0301_D.JPG,205_Post_Def_rgb,Post_Defoliation,0.019118644297122955,0.05126061290502548,9.703507423400879,2.3705713748931885,0.590476443530349,-0.014498786069452763,0.42637306451797485,0.42063942551612854,0.3957870900630951,7.543513344862608,4862.176591548436,0.02738786982822143,0.006934467139856134,0.2647126964908764,3176.0
DJI_20250929125056_0302_D.JPG,205_Post_Def_rgb,Post_Defoliation,0.01872982271015644,0.0509788952767849,8.675724983215332,2.269620180130005,0.5854300238226553,-0.015452414751052856,0.42268529534339905,0.4163927733898163,0.39137035608291626,7.51022432071405,4826.090459118151,0.027426287710808926,0.007174347524178155,0.2590244726830295,3226.0
DJI_20250929125058_0303_D.JPG,205_Post_Def_rgb,Post_Defoliation,0.01782093197107315,0.051412828266620636,7.849931240081787,2.1804096698760986,0.5709808365505408,-0.017611170187592506,0.4291437864303589,0.4212891161441803,0.39561349153518677,7.522178234416471,4812.366904659981,0.027591911558238806,0.007081218939805067,0.2654452911438855,3125.0
DJI_20250929125059_0304_D.JPG,205_Post_Def_rgb,Post_Defoliation,0.018471967428922653,0.05005775764584541,8.608267784118652,2.2626240253448486,0.5901527120292919,-0.015247455798089504,0.4209964871406555,0.4150390923023224,0.39060983061790466,7.507181305852379,4772.070583873533,0.02796778859009123,0.007211520097720995,0.2656564959037966,3197.0
DJI_20250929125102_0305_D.JPG,205_Post_Def_rgb,Post_Defoliation,0.017052335664629936,0.050211455672979355,8.708381652832031,2.272989511489868,0.5709667612678861,-0.0190446674823761,0.43086057901382446,0.42192018032073975,0.39592745900154114,7.523230157577426,4784.45846456091,0.027112826332314276,0.007069930202756557,0.2670387157703517,3302.0
DJI_20250929125103_0306_D.JPG,205_Post_Def_rgb,Post_Defoliation,0.01976705528795719,0.04928330332040787,7.9006757736206055,2.186127185821533,0.6144823647240861,-0.015624906867742538,0.42757320404052734,0.4208710491657257,0.39440181851387024,7.511077731609994,4763.688344697897,0.02788209413047479,0.007142493651851892,0.26048405751889303,3429.0
DJI_20250929125106_0307_D.JPG,205_Post_Def_rgb,Post_Defoliation,0.01903829723596573,0.04921332374215126,8.89830493927002,2.292363405227661,0.6065080947237798,-0.016306597739458084,0.4263817369937897,0.41915395855903625,0.3928879499435425,7.513328763825352,4745.981095584639,0.027485148437204225,0.007118898852953434,0.2597564101317128,3355.0
DJI_20250929125108_0308_D.JPG,205_Post_Def_rgb,Post_Defoliation,0.01766858622431755,0.04861026629805565,9.74221420288086,2.3741812705993652,0.5930155957961822,-0.01631845533847809,0.42203211784362793,0.4148639738559723,0.3900272846221924,7.517295112999416,4732.56889447774,0.02735436304166964,0.0071105006762567395,0.25848281053623606,3278.0
DJI_20250929125114_0309_D.JPG,205_Post_Def_rgb,Post_Defoliation,0.015155056491494179,0.03911874070763588,6.041660308837891,1.9518439769744873,0.612535475457303,-0.015275628305971622,0.4237297773361206,0.416360080242157,0.39383524656295776,7.5860380537154315,5737.217278467466,0.02523136909501124,0.006607965052038632,0.154635620823551,2397.0
DJI_20250929125116_0310_D.JPG,205_Post_Def_rgb,Post_Defoliation,0.014198561199009418,0.03891070932149887,5.711783409118652,1.9038647413253784,0.6006663257958759,-0.016256503760814667,0.4285151958465576,0.42056795954704285,0.3984221816062927,7.589349714567543,5897.429622523239,0.02488606997206716,0.006591275053822754,0.15071059046161908,2295.0
DJI_20250929125118_0311_D.JPG,205_Post_Def_rgb,Post_Defoliation,0.018993835896253586,0.04037368297576904,5.849055290222168,1.924110770225525,0.6660357684529828,-0.013410650193691254,0.43865513801574707,0.43230077624320984,0.40695255994796753,7.597620699941067,6128.370271985079,0.02477260962080834,0.006512338372259024,0.15121838316064332,2239.0
DJI_20250929125120_0312_D.JPG,205_Post_Def_rgb,Post_Defoliation,0.01729031838476658,0.03700150176882744,3.9917571544647217,1.6077879667282104,0.659745649109906,-0.011180001311004162,0.41256314516067505,0.4079647958278656,0.38607603311538696,7.5144238099909,5401.208147321429,0.026583836980473285,0.007115749158441997,0.15450098772400864,2424.0
DJI_20250929125122_0313_D.JPG,205_Post_Def_rgb,Post_Defoliation,0.017114844173192978,0.03800053894519806,3.087956428527832,1.4080451726913452,0.6499494917578209,-0.011439584195613861,0.4300224483013153,0.4250810444355011,0.4030248522758484,7.551744159166649,5876.0614985934435,0.02588888734587076,0.006882399143599052,0.15418663527928037,2565.0
DJI_20250929125124_0314_D.JPG,205_Post_Def_rgb,Post_Defoliation,0.017282113432884216,0.036211464554071426,2.6937992572784424,1.3066555261611938,0.6644981635107393,-0.007866324856877327,0.4183523952960968,0.4159354567527771,0.39623647928237915,7.527170685381597,5670.741235781555,0.027155567802107032,0.007071318134790265,0.15945646404259525,2375.0
DJI_20250929125126_0315_D.JPG,205_Post_Def_rgb,Post_Defoliation,0.01619463972747326,0.03646671026945114,2.8307204246520996,1.343052864074707,0.6457771279529368,-0.010610489174723625,0.4269031286239624,0.42235150933265686,0.4016052484512329,7.5516388294359365,5860.6043335677605,0.026009612075044722,0.006911073195927109,0.15879729501216697,2509.0
DJI_20250929125128_0316_D.JPG,205_Post_Def_rgb,Post_Defoliation,0.01566120609641075,0.036216218024492264,2.7200088500976562,1.3137260675430298,0.637246501286883,-0.009698613546788692,0.4261513948440552,0.4221923053264618,0.40257203578948975,7.555772464937598,5870.150348581214,0.02616189086787678,0.006874593447184845,0.16100882509285988,2406.0
DJI_20250929125130_0317_D.JPG,205_Post_Def_rgb,Post_Defoliation,0.017096569761633873,0.036744870245456696,3.3142008781433105,1.4619121551513672,0.655727347412446,-0.009723538532853127,0.4322439432144165,0.4282744526863098,0.40720847249031067,7.582638293803987,6025.722633317025,0.02538683353854113,0.006698145270234409,0.16675633991811056,2223.0
DJI_20250929125132_0318_D.JPG,205_Post_Def_rgb,Post_Defoliation,0.0211379025131464,0.03695438802242279,3.877728223800659,1.5846796035766602,0.7194254699420902,-0.005396784748882055,0.4285247027873993,0.4274110794067383,0.4051595628261566,7.58382023101564,6067.079948171478,0.02541543345920435,0.006689771929629112,0.16781197828121203,2065.0
DJI_20250929125134_0319_D.JPG,205_Post_Def_rgb,Post_Defoliation,0.019909478724002838,0.03800980746746063,4.113988399505615,1.6319795846939087,0.6936462546343107,-0.008338073268532753,0.4364745020866394,0.43343621492385864,0.41048839688301086,7.607976936108695,6182.247962787426,0.025226620657781928,0.006534529115601504,0.1743127928104043,1932.0
DJI_20250929125136_0320_D.JPG,205_Post_Def_rgb,Post_Defoliation,0.020674077793955803,0.03924919292330742,4.750643730163574,1.7493118047714233,0.6963312823635751,-0.00809169840067625,0.44171828031539917,0.4390721321105957,0.4157518744468689,7.621570909864098,6396.16299229452,0.02501671569955022,0.0064178506235015665,0.17818599145997432,2157.0
DJI_20250929125138_0321_D.JPG,205_Post_Def_rgb,Post_Defoliation,0.02158840373158455,0.03915025293827057,5.928823471069336,1.9356900453567505,0.710964070686644,-0.00775945745408535,0.4371238946914673,0.4347947835922241,0.41087716817855835,7.623387754483519,6384.169551125244,0.02533293856113319,0.006448122252445795,0.18194630526603645,2067.0
DJI_20250929125140_0322_D.JPG,205_Post_Def_rgb,Post_Defoliation,0.020285524427890778,0.03749103471636772,8.080260276794434,2.2061028480529785,0.705219727609768,-0.008295889012515545,0.4270681142807007,0.4245680570602417,0.40178248286247253,7.632963728996063,6211.799772199121,0.025287270444441408,0.0064390817979509815,0.18496294162011095,2202.0
DJI_20250929125142_0323_D.JPG,205_Post_Def_rgb,Post_Defoliation,0.018842285498976707,0.03690046817064285,14.45426082611084,2.737884759902954,0.6899317205165916,-0.012572608888149261,0.4154514670372009,0.41032150387763977,0.38634923100471497,7.628798907864422,5940.10299581091,0.025595032588791377,0.0065081729723825,0.19076544957644936,2350.0
DJI_20250929125144_0324_D.JPG,205_Post_Def_rgb,Post_Defoliation,0.02044626697897911,0.041740573942661285,36.487403869628906,3.624005079269409,0.6833360143395533,-0.015734318643808365,0.45281314849853516,0.44528210163116455,0.4173049330711365,7.7308279018207156,6630.544730766878,0.02294996031870485,0.005737011054257547,0.18514365336825553,2161.0
DJI_20250929125146_0325_D.JPG,205_Post_Def_rgb,Post_Defoliation,0.015722543001174927,0.03899315372109413,19.022720336914062,2.9968676567077637,0.6283853927291111,-0.015326013788580894,0.4216524362564087,0.4149743914604187,0.3925737738609314,7.6490757985639135,6380.088593902887,0.024808074396644463,0.006315465050112798,0.1717635268928292,2248.0
DJI_20250929125148_0326_D.JPG,205_Post_Def_rgb,Post_Defoliation,0.014538842253386974,0.03979631885886192,17.846281051635742,2.9363155364990234,0.6043908658118087,-0.016403784975409508,0.435956746339798,0.428305059671402,0.4061146080493927,7.677720183999404,6591.6857265166345,0.023471395956449346,0.006068584755361994,0.16775029304925185,2245.0
DJI_20250929125150_0327_D.JPG,205_Post_Def_rgb,Post_Defoliation,0.016671065241098404,0.03960024192929268,13.768732070922852,2.692512273788452,0.6360769123234365,-0.012345756404101849,0.43418169021606445,0.42907923460006714,0.40730568766593933,7.678604699765445,6651.113564090019,0.023767879822366188,0.006065919284964105,0.16501956479103516,2111.0
DJI_20250929125152_0328_D.JPG,205_Post_Def_rgb,Post_Defoliation,0.017930591478943825,0.0405263751745224,12.404135704040527,2.5955634117126465,0.6524357420259215,-0.01434287615120411,0.43471065163612366,0.42811763286590576,0.40359407663345337,7.657269449125363,6569.248547578279,0.024187768094798532,0.006191762157779189,0.16093291854965242,2107.0
DJI_20250929125154_0329_D.JPG,205_Post_Def_rgb,Post_Defoliation,0.017979435622692108,0.04068823158740997,10.09769058227539,2.4067370891571045,0.6499876482213439,-0.013207297772169113,0.4330419600009918,0.4270995259284973,0.4031776487827301,7.637035918072118,6472.564682454745,0.0241049366671382,0.006314894820887189,0.1590957519639549,2167.0
DJI_20250929095743_0311_D.JPG,Part_one_pre_def_rgb,Pre_Defoliation,0.09433051198720932,0.1144704669713974,2691.723388671875,7.898308277130127,0.7883671140117046,-0.020098429173231125,0.3811357021331787,0.3704656660556793,0.26546511054039,7.678584931678996,5058.484745749756,0.023346485331550933,0.005873480450674824,0.2214731308292062,3664.0
DJI_20250929095745_0312_D.JPG,Part_one_pre_def_rgb,Pre_Defoliation,0.09940071403980255,0.11310023069381714,3612.4453125,8.19241714477539,0.8208501374973189,-0.02753140591084957,0.37654441595077515,0.3619803786277771,0.24801567196846008,7.6452406971492834,4809.993693431996,0.024493804912746518,0.006077109649604103,0.22595775416439184,4356.0
DJI_20250929095747_0313_D.JPG,Part_one_pre_def_rgb,Pre_Defoliation,0.09441275894641876,0.11123094707727432,3380.6337890625,8.126113891601562,0.8067471830284646,-0.03159010410308838,0.3902309834957123,0.37274762988090515,0.26085150241851807,7.681516992754842,5007.133401113013,0.023110620037102177,0.0058527491640899725,0.22313246390120342,3582.0
DJI_20250929095749_0314_D.JPG,Part_one_pre_def_rgb,Pre_Defoliation,0.08853401988744736,0.10859032720327377,3322.777587890625,8.108857154846191,0.790907080154426,-0.038901932537555695,0.38382530212402344,0.36288198828697205,0.2534046769142151,7.653021275047775,4806.964805528376,0.023943252112196882,0.00600740833214314,0.22443107078255625,3366.0
DJI_20250929095751_0315_D.JPG,Part_one_pre_def_rgb,Pre_Defoliation,0.09260230511426926,0.10977432876825333,3747.847900390625,8.229204177856445,0.8083163855440144,-0.03748291730880737,0.3955491781234741,0.37469083070755005,0.2612301707267761,7.692760255114772,5106.969166615704,0.022811670984415583,0.005819432771911616,0.22830581725660598,2673.0
DJI_20250929095753_0316_D.JPG,Part_one_pre_def_rgb,Pre_Defoliation,0.08978748321533203,0.10612105578184128,3343.033447265625,8.114933013916016,0.812577653430156,-0.03518332168459892,0.37593916058540344,0.3574122190475464,0.2490977644920349,7.637624126516739,4750.394630626224,0.023907790142151657,0.0060978567810063234,0.22527348737688832,3928.0
DJI_20250929095755_0317_D.JPG,Part_one_pre_def_rgb,Pre_Defoliation,0.09525462985038757,0.11072421073913574,3854.787353515625,8.257330894470215,0.8182032662315777,-0.033161308616399765,0.39410990476608276,0.3755153715610504,0.2616661489009857,7.691499473612421,5120.111496300146,0.022793660785359354,0.0058136805556392125,0.22608014195076614,4123.0
DJI_20250929095757_0318_D.JPG,Part_one_pre_def_rgb,Pre_Defoliation,0.08491487801074982,0.10585624724626541,3309.055419921875,8.104720115661621,0.7911586638631002,-0.03876526653766632,0.37449073791503906,0.35428985953330994,0.24917414784431458,7.632284043261928,4661.534831366193,0.024140524749521833,0.006136277927848757,0.23153362575652153,4136.0
DJI_20250929095759_0319_D.JPG,Part_one_pre_def_rgb,Pre_Defoliation,0.0935869961977005,0.10916835814714432,3761.88525390625,8.232941627502441,0.8173716276771762,-0.03556939959526062,0.3935750722885132,0.3738287687301636,0.2604955732822418,7.681214859363838,4982.3758064762715,0.0235561177555048,0.005854139938996527,0.22758050783843703,3942.0
DJI_20250929095801_0320_D.JPG,Part_one_pre_def_rgb,Pre_Defoliation,0.09206894785165787,0.10686885565519333,3888.808837890625,8.266115188598633,0.8213638853142139,-0.03516979515552521,0.3733845353126526,0.35509663820266724,0.2447398155927658,7.634271638363371,4690.472327544032,0.024456471029309937,0.006124406753465791,0.2288514920995368,4257.0
DJI_20250929095803_0321_D.JPG,Part_one_pre_def_rgb,Pre_Defoliation,0.10189183056354523,0.10992580652236938,4127.267578125,8.325613021850586,0.8465176601709716,-0.029616501182317734,0.38992172479629517,0.3734114468097687,0.25500938296318054,7.679119453133245,4985.132048067515,0.023069466365492102,0.005871685611883207,0.22902248998583877,4110.0
DJI_20250929095805_0322_D.JPG,Part_one_pre_def_rgb,Pre_Defoliation,0.10748414695262909,0.11144208163022995,3674.953125,8.20956802368164,0.8575768587033122,-0.023997455835342407,0.4033765494823456,0.3889990746974945,0.2671375274658203,7.712098480202582,5189.684289383562,0.02280573344346412,0.005681109280649707,0.23090768799352737,4081.0
DJI_20250929095807_0323_D.JPG,Part_one_pre_def_rgb,Pre_Defoliation,0.10346036404371262,0.11031686514616013,2911.47314453125,7.976758003234863,0.8432597109875295,-0.018702909350395203,0.39299121499061584,0.38171881437301636,0.26698604226112366,7.6963099161884525,5121.311483304794,0.02346953726837266,0.005784678364979295,0.23037958396645786,4012.0
DJI_20250929095809_0324_D.JPG,Part_one_pre_def_rgb,Pre_Defoliation,0.10402955114841461,0.11327466368675232,2705.2734375,7.903327941894531,0.8270612629071299,-0.015746794641017914,0.406769722700119,0.39724770188331604,0.28369614481925964,7.7356710782575355,5467.922757919521,0.022145348395641504,0.00555350599063715,0.22627495241093834,3902.0
DJI_20250929095811_0325_D.JPG,Part_one_pre_def_rgb,Pre_Defoliation,0.1003798171877861,0.1117345318198204,2257.05517578125,7.722259044647217,0.8182610993657505,-0.013828755356371403,0.39490413665771484,0.3865159749984741,0.2777480185031891,7.703259442135828,5183.317851027397,0.02329253148046469,0.005736216511524759,0.2325336538727926,3926.0
DJI_20250929095813_0326_D.JPG,Part_one_pre_def_rgb,Pre_Defoliation,0.11269664764404297,0.12099462002515793,3086.42919921875,8.035094261169434,0.8356277001562643,-0.01837638020515442,0.4135034680366516,0.40340572595596313,0.2806113362312317,7.717735334173485,5259.624113258316,0.022920174892641303,0.0056362298424877935,0.23134857176956045,4459.0
DJI_20250929095815_0327_D.JPG,Part_one_pre_def_rgb,Pre_Defoliation,0.11106967180967331,0.12119489163160324,3087.790283203125,8.035534858703613,0.8381183070594723,-0.018562860786914825,0.3990148603916168,0.3893418610095978,0.26859918236732483,7.68082629792048,4936.747270976027,0.023505738106374286,0.005846979128788386,0.23908157541159245,4230.0
DJI_20250929095817_0328_D.JPG,Part_one_pre_def_rgb,Pre_Defoliation,0.10616141557693481,0.12248305976390839,3481.333251953125,8.155457496643066,0.8147250915372124,-0.026396537199616432,0.4023648798465729,0.3888276219367981,0.2691289484500885,7.700780843070309,5102.019523605676,0.02279261421800132,0.005768437114648563,0.24445034681250233,4235.0
DJI_20250929095819_0329_D.JPG,Part_one_pre_def_rgb,Pre_Defoliation,0.09627890586853027,0.11686470359563828,3393.73193359375,8.129980087280273,0.7998162074486013,-0.03280296549201012,0.38704466819763184,0.37060219049453735,0.2578808069229126,7.666544347010905,4817.651770425637,0.02366812219043645,0.005974984945695367,0.25147828371415093,3904.0
DJI_20250929095821_0330_D.JPG,Part_one_pre_def_rgb,Pre_Defoliation,0.09092840552330017,0.11266473680734634,3204.483642578125,8.07261848449707,0.7939025779789809,-0.035350508987903595,0.3937937915325165,0.3748961091041565,0.26506996154785156,7.683386981788863,4899.280600232388,0.02350373128472335,0.005893534642294491,0.25439103215867837,4657.0
DJI_20250929095823_0331_D.JPG,Part_one_pre_def_rgb,Pre_Defoliation,0.08573928475379944,0.10822924971580505,3567.703125,8.179957389831543,0.7949004389190183,-0.03959520533680916,0.3691551089286804,0.34950900077819824,0.24412362277507782,7.624505469778436,4487.628256482387,0.025117197317710192,0.006260773807432567,0.264065949150434,3907.0
DJI_20250929095825_0332_D.JPG,Part_one_pre_def_rgb,Pre_Defoliation,0.07702638953924179,0.11176140606403351,3518.301025390625,8.166017532348633,0.7238015902196893,-0.05177218094468117,0.40119490027427673,0.3733505606651306,0.2684798538684845,7.699716476810229,4984.139042624755,0.023416805432969583,0.005797149492105514,0.2519207427066732,3812.0
DJI_20250929095827_0333_D.JPG,Part_one_pre_def_rgb,Pre_Defoliation,0.07999244332313538,0.11123193055391312,3057.4697265625,8.025670051574707,0.7476632637037718,-0.044387832283973694,0.3832854926586151,0.3604571521282196,0.2576363682746887,7.655126040838061,4651.182385946673,0.02413548937395943,0.006052186315336909,0.25914566166515896,4052.0
DJI_20250929095829_0334_D.JPG,Part_one_pre_def_rgb,Pre_Defoliation,0.09006591141223907,0.11791060119867325,3634.647705078125,8.198542594909668,0.7729659301559579,-0.04159471020102501,0.40393656492233276,0.3817305266857147,0.269458532333374,7.716781811563465,5145.833296385765,0.022895958448675344,0.005702889850653965,0.245062446118489,4608.0
DJI_20250929095831_0335_D.JPG,Part_one_pre_def_rgb,Pre_Defoliation,0.08344562351703644,0.11258353292942047,2987.739990234375,8.002607345581055,0.762217871970463,-0.04117933660745621,0.3873063325881958,0.3656363785266876,0.2605208158493042,7.678527353855648,4773.227422486546,0.023860379074805392,0.005938067311477189,0.25944724790535106,3700.0
DJI_20250929095833_0336_D.JPG,Part_one_pre_def_rgb,Pre_Defoliation,0.08742983639240265,0.11494714021682739,3406.27587890625,8.133667945861816,0.774861688804118,-0.044093068689107895,0.40124794840812683,0.37655171751976013,0.2644256353378296,7.710754135050651,5017.939667166096,0.02341000724025114,0.00579376474876906,0.2607236262281616,2889.0
DJI_20250929095835_0337_D.JPG,Part_one_pre_def_rgb,Pre_Defoliation,0.08180795609951019,0.10890081524848938,2819.787353515625,7.9447712898254395,0.7713562252964427,-0.041134417057037354,0.3810781240463257,0.35927972197532654,0.255673348903656,7.66137654483031,4571.153857326321,0.025328793667493965,0.006064026619754798,0.27363028539692485,4342.0
DJI_20250929095837_0338_D.JPG,Part_one_pre_def_rgb,Pre_Defoliation,0.09152807295322418,0.11597879230976105,3437.6669921875,8.142839431762695,0.793078790942795,-0.03817928582429886,0.40228646993637085,0.380532830953598,0.2672511339187622,7.7253532740364435,5131.753279415361,0.023794561006628138,0.005739457656582732,0.26223331942677075,3889.0
DJI_20250929095839_0339_D.JPG,Part_one_pre_def_rgb,Pre_Defoliation,0.08877900242805481,0.10863617807626724,2813.972412109375,7.942707538604736,0.8107294826423997,-0.03123246319591999,0.3789437711238861,0.36134248971939087,0.25496217608451843,7.660544458746053,4563.415193860078,0.02482023715165236,0.006079686713498777,0.2757730622159309,3956.0
DJI_20250929095841_0340_D.JPG,Part_one_pre_def_rgb,Pre_Defoliation,0.09595215320587158,0.11514177918434143,3706.961181640625,8.21823787689209,0.8138752604406042,-0.03258872404694557,0.39505985379219055,0.3759109675884247,0.26080989837646484,7.7113340624403675,4971.1026403498045,0.024005233396683007,0.0058146981721122855,0.27005125114559625,4609.0
DJI_20250929095843_0341_D.JPG,Part_one_pre_def_rgb,Pre_Defoliation,0.10063325613737106,0.11304835975170135,3698.201171875,8.215871810913086,0.8453366769310905,-0.02635861188173294,0.37463292479515076,0.35969606041908264,0.24412593245506287,7.650022804491114,4492.4985743334155,0.025611743766996497,0.006146175044517508,0.2805196185686369,4401.0
DJI_20250929095845_0342_D.JPG,Part_one_pre_def_rgb,Pre_Defoliation,0.10886427015066147,0.11609197407960892,4170.796875,8.336102485656738,0.8625424173484082,-0.021268056705594063,0.3842466175556183,0.37148696184158325,0.24986299872398376,7.682869227109983,4723.600702513453,0.024962320164015683,0.005946666304306693,0.2741429044071407,3777.0
DJI_20250929095847_0343_D.JPG,Part_one_pre_def_rgb,Pre_Defoliation,0.10017149895429611,0.11296965926885605,3222.902099609375,8.078348159790039,0.838291184085547,-0.015714110806584358,0.3618098199367523,0.3522671163082123,0.24255293607711792,7.630412932494922,4411.009058524951,0.02592034070321414,0.006253947791219359,0.2754826703791138,4316.0
DJI_20250929095849_0344_D.JPG,Part_one_pre_def_rgb,Pre_Defoliation,0.09904555976390839,0.11693592369556427,3257.466796875,8.089012145996094,0.8025869316266814,-0.02030245214700699,0.3816356360912323,0.3689292371273041,0.2571772336959839,7.672876714056426,4643.35666508684,0.02460307312893145,0.005968489901664269,0.2710064574535652,4444.0
DJI_20250929095851_0345_D.JPG,Part_one_pre_def_rgb,Pre_Defoliation,0.1101706400513649,0.11824972182512283,3881.368408203125,8.264200210571289,0.8537237261390447,-0.011950865387916565,0.35784712433815,0.3510552644729614,0.23409277200698853,7.609418817587898,4261.673128669276,0.0258845109916183,0.00631827958578474,0.27266741018346613,4017.0
DJI_20250929095853_0346_D.JPG,Part_one_pre_def_rgb,Pre_Defoliation,0.12450898438692093,0.12581148743629456,5185.240234375,8.553764343261719,0.8780504584520636,-0.010867409408092499,0.3807756006717682,0.37459027767181396,0.243896022439003,7.676035033932328,4703.252537915851,0.024363488909008482,0.005947684501897509,0.26732595139056103,4448.0
DJI_20250929095855_0347_D.JPG,Part_one_pre_def_rgb,Pre_Defoliation,0.10617133975028992,0.12201737612485886,4187.857421875,8.34018325805664,0.8230989272145112,-0.019963648170232773,0.35913342237472534,0.34973299503326416,0.23416118323802948,7.612591971211148,4298.204340447652,0.025952240537437846,0.0063110724930947595,0.2739404608106502,4502.0
DJI_20250929095857_0348_D.JPG,Part_one_pre_def_rgb,Pre_Defoliation,0.10679261386394501,0.1245758980512619,4218.43896484375,8.347457885742188,0.8149570464503477,-0.02392793446779251,0.38464123010635376,0.3721581697463989,0.2528825104236603,7.675691991097499,4683.383817728718,0.02431616215050966,0.005935715494725134,0.26976486628873103,4396.0
DJI_20250929095859_0349_D.JPG,Part_one_pre_def_rgb,Pre_Defoliation,0.09666276723146439,0.11902107298374176,3371.0478515625,8.123275756835938,0.8023265388975702,-0.026302125304937363,0.3601004481315613,0.3477514982223511,0.2387397289276123,7.6094058938302,4255.861026174169,0.025766911132717778,0.006353875149537392,0.28227006568817153,4499.0
DJI_20250929095901_0350_D.JPG,Part_one_pre_def_rgb,Pre_Defoliation,0.08770611137151718,0.11741489171981812,3225.751708984375,8.079231262207031,0.7621856998958237,-0.03692095726728439,0.38008779287338257,0.36085963249206543,0.2539253234863281,7.661614437700666,4569.791554549903,0.02468540139907036,0.006065231658821701,0.28124690510097783,4147.0
DJI_20250929095903_0351_D.JPG,Part_one_pre_def_rgb,Pre_Defoliation,0.08645394444465637,0.11203538626432419,2824.410400390625,7.946408748626709,0.7878887937770016,-0.03099033050239086,0.35453131794929504,0.33987554907798767,0.2387658655643463,7.597872437543419,4177.297008775684,0.026500138620190034,0.006488160967155382,0.29714707520133943,4404.0
DJI_20250929095905_0352_D.JPG,Part_one_pre_def_rgb,Pre_Defoliation,0.08758843690156937,0.11080542206764221,3351.15478515625,8.117358207702637,0.7877951979348592,-0.03632064163684845,0.3725186586380005,0.35424917936325073,0.2483912706375122,7.64714077241098,4507.438260610324,0.02540190267185228,0.006197731545044081,0.29202350136436683,4312.0
DJI_20250929095907_0353_D.JPG,Part_one_pre_def_rgb,Pre_Defoliation,0.08368983864784241,0.10729467868804932,2983.615478515625,8.001226425170898,0.7793225959034225,-0.03670353814959526,0.35822001099586487,0.34103840589523315,0.24016688764095306,7.608256866851531,4323.555723306017,0.02625251232471952,0.006434947302054916,0.2899311873746436,4867.0
DJI_20250929095909_0354_D.JPG,Part_one_pre_def_rgb,Pre_Defoliation,0.08775199949741364,0.11053428798913956,3187.616455078125,8.067342758178711,0.7833220348071207,-0.03466907516121864,0.37890881299972534,0.3615761995315552,0.25649160146713257,7.668962008995164,4732.71467175269,0.024820468357614704,0.00605646089882588,0.2788114839471209,3798.0
DJI_20250929095911_0355_D.JPG,Part_one_pre_def_rgb,Pre_Defoliation,0.08342870324850082,0.10985821485519409,3042.052490234375,8.02061653137207,0.7653116095229341,-0.039330627769231796,0.36774706840515137,0.3493891954421997,0.24760262668132782,7.632899691022844,4547.059224406801,0.02570278627418374,0.006294646066414242,0.28161903841010094,3753.0
DJI_20250929095913_0356_D.JPG,Part_one_pre_def_rgb,Pre_Defoliation,0.08306823670864105,0.11240025609731674,2760.059326171875,7.923369884490967,0.7517507449367282,-0.03787463903427124,0.38061171770095825,0.3623109459877014,0.2609419524669647,7.6716084285754595,4813.752450006116,0.02470397154848203,0.0060543975795897004,0.272733133473971,3230.0
DJI_20250929095915_0357_D.JPG,Part_one_pre_def_rgb,Pre_Defoliation,0.07781565189361572,0.11103454232215881,2461.433349609375,7.808905124664307,0.7280027269663265,-0.040793806314468384,0.3810214102268219,0.3606067895889282,0.2623765170574188,7.661120276784764,4734.798411509295,0.024899926229915808,0.006085042237986155,0.2705930900943731,4836.0
DJI_20250929095917_0358_D.JPG,Part_one_pre_def_rgb,Pre_Defoliation,0.07696297764778137,0.11512541770935059,2508.448974609375,7.827818393707275,0.7047884686092472,-0.0416853241622448,0.40284934639930725,0.3803425133228302,0.2808727025985718,7.723557103719289,5210.683532595401,0.02304504756441257,0.005737986892469999,0.2584740471957714,4476.0
DJI_20250929095919_0359_D.JPG,Part_one_pre_def_rgb,Pre_Defoliation,0.07244355976581573,0.11126159131526947,2208.12060546875,7.700349807739258,0.6973821889266784,-0.04001466557383537,0.39084047079086304,0.3694435954093933,0.27560314536094666,7.691448013694149,4951.038554152397,0.024051195587444563,0.005900292948496966,0.26154410774359194,4145.0
DJI_20250929095921_0360_D.JPG,Part_one_pre_def_rgb,Pre_Defoliation,0.08232270181179047,0.11730295419692993,2663.491943359375,7.887768745422363,0.7330030908171707,-0.03540434315800667,0.40603402256965637,0.3859637975692749,0.28357088565826416,7.742758064476793,5432.928514096135,0.023164658665545512,0.005657586075285167,0.25376786807915447,4219.0
DJI_20250929095923_0361_D.JPG,Part_one_pre_def_rgb,Pre_Defoliation,0.07325670123100281,0.11002832651138306,2162.282958984375,7.67938232421875,0.7148193097557987,-0.03785401210188866,0.38307756185531616,0.3628637194633484,0.2693931460380554,7.669557542143904,4791.663378332925,0.024225737465594546,0.006019976804515814,0.26258855470444004,4064.0
DJI_20250929095925_0362_D.JPG,Part_one_pre_def_rgb,Pre_Defoliation,0.07969772070646286,0.11580479145050049,2530.744384765625,7.836663722991943,0.7341774672917241,-0.037475939840078354,0.4022885859012604,0.38106122612953186,0.28013622760772705,7.724908938175005,5239.025035163894,0.02302026806425765,0.005748450966448128,0.2602564292537762,3281.0
DJI_20250929095927_0363_D.JPG,Part_one_pre_def_rgb,Pre_Defoliation,0.07438524812459946,0.10930709540843964,2159.17919921875,7.6779465675354,0.7357369990348378,-0.037786778062582016,0.38141900300979614,0.3610067367553711,0.2662092447280884,7.6681753651904465,4721.906368487035,0.024868178924377503,0.0060559151315194145,0.2728893725809332,3814.0
DJI_20250929095929_0364_D.JPG,Part_one_pre_def_rgb,Pre_Defoliation,0.07520822435617447,0.10856231302022934,2401.705810546875,7.784350872039795,0.7460510693384809,-0.04104715585708618,0.39211803674697876,0.36903342604637146,0.2707405984401703,7.696071661301796,4835.689277305529,0.024380281400826546,0.005927174557132114,0.2805423178518478,4403.0
DJI_20250929095931_0365_D.JPG,Part_one_pre_def_rgb,Pre_Defoliation,0.08167417347431183,0.11214158684015274,3255.55859375,8.08842658996582,0.7686419937494255,-0.044085461646318436,0.4079322814941406,0.38140225410461426,0.27319803833961487,7.7351350074803555,5172.476868272995,0.02375658354739082,0.0057085336205778435,0.2735224718737245,4076.0
DJI_20250929095933_0366_D.JPG,Part_one_pre_def_rgb,Pre_Defoliation,0.07873494923114777,0.1068246066570282,2837.698974609375,7.951101303100586,0.772344559089377,-0.03932216763496399,0.38774266839027405,0.36496487259864807,0.2634521424770355,7.685849820758012,4710.336442025441,0.02494192494223864,0.0059451337663732505,0.2805322351372078,4344.0
DJI_20250929095935_0367_D.JPG,Part_one_pre_def_rgb,Pre_Defoliation,0.07847722619771957,0.11006934940814972,2931.550537109375,7.983627796173096,0.7484375957502222,-0.042983051389455795,0.4034213423728943,0.3780941367149353,0.2742897570133209,7.717478211452794,4968.763266725782,0.024418647551909044,0.005747662453146849,0.2725898811163024,4212.0
DJI_20250929095937_0368_D.JPG,Part_one_pre_def_rgb,Pre_Defoliation,0.08015597611665726,0.10973997414112091,3095.416748046875,8.03800106048584,0.7670207509881423,-0.039283737540245056,0.3773631155490875,0.3554933965206146,0.2534676790237427,7.658837708435515,4558.38511344178,0.025679293959774016,0.006106112329229749,0.28349036625937285,4016.0
DJI_20250929095939_0369_D.JPG,Part_one_pre_def_rgb,Pre_Defoliation,0.08418147265911102,0.11432985216379166,3053.732177734375,8.024447441101074,0.7645732316848975,-0.03624885156750679,0.39010512828826904,0.36990317702293396,0.2655197083950043,7.697385007674389,4842.782794153621,0.02467908154797032,0.005890276591418091,0.281233016236148,3102.0
DJI_20250929095941_0370_D.JPG,Part_one_pre_def_rgb,Pre_Defoliation,0.08285699039697647,0.11268886923789978,3242.62890625,8.084447860717773,0.7659768341912553,-0.03999536484479904,0.370023250579834,0.3493354618549347,0.24579064548015594,7.63632006662693,4472.475843933464,0.026774346622640596,0.00628694019110867,0.290053220307297,3387.0
DJI_20250929095943_0371_D.JPG,Part_one_pre_def_rgb,Pre_Defoliation,0.09455067664384842,0.11584046483039856,3549.4296875,8.174823760986328,0.8125787545577106,-0.032864876091480255,0.38488706946372986,0.3676292300224304,0.2558206617832184,7.683577233034662,4772.374357876713,0.025280695156602737,0.0060143999968933866,0.28993790757973104,4190.0
DJI_20250929095945_0372_D.JPG,Part_one_pre_def_rgb,Pre_Defoliation,0.09407833218574524,0.11365095525979996,3922.100830078125,8.274637222290039,0.8220990555198088,-0.033615462481975555,0.3623088598251343,0.34627100825309753,0.23615480959415436,7.6244498718125895,4425.944448691293,0.0266350314831219,0.006380992854449205,0.2953426971358204,4368.0
DJI_20250929095947_0373_D.JPG,Part_one_pre_def_rgb,Pre_Defoliation,0.09631405025720596,0.11414501816034317,4138.67138671875,8.32837200164795,0.8222374624659129,-0.03311794251203537,0.36675673723220825,0.3512187898159027,0.23936676979064941,7.6377807912235385,4530.191918419765,0.025784455031850596,0.006292578430217648,0.2908085318153542,3920.0
DJI_20250929095949_0374_D.JPG,Part_one_pre_def_rgb,Pre_Defoliation,0.09920817613601685,0.11448342353105545,4132.43212890625,8.326863288879395,0.8242972412445997,-0.03139078989624977,0.37419867515563965,0.3597109317779541,0.2460150122642517,7.655184168904148,4672.076687866927,0.02513314592164343,0.006128096989007036,0.2774122414202279,3174.0
DJI_20250929095951_0375_D.JPG,Part_one_pre_def_rgb,Pre_Defoliation,0.1097099706530571,0.11720667034387589,5162.40478515625,8.549351692199707,0.8480685743940926,-0.029352428391575813,0.3885997533798218,0.37475597858428955,0.2512022852897644,7.696015072154699,5029.503428479697,0.024058941897485808,0.005888078744991221,0.26561458056042203,4294.0
DJI_20250929095953_0376_D.JPG,Part_one_pre_def_rgb,Pre_Defoliation,0.10441359132528305,0.11649775505065918,4602.1455078125,8.434494972229004,0.8237517522290652,-0.03311118483543396,0.38528233766555786,0.37005341053009033,0.25041085481643677,7.679406387419413,4948.170361423679,0.024262580364313977,0.005955230189404559,0.261200366121288,3676.0
DJI_20250929095955_0377_D.JPG,Part_one_pre_def_rgb,Pre_Defoliation,0.1066262349486351,0.11791525036096573,4597.8515625,8.433562278747559,0.8205930960259827,-0.03362106904387474,0.4027012586593628,0.3863278329372406,0.26332810521125793,7.717154172754717,5243.874140013454,0.022832343658866,0.005707232790449283,0.2522002021237519,4014.0
DJI_20250929095957_0378_D.JPG,Part_one_pre_def_rgb,Pre_Defoliation,0.09611091762781143,0.11305523663759232,4363.74365234375,8.381314277648926,0.7995617033581518,-0.039988189935684204,0.38675788044929504,0.367593377828598,0.25231796503067017,7.681597476681246,4959.351765074609,0.023985158727594984,0.005937914776153125,0.26089944368063883,3931.0
DJI_20250929095959_0379_D.JPG,Part_one_pre_def_rgb,Pre_Defoliation,0.10111575573682785,0.11496896296739578,4544.35400390625,8.421860694885254,0.8117724898121763,-0.03654562309384346,0.40440037846565247,0.3854256868362427,0.26533523201942444,7.722798745685072,5281.25143331091,0.023268398126319263,0.005707767747139573,0.256523093817143,2896.0
DJI_20250929100001_0380_D.JPG,Part_one_pre_def_rgb,Pre_Defoliation,0.10511992871761322,0.11413241177797318,4891.283203125,8.495414733886719,0.8360190313141527,-0.03209366649389267,0.3909291625022888,0.37501978874206543,0.2539905309677124,7.692165201494153,5058.505500091731,0.024000400080856497,0.005874173114237196,0.2587537361888506,4433.0
DJI_20250929100003_0381_D.JPG,Part_one_pre_def_rgb,Pre_Defoliation,0.11114003509283066,0.1164901927113533,4626.50341796875,8.439772605895996,0.8500817228145969,-0.02742072194814682,0.40854907035827637,0.3942160904407501,0.2687431573867798,7.726210566107274,5297.683773391634,0.02260511143663274,0.00564672466868412,0.25095261005203917,3916.0
DJI_20250929100005_0382_D.JPG,Part_one_pre_def_rgb,Pre_Defoliation,0.1059330403804779,0.11567792296409607,4710.37353515625,8.457735061645508,0.8322303865244968,-0.0330100916326046,0.39887484908103943,0.3827940821647644,0.2607802748680115,7.705922130391239,5062.738564090019,0.02337171494989297,0.005768350373742078,0.25987135244287635,4417.0
DJI_20250929100007_0383_D.JPG,Part_one_pre_def_rgb,Pre_Defoliation,0.10534138977527618,0.1172877699136734,4602.1015625,8.43448543548584,0.8170368370254619,-0.03434344753623009,0.4160770773887634,0.3979308605194092,0.27444326877593994,7.7375295287257035,5344.25102433953,0.02287278324637543,0.005571184923258277,0.25274139973563603,4433.0
DJI_20250929100009_0384_D.JPG,Part_one_pre_def_rgb,Pre_Defoliation,0.10619483888149261,0.11541233956813812,4328.00244140625,8.373092651367188,0.8319864628335938,-0.029417691752314568,0.4009993076324463,0.3861640989780426,0.2651340365409851,7.7073143736003304,5082.140361270793,0.02331701189967918,0.005752294770139191,0.25840811744077347,4588.0
DJI_20250929100011_0385_D.JPG,Part_one_pre_def_rgb,Pre_Defoliation,0.09211385250091553,0.11117659509181976,3831.269775390625,8.251212120056152,0.7999887972240095,-0.04065556824207306,0.4163719415664673,0.39306870102882385,0.2776516079902649,7.727996479166667,5049.783638851517,0.023103734234341818,0.005623802560842855,0.25545577856174934,3576.0
DJI_20250929100013_0386_D.JPG,Part_one_pre_def_rgb,Pre_Defoliation,0.09436901658773422,0.10853396356105804,3949.100341796875,8.281496047973633,0.8108168547201029,-0.035174962133169174,0.41347357630729675,0.39199814200401306,0.27615365386009216,7.730830715195508,5117.780604054549,0.02280523303487774,0.005571245889761235,0.24559904264312432,3032.0
DJI_20250929100015_0387_D.JPG,Part_one_pre_def_rgb,Pre_Defoliation,0.11752114444971085,0.1223394051194191,4285.8408203125,8.36330509185791,0.8329779563838589,-0.020456112921237946,0.4157644510269165,0.40471938252449036,0.27615317702293396,7.713868001515075,5276.2098978718195,0.022582014353687313,0.005584761363340268,0.219530337304398,3241.0
DJI_20250929100017_0388_D.JPG,Part_one_pre_def_rgb,Pre_Defoliation,0.11462268978357315,0.12315413355827332,3765.3037109375,8.23384952545166,0.8210628944909152,-0.02231699228286743,0.4094048738479614,0.3978888690471649,0.2717500925064087,7.691275362932617,5061.756830204256,0.022659449120105174,0.005700802347424584,0.21831913092217078,3814.0
DJI_20250929100019_0389_D.JPG,Part_one_pre_def_rgb,Pre_Defoliation,0.11924756318330765,0.125370591878891,3518.537109375,8.166084289550781,0.8293013393541073,-0.019542573019862175,0.42337799072265625,0.4132760465145111,0.28392645716667175,7.722081634368853,5258.5125061154595,0.02178247064027012,0.005531943378878994,0.21925870232743463,3278.0
DJI_20250929100021_0390_D.JPG,Part_one_pre_def_rgb,Pre_Defoliation,0.12458242475986481,0.12642771005630493,3973.0166015625,8.287532806396484,0.8476608220731072,-0.01845974288880825,0.42110297083854675,0.41228145360946655,0.27887746691703796,7.71663528606518,5238.580051369863,0.022417077258291507,0.005560297276426395,0.2201464400272578,4395.0
DJI_20250929100023_0391_D.JPG,Part_one_pre_def_rgb,Pre_Defoliation,0.1195777952671051,0.12691092491149902,4520.7548828125,8.416655540466309,0.823856598722309,-0.031178493052721024,0.44227856397628784,0.4248519837856293,0.2878476083278656,7.745510534993212,5539.0310512475535,0.021161995307861878,0.005406650395112948,0.21576800240885763,3536.0
DJI_20250929100025_0392_D.JPG,Part_one_pre_def_rgb,Pre_Defoliation,0.10874812304973602,0.12344565987586975,3705.1416015625,8.21774673461914,0.8011955851487575,-0.0318869911134243,0.4218316376209259,0.4048547148704529,0.2791297435760498,7.707063085505954,5251.543951045744,0.022028530612429202,0.0056329215207722725,0.21751820101699995,3760.0
DJI_20250929100027_0393_D.JPG,Part_one_pre_def_rgb,Pre_Defoliation,0.10825036466121674,0.12271234393119812,2975.150390625,7.998385906219482,0.8028854329442044,-0.027587823569774628,0.42254629731178284,0.407989501953125,0.28518229722976685,7.705221937142752,5144.623910683709,0.022037528001405942,0.0056267099292388965,0.21670030944660645,3928.0
DJI_20250929100029_0394_D.JPG,Part_one_pre_def_rgb,Pre_Defoliation,0.10641471296548843,0.11835629492998123,1812.7550048828125,7.503154754638672,0.8150329285013941,-0.020364707335829735,0.4033673405647278,0.3932833969593048,0.276784747838974,7.642267981318033,4531.956347082927,0.023707137746553125,0.005977367137570749,0.2304297584850521,4137.0
DJI_20250929100031_0395_D.JPG,Part_one_pre_def_rgb,Pre_Defoliation,0.12271016091108322,0.1263412982225418,2627.71044921875,7.874248504638672,0.8490493917945889,-0.018121644854545593,0.4382452666759491,0.42943668365478516,0.2979178726673126,7.71276749449031,4993.301935543053,0.022265983916063964,0.005573014938908695,0.23636081527226024,3956.0
DJI_20250929100033_0396_D.JPG,Part_one_pre_def_rgb,Pre_Defoliation,0.10982146114110947,0.11641198396682739,4350.7685546875,8.378337860107422,0.8573568725679444,-0.02817196026444435,0.3633471131324768,0.35073843598365784,0.2283083200454712,7.573254395387288,4159.547849651419,0.0260851574678884,0.006544474664655942,0.2708117433473978,4000.0
DJI_20250929100035_0397_D.JPG,Part_one_pre_def_rgb,Pre_Defoliation,0.11350684612989426,0.1189391165971756,4452.8642578125,8.401527404785156,0.8558602008456659,-0.02577963098883629,0.382595956325531,0.3702701926231384,0.24443753063678741,7.643160696436134,4554.102189334637,0.024912531757686228,0.006138638579665856,0.2675877087973672,3880.0
DJI_20250929100037_0398_D.JPG,Part_one_pre_def_rgb,Pre_Defoliation,0.10366366803646088,0.1126970425248146,4470.3740234375,8.405450820922852,0.8444148895425437,-0.029750371351838112,0.3515300750732422,0.33820921182632446,0.22122471034526825,7.552519827818883,4110.456205662916,0.026802078612232424,0.0066250193065281685,0.2562706897332074,4398.0
DJI_20250929100039_0399_D.JPG,Part_one_pre_def_rgb,Pre_Defoliation,0.11162903159856796,0.11836506426334381,4982.3271484375,8.513853073120117,0.8492376367313172,-0.028475871309638023,0.3796232044696808,0.366036057472229,0.24081987142562866,7.640685841672448,4628.345993609346,0.024815553965300448,0.006109279787066885,0.24916999603154505,3739.0
DJI_20250929100041_0400_D.JPG,Part_one_pre_def_rgb,Pre_Defoliation,0.10541938245296478,0.1135365217924118,4218.630859375,8.347502708435059,0.8478609400373809,-0.025430208072066307,0.35821816325187683,0.3465880751609802,0.22953863441944122,7.585213013232714,4295.787839408024,0.026558126467692074,0.006453049769086099,0.2555624535212002,3145.0
DJI_20250929100043_0401_D.JPG,Part_one_pre_def_rgb,Pre_Defoliation,0.10801500827074051,0.1150035634636879,4498.45556640625,8.411711692810059,0.8519172066979196,-0.026726502925157547,0.3784063160419464,0.36516302824020386,0.2439047396183014,7.6421692128753405,4657.863950128425,0.024785253710971573,0.0061235187381747025,0.25068688380155824,3950.0
DJI_20250929100045_0402_D.JPG,Part_one_pre_def_rgb,Pre_Defoliation,0.09768414497375488,0.11029481142759323,4150.1572265625,8.33114242553711,0.832178106903208,-0.0319967120885849,0.36204472184181213,0.3467555344104767,0.23378221690654755,7.594684774603064,4360.423201290361,0.025917872858716925,0.006411068800837875,0.2543859143404607,4819.0
DJI_20250929100047_0403_D.JPG,Part_one_pre_def_rgb,Pre_Defoliation,0.0959293320775032,0.11249376833438873,4121.509765625,8.324217796325684,0.812784138784202,-0.036920215934515,0.3840313255786896,0.3648478090763092,0.24973496794700623,7.643755313771168,4664.365815343688,0.024724165950976745,0.006112421703191309,0.2501018275351479,3212.0
DJI_20250929100049_0404_D.JPG,Part_one_pre_def_rgb,Pre_Defoliation,0.08659480512142181,0.10876446962356567,3124.393310546875,8.04731559753418,0.784877928041793,-0.03407207131385803,0.36995792388916016,0.3526288866996765,0.24870504438877106,7.608451624676408,4457.375366927594,0.02526102965492022,0.006289541028646721,0.2465570139708415,4139.0
DJI_20250929100051_0405_D.JPG,Part_one_pre_def_rgb,Pre_Defoliation,0.07974153012037277,0.11057277768850327,3180.788330078125,8.06519889831543,0.7366831548549193,-0.04542931914329529,0.3936147093772888,0.3684466779232025,0.26353713870048523,7.652068037938413,4748.20948890044,0.02416901749182224,0.006015828681371978,0.2333661806306713,4323.0
DJI_20250929100053_0406_D.JPG,Part_one_pre_def_rgb,Pre_Defoliation,0.07691623270511627,0.11180969327688217,3070.632080078125,8.029964447021484,0.7158088883016208,-0.04936438426375389,0.42081397771835327,0.3907366096973419,0.2837429940700531,7.70492221299685,5042.387196520303,0.02283289426713328,0.00570016422214704,0.23314913035133805,4539.0
DJI_20250929100055_0407_D.JPG,Part_one_pre_def_rgb,Pre_Defoliation,0.07914582639932632,0.10673186182975769,2554.588134765625,7.846037864685059,0.7550421588228085,-0.03981032595038414,0.3970967233181,0.3733904957771301,0.27053847908973694,7.651871625651529,4638.315951412671,0.024120840931339663,0.005979758763462194,0.23401643921014145,4422.0
DJI_20250929100057_0408_D.JPG,Part_one_pre_def_rgb,Pre_Defoliation,0.07999972999095917,0.10948140919208527,2803.22705078125,7.938883304595947,0.748037551322119,-0.04487860947847366,0.41769033670425415,0.38946983218193054,0.28124961256980896,7.698098042485282,4907.222231989972,0.02307547413106966,0.005728050154047435,0.23527502649455784,4750.0
DJI_20250929100059_0409_D.JPG,Part_one_pre_def_rgb,Pre_Defoliation,0.07408973574638367,0.10630819201469421,2475.54248046875,7.8146185874938965,0.730169937494255,-0.043898988515138626,0.40247446298599243,0.37595701217651367,0.27534982562065125,7.670074694324527,4695.213704745598,0.02399232576503292,0.005873754665676592,0.23708850761708378,4099.0
DJI_20250929100101_0410_D.JPG,Part_one_pre_def_rgb,Pre_Defoliation,0.06957574188709259,0.10960100591182709,2418.976318359375,7.791512966156006,0.6896197184177467,-0.048405829817056656,0.42178285121917725,0.3913225829601288,0.2912866473197937,7.719678648066467,5079.934297027887,0.022611680788944856,0.0056292388579058565,0.2338669181861227,4252.0
DJI_20250929100103_0411_D.JPG,Part_one_pre_def_rgb,Pre_Defoliation,0.07115232199430466,0.10442623496055603,2076.226806640625,7.638789176940918,0.7221989230015013,-0.04102087393403053,0.39944469928741455,0.37432849407196045,0.2780599296092987,7.664830778353002,4640.294103932241,0.02410375028271547,0.005929009885758199,0.24330069709893842,4259.0
DJI_20250929100105_0412_D.JPG,Part_one_pre_def_rgb,Pre_Defoliation,0.07831691205501556,0.11006195843219757,2662.052978515625,7.887228488922119,0.7360310958421423,-0.04155045747756958,0.42063483595848083,0.3944881558418274,0.2900245487689972,7.722839764587236,5088.350912732387,0.022720485183317506,0.005630058877165156,0.24067276423363762,4876.0
DJI_20250929100107_0413_D.JPG,Part_one_pre_def_rgb,Pre_Defoliation,0.07663267105817795,0.11046652495861053,2222.413818359375,7.706799030303955,0.7196219015228116,-0.04018479585647583,0.4110051393508911,0.3865383267402649,0.28543877601623535,7.688202661970383,4841.799730155332,0.023815355070447162,0.005793262950331537,0.24114478724809557,4451.0
DJI_20250929100109_0414_D.JPG,Part_one_pre_def_rgb,Pre_Defoliation,0.08656933158636093,0.11445243656635284,2725.7412109375,7.910862445831299,0.7555269421975059,-0.03802100569009781,0.42096370458602905,0.3975818157196045,0.2876305878162384,7.710882565266919,5014.410748685175,0.02306506801029213,0.005675406707138357,0.24232759839625329,3980.0
DJI_20250929100111_0415_D.JPG,Part_one_pre_def_rgb,Pre_Defoliation,0.07863681763410568,0.11177551746368408,2565.83447265625,7.850428581237793,0.7253402962894874,-0.044324398040771484,0.41096338629722595,0.3842429220676422,0.2788856327533722,7.678567653870721,4776.005484803081,0.023655128138133502,0.005844538792818478,0.24419962739386286,3881.0
DJI_20250929100113_0416_D.JPG,Part_one_pre_def_rgb,Pre_Defoliation,0.08148188889026642,0.1120394915342331,2893.16015625,7.970450401306152,0.7404915720654472,-0.04579171910881996,0.4164425730705261,0.3891509175300598,0.28037741780281067,7.695561869055793,4875.18203430773,0.02315423965282626,0.005757427056706551,0.24612572727169654,4233.0
DJI_20250929100115_0417_D.JPG,Part_one_pre_def_rgb,Pre_Defoliation,0.07798579335212708,0.10821942985057831,2672.081298828125,7.890986919403076,0.7395194200600546,-0.04495657980442047,0.39628371596336365,0.3705344796180725,0.2667994499206543,7.651253554726509,4553.426954653865,0.02427947299353014,0.006006405731378201,0.25084572692996254,4145.0
DJI_20250929100117_0418_D.JPG,Part_one_pre_def_rgb,Pre_Defoliation,0.06846065819263458,0.10213861614465714,2213.305419921875,7.702693939208984,0.7160577910040752,-0.04690523445606232,0.3682290017604828,0.3430578112602234,0.249426007270813,7.573294353513211,4103.940680039139,0.02611593180718991,0.006458718862444643,0.25510587207963664,4617.0
DJI_20250929100119_0419_D.JPG,Part_one_pre_def_rgb,Pre_Defoliation,0.07567387819290161,0.10565503686666489,2531.5205078125,7.836970329284668,0.7388769839446028,-0.04474812000989914,0.3857637643814087,0.36097216606140137,0.26050665974617004,7.626489153339704,4363.682890472113,0.02465007619293562,0.006143000451082012,0.2527666767076018,4219.0
DJI_20250929100121_0420_D.JPG,Part_one_pre_def_rgb,Pre_Defoliation,0.07398916780948639,0.10260307043790817,2329.485595703125,7.75383186340332,0.7448202481079756,-0.041802726686000824,0.371631383895874,0.3483735918998718,0.25112661719322205,7.583169561040553,4110.470083934687,0.025591291842734,0.006389260975920241,0.25458760454546353,4424.0
DJI_20250929100123_0421_D.JPG,Part_one_pre_def_rgb,Pre_Defoliation,0.08183799684047699,0.1065947487950325,2629.904052734375,7.875082969665527,0.7701463254894751,-0.0389394536614418,0.39472588896751404,0.371132493019104,0.26570114493370056,7.648300333684552,4424.90229788405,0.0242566728030675,0.006015707866537318,0.25470057184024486,4560.0
DJI_20250929100125_0422_D.JPG,Part_one_pre_def_rgb,Pre_Defoliation,0.08259295672178268,0.10468529909849167,2902.0048828125,7.973501682281494,0.7853098094187578,-0.037898026406764984,0.3812125623226166,0.35862794518470764,0.2534503936767578,7.619860952202515,4201.818990031801,0.025063270801298894,0.006176121317620774,0.2615166424934959,4616.0
DJI_20250929100127_0423_D.JPG,Part_one_pre_def_rgb,Pre_Defoliation,0.09963519126176834,0.11039517819881439,4014.66064453125,8.297957420349121,0.8419323735331066,-0.031232625246047974,0.3934486210346222,0.3738420307636261,0.25460025668144226,7.660656177626455,4429.381501498287,0.02441866778220936,0.005954867115798073,0.2611808711306671,4659.0
DJI_20250929100129_0424_D.JPG,Part_one_pre_def_rgb,Pre_Defoliation,0.10173551738262177,0.11074645817279816,3898.925048828125,8.268712997436523,0.8524617860863437,-0.024821801111102104,0.37433990836143494,0.3595423102378845,0.2430092692375183,7.616764710347031,4177.6157809442275,0.02568590576283979,0.006196660721349272,0.26318512647822084,4224.0
DJI_20250929100131_0425_D.JPG,Part_one_pre_def_rgb,Pre_Defoliation,0.11217887699604034,0.11709083616733551,4820.39892578125,8.480819702148438,0.8637828614762386,-0.024268466979265213,0.3915553092956543,0.3764050006866455,0.2490757703781128,7.663542668087701,4473.497603504159,0.024416377060262465,0.005932300225898894,0.25896055580662536,4016.0
DJI_20250929100133_0426_D.JPG,Part_one_pre_def_rgb,Pre_Defoliation,0.11319772899150848,0.11710923165082932,4788.0517578125,8.474087715148926,0.8718168796151607,-0.02046450600028038,0.36947593092918396,0.35781434178352356,0.23295506834983826,7.612879511725287,4156.986893805039,0.025499015237319254,0.006228728219886522,0.266725587738304,4209.0
DJI_20250929100135_0427_D.JPG,Part_one_pre_def_rgb,Pre_Defoliation,0.09960165619850159,0.11940841376781464,3467.53369140625,8.151487350463867,0.7998897914943163,-0.02268555387854576,0.38136106729507446,0.3688142001628876,0.25666573643684387,7.66012592212186,4512.669677256606,0.024498316699102685,0.005968233502163931,0.25905571770298846,4689.0
DJI_20250929100137_0428_D.JPG,Part_one_pre_def_rgb,Pre_Defoliation,0.09722757339477539,0.11456217616796494,3051.751953125,8.023798942565918,0.8115552804332506,-0.020630257204174995,0.36403247714042664,0.3528105616569519,0.2443610280752182,7.606157961196318,4248.501498287671,0.025408891651376143,0.006265569452967887,0.25621478371739903,3832.0
DJI_20250929100139_0429_D.JPG,Part_one_pre_def_rgb,Pre_Defoliation,0.09298305958509445,0.116277314722538,3273.2177734375,8.093833923339844,0.7760622529644269,-0.031371284276247025,0.3880362808704376,0.3705233335494995,0.26002734899520874,7.6662593514019735,4630.1070396587575,0.024780805281582097,0.005943326768313678,0.2543408215756374,4220.0
DJI_20250929100141_0430_D.JPG,Part_one_pre_def_rgb,Pre_Defoliation,0.10428288578987122,0.11444592475891113,4345.50146484375,8.377126693725586,0.8446226196494776,-0.027720287442207336,0.3694634437561035,0.35490208864212036,0.2360578030347824,7.609286829878034,4308.883026541096,0.02555361856900119,0.006259539314081553,0.2526343882168057,4233.0
DJI_20250929100143_0431_D.JPG,Part_one_pre_def_rgb,Pre_Defoliation,0.09886375069618225,0.11444725096225739,4183.6533203125,8.339179039001465,0.8205610675766768,-0.03323403373360634,0.3904625177383423,0.37140053510665894,0.25347480177879333,7.6588078905882675,4618.008122095158,0.0240341646309159,0.00597915407486906,0.24937088277398384,3336.0
DJI_20250929100145_0432_D.JPG,Part_one_pre_def_rgb,Pre_Defoliation,0.0834302306175232,0.11029238253831863,3589.70166015625,8.186102867126465,0.7633433679566136,-0.0438869409263134,0.37809157371520996,0.35423722863197327,0.24695265293121338,7.616263533974094,4375.045778039383,0.025019716805372655,0.006222136473358912,0.24848845275420367,3451.0
DJI_20250929100147_0433_D.JPG,Part_one_pre_def_rgb,Pre_Defoliation,0.08965516835451126,0.11218393594026566,3702.726318359375,8.217094421386719,0.7906040307013512,-0.039348140358924866,0.3945361077785492,0.3717428743839264,0.25929442048072815,7.647235377661172,4581.89736729452,0.024015638522733824,0.006014497155762933,0.238755775768581,3651.0
DJI_20250929100149_0434_D.JPG,Part_one_pre_def_rgb,Pre_Defoliation,0.07853587716817856,0.10658395290374756,1785.302734375,7.487903118133545,0.7541079717804945,-0.02960159443318844,0.3660658299922943,0.34972065687179565,0.25483953952789307,7.531645379555347,3888.2383806262233,0.026591843828693656,0.006603263759816803,0.2285382490965053,3448.0
DJI_20250929100151_0435_D.JPG,Part_one_pre_def_rgb,Pre_Defoliation,0.08230754733085632,0.1088646948337555,719.7547607421875,6.580298900604248,0.7579429596776665,-0.020959986373782158,0.38949501514434814,0.3767037093639374,0.2816048264503479,7.518538327579735,3688.2780393835615,0.026419496874301812,0.006672151903639144,0.2353659170422483,5200.0
DJI_20250929100153_0436_D.JPG,Part_one_pre_def_rgb,Pre_Defoliation,0.08365261554718018,0.11150052398443222,195.09197998046875,5.278584003448486,0.7450010724024879,-0.012821645475924015,0.42102980613708496,0.41301339864730835,0.32134440541267395,7.507845679542147,3572.332719239236,0.02645927124088473,0.006690549306708067,0.23047287894311067,4692.0
DJI_20250929100155_0437_D.JPG,Part_one_pre_def_rgb,Pre_Defoliation,0.08309077471494675,0.11091931909322739,241.129638671875,5.489473342895508,0.7552996311701443,-0.013734729029238224,0.41221916675567627,0.4036412239074707,0.31197261810302734,7.486520796730348,3363.7489221501955,0.02731255377436446,0.006930911678434176,0.26392081457758887,4673.0
DJI_20250929100157_0438_D.JPG,Part_one_pre_def_rgb,Pre_Defoliation,0.07306214421987534,0.10534532368183136,196.6355438232422,5.28642463684082,0.7199140833256733,-0.017098207026720047,0.3914622962474823,0.3808947205543518,0.297264963388443,7.416097928726224,3069.9288313356165,0.029023430734874428,0.007380611975572542,0.2686802862946264,5206.0
DJI_20250929100159_0439_D.JPG,Part_one_pre_def_rgb,Pre_Defoliation,0.07590250670909882,0.10957879573106766,633.3834228515625,6.452653408050537,0.7230591429972117,-0.026213299483060837,0.40526506304740906,0.38817471265792847,0.2951818108558655,7.546928414080243,3579.517249419031,0.026550102012582406,0.006638598267053123,0.29020548460848816,4968.0
DJI_20250929100201_0440_D.JPG,Part_one_pre_def_rgb,Pre_Defoliation,0.08508961647748947,0.11185641586780548,1414.3280029296875,7.2551164627075195,0.770841328476882,-0.03000565990805626,0.4038921594619751,0.38488852977752686,0.28079530596733093,7.5887194992999065,3943.481485445205,0.025189983132010742,0.006289901041985575,0.25460787214845054,4664.0
DJI_20250929100203_0441_D.JPG,Part_one_pre_def_rgb,Pre_Defoliation,0.08666811883449554,0.11222433298826218,1216.668701171875,7.104693412780762,0.7699207858412231,-0.028545260429382324,0.4126593768596649,0.39424386620521545,0.28916022181510925,7.593958317288016,3995.358920162671,0.024032030813480213,0.006172378138879905,0.23366396945356874,4569.0
DJI_20250929100205_0442_D.JPG,Part_one_pre_def_rgb,Pre_Defoliation,0.09822878241539001,0.117995485663414,680.9785766601562,6.524998188018799,0.793305718969268,-0.020189914852380753,0.4299249053001404,0.41658565402030945,0.3050176203250885,7.577484997529494,3873.0553105124754,0.024468915376495568,0.006237428308283762,0.22945115039349456,4846.0
DJI_20250929100207_0443_D.JPG,Part_one_pre_def_rgb,Pre_Defoliation,0.09830576181411743,0.12294983118772507,558.1095581054688,6.326345443725586,0.7624365176027208,-0.012606242671608925,0.4317079782485962,0.42426639795303345,0.31851908564567566,7.587982690310033,3795.227441597358,0.025010330186139452,0.006221098029961948,0.24976959002919644,5224.0
DJI_20250929100209_0444_D.JPG,Part_one_pre_def_rgb,Pre_Defoliation,0.09540646523237228,0.1214587539434433,552.0947875976562,6.3155293464660645,0.7615506844225879,-0.01516235712915659,0.4341928958892822,0.424623042345047,0.3196466565132141,7.577162162806233,3692.5596219116924,0.025166736627042958,0.006267391931670144,0.25226662717527,4760.0
DJI_20250929100211_0445_D.JPG,Part_one_pre_def_rgb,Pre_Defoliation,0.07823608070611954,0.1167999878525734,728.8998413085938,6.592907428741455,0.6937073911511474,-0.027299070730805397,0.4215027093887329,0.4037230610847473,0.3077073097229004,7.592109793743247,3681.3305864726035,0.025343667870540557,0.006274496112238217,0.2841189459167237,4870.0
DJI_20250929100213_0446_D.JPG,Part_one_pre_def_rgb,Pre_Defoliation,0.08580032736063004,0.10992692410945892,1970.0767822265625,7.586335182189941,0.7986641407758066,-0.030647259205579758,0.37858062982559204,0.3607575595378876,0.25713416934013367,7.555483284041432,3613.5665056262233,0.026910395584307186,0.006583495318827858,0.2994415792821651,4681.0
DJI_20250929100215_0447_D.JPG,Part_one_pre_def_rgb,Pre_Defoliation,0.0791798084974289,0.11041624844074249,2246.29736328125,7.7174835205078125,0.7511019893066152,-0.04218580573797226,0.39334362745285034,0.3685392141342163,0.2645549476146698,7.622148184953226,3946.6505970217713,0.025645523168337996,0.006257924070447069,0.3124508392254543,4116.0
DJI_20250929100217_0448_D.JPG,Part_one_pre_def_rgb,Pre_Defoliation,0.08458144962787628,0.11425480246543884,1831.008056640625,7.513167858123779,0.7549476054784447,-0.03662648797035217,0.4040299952030182,0.3818228244781494,0.27503421902656555,7.6289198081294,4050.568397596624,0.02507621240449696,0.006137054002312925,0.2862610786494475,4667.0
DJI_20250929100219_0449_D.JPG,Part_one_pre_def_rgb,Pre_Defoliation,0.09469949454069138,0.11536896973848343,2769.072509765625,7.926628589630127,0.8113859461653951,-0.03419775143265724,0.39566701650619507,0.37586545944213867,0.2613644301891327,7.637481938404758,4149.0333636558225,0.025244564957663994,0.0061415169060492335,0.29209008099616096,4326.0
DJI_20250929100221_0450_D.JPG,Part_one_pre_def_rgb,Pre_Defoliation,0.08141033351421356,0.10916408896446228,2612.612060546875,7.868488311767578,0.7723562884915893,-0.03988853096961975,0.3638538718223572,0.34267860651016235,0.24009299278259277,7.575378172916312,3798.973447437623,0.02759439372899078,0.006622828163003564,0.32109354819277075,5136.0
DJI_20250929100223_0451_D.JPG,Part_one_pre_def_rgb,Pre_Defoliation,0.09314700961112976,0.11445891857147217,3272.392578125,8.093582153320312,0.804893937478935,-0.03686586767435074,0.3853006660938263,0.36532649397850037,0.2522052824497223,7.641137898494642,4190.356233182485,0.025818074532743502,0.0062084225645567094,0.31001939753328384,3856.0
DJI_20250929100225_0452_D.JPG,Part_one_pre_def_rgb,Pre_Defoliation,0.09281428158283234,0.11450954526662827,2647.205322265625,7.8816375732421875,0.7953572153537396,-0.03274662420153618,0.3830372989177704,0.36504241824150085,0.2542332708835602,7.614996935578629,4085.7594942514684,0.025335653273346716,0.006292246430942958,0.2888869219811943,5048.0
DJI_20250929100227_0453_D.JPG,Part_one_pre_def_rgb,Pre_Defoliation,0.10507127642631531,0.12512673437595367,3854.00048828125,8.257126808166504,0.803217015963477,-0.03838207945227623,0.4319866895675659,0.40900012850761414,0.2809423506259918,7.741839558688911,5128.754640105186,0.022518740176936523,0.0055720167634747235,0.257262916104315,4044.0
DJI_20250929100229_0454_D.JPG,Part_one_pre_def_rgb,Pre_Defoliation,0.09535668045282364,0.11479242146015167,2858.152587890625,7.958280563354492,0.7994298553022643,-0.031488437205553055,0.3881326913833618,0.37112361192703247,0.2587578296661377,7.638546045089385,4312.317220370596,0.02521321718291096,0.0061621680962186355,0.27823826793427775,5001.0
DJI_20250929100231_0455_D.JPG,Part_one_pre_def_rgb,Pre_Defoliation,0.10259751230478287,0.1195017471909523,1909.9501953125,7.555356025695801,0.803103887076018,-0.0247056782245636,0.4180946946144104,0.4033298194408417,0.28596729040145874,7.679298826888038,4436.3626964591485,0.023574299595361326,0.005843488872518122,0.27113261871706484,4240.0
DJI_20250929100233_0456_D.JPG,Part_one_pre_def_rgb,Pre_Defoliation,0.10230284184217453,0.11670125275850296,2430.8056640625,7.796389102935791,0.8180723756779116,-0.024932563304901123,0.39948466420173645,0.3847445845603943,0.2677016854286194,7.644837065116874,4268.115345217711,0.02456571377707053,0.00604956433217423,0.2690639486965756,4000.0
DJI_20250929100235_0457_D.JPG,Part_one_pre_def_rgb,Pre_Defoliation,0.10313928872346878,0.11952897906303406,1911.21923828125,7.5560197830200195,0.8021632847688207,-0.019177081063389778,0.40906792879104614,0.3973720967769623,0.2825370132923126,7.662781735681124,4286.430880014677,0.02435163018482648,0.005966266998496693,0.2770214612853392,4376.0
DJI_20250929100237_0458_D.JPG,Part_one_pre_def_rgb,Pre_Defoliation,0.0976630225777626,0.12363939732313156,1190.1748046875,7.082695484161377,0.7515327695560253,-0.017390616238117218,0.4314720034599304,0.42045965790748596,0.3117843270301819,7.683213192019583,4511.117367141634,0.022583766693691953,0.005749728496926157,0.24378783918094762,4801.0
DJI_20250929100239_0459_D.JPG,Part_one_pre_def_rgb,Pre_Defoliation,0.10637610405683517,0.12793000042438507,2080.48193359375,7.640835285186768,0.7846812570855164,-0.020971188321709633,0.4301632344722748,0.41703271865844727,0.297526091337204,7.6981533098791175,4628.052604421478,0.022709348213789466,0.005697493059097363,0.24771074524335437,4395.0
DJI_20250929100241_0460_D.JPG,Part_one_pre_def_rgb,Pre_Defoliation,0.09106902778148651,0.1221420019865036,2051.309814453125,7.626721382141113,0.7385741259919723,-0.025854917243123055,0.39614561200141907,0.38095545768737793,0.27469632029533386,7.6225172487740345,4112.6259326076315,0.024524096699550038,0.006094109878502795,0.26077710955636146,4140.0
DJI_20250929100243_0461_D.JPG,Part_one_pre_def_rgb,Pre_Defoliation,0.08807334303855896,0.12622039020061493,2825.441650390625,7.946774005889893,0.7123557044152342,-0.034488290548324585,0.41036224365234375,0.38992956280708313,0.2814234793186188,7.684714544421337,4446.674699578033,0.02369774652186166,0.005806247810314255,0.2794184598452869,4894.0
DJI_20250929100245_0462_D.JPG,Part_one_pre_def_rgb,Pre_Defoliation,0.08337670564651489,0.12045074254274368,2881.12841796875,7.966284275054932,0.7254813363667004,-0.03747916221618652,0.37634187936782837,0.356159508228302,0.2526004910469055,7.605178165439374,3945.411257032779,0.025697717157271427,0.006321492104945813,0.3020743637896621,4689.0
DJI_20250929100247_0463_D.JPG,Part_one_pre_def_rgb,Pre_Defoliation,0.084129199385643,0.12187367677688599,3070.779052734375,8.030012130737305,0.7258658692588167,-0.0448601208627224,0.4068484306335449,0.38113802671432495,0.271298348903656,7.676041790525265,4373.289589958415,0.02395753624319054,0.005881043718702657,0.28719263712627613,4412.0
DJI_20250929100249_0464_D.JPG,Part_one_pre_def_rgb,Pre_Defoliation,0.07815546542406082,0.11656998842954636,2593.718017578125,7.861233234405518,0.7204504760701045,-0.04975957050919533,0.4041563868522644,0.3755394518375397,0.2687670886516571,7.663888163595614,4257.672154017857,0.024452913679268832,0.005970494211237996,0.2971306257264819,4342.0
DJI_20250929100251_0465_D.JPG,Part_one_pre_def_rgb,Pre_Defoliation,0.07792668044567108,0.11464297026395798,2599.903076171875,7.863614082336426,0.7299139492753624,-0.04909902438521385,0.41571372747421265,0.38648006319999695,0.27931976318359375,7.707032731940505,4563.480052134295,0.023745121660407688,0.005743425121496566,0.29391841206155656,4488.0
DJI_20250929100253_0466_D.JPG,Part_one_pre_def_rgb,Pre_Defoliation,0.07437741011381149,0.1087789461016655,1980.3690185546875,7.591543197631836,0.7370164135030793,-0.04428784176707268,0.3967500925064087,0.3710780143737793,0.2710285782814026,7.669617244543788,4286.663577085372,0.024590033322302536,0.0059866497266700975,0.30782349395166664,4529.0
DJI_20250929100255_0467_D.JPG,Part_one_pre_def_rgb,Pre_Defoliation,0.0772104263305664,0.10941889137029648,2465.460693359375,7.810539722442627,0.7490414445261513,-0.043658263981342316,0.40736109018325806,0.38095131516456604,0.27733114361763,7.7076232218365295,4569.4632728412425,0.024362711524862208,0.005777000315886905,0.30478694138005097,4577.0
DJI_20250929100257_0468_D.JPG,Part_one_pre_def_rgb,Pre_Defoliation,0.075823575258255,0.1059487983584404,2274.774658203125,7.730075836181641,0.7545016966939363,-0.04223208874464035,0.3873254656791687,0.36283746361732483,0.26252585649490356,7.655593806181636,4257.552730552838,0.025549006898371737,0.006079636852960918,0.3075509533486304,4744.0
DJI_20250929100259_0469_D.JPG,Part_one_pre_def_rgb,Pre_Defoliation,0.08120197802782059,0.11102156341075897,2599.53662109375,7.863472938537598,0.7628358917792689,-0.03959904983639717,0.4084368944168091,0.38415881991386414,0.2786788046360016,7.713934630426539,4684.26995551003,0.024032217033715348,0.005737785118270593,0.29722847348015746,4489.0
DJI_20250929100301_0470_D.JPG,Part_one_pre_def_rgb,Pre_Defoliation,0.07991918921470642,0.11005385220050812,2647.7705078125,7.881850719451904,0.7627696326255476,-0.03995343670248985,0.3874250650405884,0.3648219108581543,0.2622995972633362,7.667899331797912,4372.249166768592,0.02548431650658134,0.006011258490614897,0.3043517918836613,4811.0
DJI_20250929100303_0471_D.JPG,Part_one_pre_def_rgb,Pre_Defoliation,0.08165589720010757,0.1143965795636177,2789.41455078125,7.933945655822754,0.7469226357355149,-0.044062186032533646,0.41183003783226013,0.3852013349533081,0.2769167721271515,7.715983575978065,4733.911860934442,0.024076560017606503,0.005731060769624037,0.2942185792550783,3905.0
DJI_20250929100305_0472_D.JPG,Part_one_pre_def_rgb,Pre_Defoliation,0.08127301931381226,0.1129302904009819,2523.36279296875,7.833744049072266,0.7570490356037626,-0.0387457013130188,0.38852187991142273,0.3667198121547699,0.26364463567733765,7.6694027271301675,4425.220550238502,0.02553387966256145,0.005991889701817434,0.2977618669797051,4582.0
DJI_20250929100307_0473_D.JPG,Part_one_pre_def_rgb,Pre_Defoliation,0.07996361702680588,0.11400190740823746,2839.095458984375,7.951592922210693,0.7419926961730551,-0.042948924005031586,0.4026092290878296,0.3775702118873596,0.2725675404071808,7.702986471265986,4704.070086992417,0.024703610150719167,0.005813417328310521,0.28911559984791374,3896.0
DJI_20250929100309_0474_D.JPG,Part_one_pre_def_rgb,Pre_Defoliation,0.08179794251918793,0.10921313613653183,2997.093017578125,8.005731582641602,0.7790852311027362,-0.040025025606155396,0.3873782753944397,0.36458390951156616,0.2599915564060211,7.669962909782511,4481.031280577299,0.025325216892810233,0.006012302804463207,0.2935148152686965,4796.0
DJI_20250929100311_0475_D.JPG,Part_one_pre_def_rgb,Pre_Defoliation,0.07436049729585648,0.10903383046388626,2949.530029296875,7.989739894866943,0.7314265634096271,-0.04784739017486572,0.39879104495048523,0.37130314111709595,0.2694547772407532,7.700458502604796,4716.258588398972,0.024171584965401866,0.005857820871693275,0.2931525990926776,5235.0
DJI_20250929100313_0476_D.JPG,Part_one_pre_def_rgb,Pre_Defoliation,0.07739724963903427,0.10793498158454895,2971.41357421875,7.997129440307617,0.7520784021968931,-0.044814079999923706,0.3862108886241913,0.3613819181919098,0.2591556906700134,7.670619317840504,4538.591414658757,0.02529038231077064,0.006046824038856534,0.29785748896297054,4689.0
DJI_20250929100315_0477_D.JPG,Part_one_pre_def_rgb,Pre_Defoliation,0.08535707741975784,0.11134035140275955,3036.195556640625,8.01869010925293,0.7764252899316726,-0.04004485532641411,0.39675214886665344,0.3740657567977905,0.26602229475975037,7.694554073582703,4743.620990551613,0.024550401924712854,0.005897035534847287,0.28995967381463084,4190.0
DJI_20250929100317_0478_D.JPG,Part_one_pre_def_rgb,Pre_Defoliation,0.08403503894805908,0.10810117423534393,2879.793701171875,7.965821266174316,0.785104090066489,-0.03627368435263634,0.37737131118774414,0.3578052818775177,0.25420427322387695,7.655491535382061,4483.234420865949,0.02539261025292876,0.006158746754916254,0.29998628033056846,4043.0
DJI_20250929100319_0479_D.JPG,Part_one_pre_def_rgb,Pre_Defoliation,0.0960545539855957,0.11265770345926285,3537.728271484375,8.171523094177246,0.8200400427428992,-0.030367320403456688,0.3968154489994049,0.3797445297241211,0.26661911606788635,7.711668553164633,4878.285202115949,0.024557088558810405,0.005827870909163712,0.2951535657687509,4120.0
DJI_20250929100321_0480_D.JPG,Part_one_pre_def_rgb,Pre_Defoliation,0.10332437604665756,0.11316387355327606,3781.5498046875,8.238153457641602,0.8487779877899316,-0.02204195410013199,0.3785504996776581,0.3666207194328308,0.25136658549308777,7.6720619247895625,4696.651659582925,0.02524510046002367,0.00606083912774289,0.2910135839752154,3283.0
DJI_20250929100323_0481_D.JPG,Part_one_pre_def_rgb,Pre_Defoliation,0.10975933820009232,0.11902040988206863,3994.93896484375,8.293033599853516,0.8418275749149738,-0.021611865609884262,0.3969656229019165,0.3853969871997833,0.2640690505504608,7.712080624571666,5070.7934770976035,0.02388327967013254,0.005788749223396128,0.2747109261516692,3998.0
DJI_20250929100325_0482_D.JPG,Part_one_pre_def_rgb,Pre_Defoliation,0.11323846131563187,0.12196461856365204,4440.3701171875,8.398717880249023,0.8386407202714711,-0.021799905225634575,0.39005258679389954,0.3793506920337677,0.2554103136062622,7.693978990787645,4980.055593352496,0.02431860807933908,0.005878428653379363,0.271829992087176,3579.0
DJI_20250929100327_0483_D.JPG,Part_one_pre_def_rgb,Pre_Defoliation,0.11476527899503708,0.12596088647842407,4576.17431640625,8.428836822509766,0.8232709424885866,-0.024301577359437943,0.4031450152397156,0.39141565561294556,0.26492103934288025,7.7217498776010975,5252.48120642735,0.023399378395592432,0.005712444563174049,0.26308915503257074,3680.0
DJI_20250929100329_0484_D.JPG,Part_one_pre_def_rgb,Pre_Defoliation,0.11407150328159332,0.12470587342977524,4169.23193359375,8.335726737976074,0.8315848864019365,-0.01990320160984993,0.38398781418800354,0.3752058744430542,0.25235244631767273,7.677035492120762,4926.731374602496,0.02506287804467506,0.005972405509733957,0.2671823556086214,4024.0
DJI_20250929100331_0485_D.JPG,Part_one_pre_def_rgb,Pre_Defoliation,0.11966374516487122,0.12807102501392365,4556.298828125,8.424485206604004,0.8376722546496308,-0.020498640835285187,0.39403820037841797,0.3854786455631256,0.25725534558296204,7.7005061249421285,5065.687584087574,0.023941272139467437,0.005835647877744411,0.26900190594718815,3620.0
DJI_20250929100333_0486_D.JPG,Part_one_pre_def_rgb,Pre_Defoliation,0.12052831053733826,0.12660475075244904,4686.97900390625,8.452756881713867,0.8558828457732022,-0.017012756317853928,0.37837842106819153,0.3722042739391327,0.2455018162727356,7.667136957918374,4798.597679182974,0.02478373949818992,0.006024964724668672,0.2761153359040833,3358.0
DJI_20250929100335_0487_D.JPG,Part_one_pre_def_rgb,Pre_Defoliation,0.13323727250099182,0.13065414130687714,5357.3310546875,8.586407661437988,0.886211393510433,-0.01172418799251318,0.39168187975883484,0.38844001293182373,0.2519608736038208,7.69970690698482,5037.869954745596,0.023636556083341434,0.005799687855301723,0.266559442524359,4062.0
DJI_20250929100337_0488_D.JPG,Part_one_pre_def_rgb,Pre_Defoliation,0.13110946118831635,0.12927007675170898,6001.16552734375,8.699875831604004,0.8859208394613476,-0.015389005653560162,0.3831152319908142,0.3783707618713379,0.24251683056354523,7.68193494622425,4909.688734558464,0.024147836545206205,0.005908827621102499,0.2679255694290203,3867.0
DJI_20250929100339_0489_D.JPG,Part_one_pre_def_rgb,Pre_Defoliation,0.1373560130596161,0.12985743582248688,6235.32275390625,8.73814582824707,0.9024272681312621,-0.01335229817777872,0.3977462947368622,0.39306625723838806,0.25103023648262024,7.711632201847318,5138.43995765044,0.02354799370514018,0.005724655178415324,0.2608694470632956,3256.0
DJI_20250929100341_0490_D.JPG,Part_one_pre_def_rgb,Pre_Defoliation,0.1318347007036209,0.130165234208107,5594.83837890625,8.629778861999512,0.8778904598308668,-0.015519583597779274,0.3991413116455078,0.3939952850341797,0.25701457262039185,7.715690013402082,5180.272478137231,0.023547652573292492,0.005685766914420121,0.25728956456683955,4102.0
DJI_20250929100343_0491_D.JPG,Part_one_pre_def_rgb,Pre_Defoliation,0.13852746784687042,0.13166308403015137,5812.31640625,8.667906761169434,0.8897149420136655,-0.012634044513106346,0.41105061769485474,0.4067155718803406,0.2638531029224396,7.7422751680109965,5330.77065114359,0.022748654874029994,0.005538899574690341,0.2618699113002708,3817.0
DJI_20250929100345_0492_D.JPG,Part_one_pre_def_rgb,Pre_Defoliation,0.13509991765022278,0.13031946122646332,5297.30712890625,8.575142860412598,0.8848176532769556,-0.011704390868544579,0.40096333622932434,0.3978540599346161,0.2596447467803955,7.702353846057157,5085.3503967404595,0.023955101722732006,0.005769393710690707,0.26047909503854744,3635.0
DJI_20250929100347_0493_D.JPG,Part_one_pre_def_rgb,Pre_Defoliation,0.12865056097507477,0.12937219440937042,5219.75732421875,8.56039810180664,0.8683582858412231,-0.015079215168952942,0.4082466661930084,0.4025323688983917,0.2681674063205719,7.727201885606168,5311.473680589531,0.023473375293521302,0.0056317238494419785,0.25309531729758944,3572.0
DJI_20250929100349_0494_D.JPG,Part_one_pre_def_rgb,Pre_Defoliation,0.13088925182819366,0.12721465528011322,5093.61328125,8.53593921661377,0.8876169110212335,-0.012679211795330048,0.401442289352417,0.39610591530799866,0.25988033413887024,7.71434181522,5122.63435665362,0.023657754973722876,0.005697817408152295,0.25806480945117727,4049.0
DJI_20250929100351_0495_D.JPG,Part_one_pre_def_rgb,Pre_Defoliation,0.14150120317935944,0.13168951869010925,6970.3427734375,8.849563598632812,0.8944752121824923,-0.01742231473326683,0.4375644028186798,0.4287077486515045,0.2783498167991638,7.779712986741295,5880.321145731408,0.021482664225856297,0.005292931853215231,0.23373775530561447,4206.0
DJI_20250929100353_0496_D.JPG,Part_one_pre_def_rgb,Pre_Defoliation,0.13314545154571533,0.1285022497177124,6130.59375,8.721209526062012,0.882265957732022,-0.016988806426525116,0.4165741801261902,0.40832793712615967,0.26693621277809143,7.744835868030891,5491.9583804733375,0.02262933672586093,0.005500094388021592,0.2469347047189567,3776.0
DJI_20250929100355_0497_D.JPG,Part_one_pre_def_rgb,Pre_Defoliation,0.142609104514122,0.12975826859474182,6736.078125,8.81538200378418,0.9080163522229372,-0.010080982930958271,0.42043787240982056,0.4156043529510498,0.2681616544723511,7.754545389361971,5587.634379586595,0.022465649928388905,0.005455098221349288,0.24801310198636334,3875.0
DJI_20250929100357_0498_D.JPG,Part_one_pre_def_rgb,Pre_Defoliation,0.14496839046478271,0.13058501482009888,6814.59033203125,8.8269681930542,0.9094869798847933,-0.00929675530642271,0.417608380317688,0.41348201036453247,0.26438724994659424,7.746878282138841,5528.498459668543,0.023178516804817598,0.005504268892754451,0.2514562650949347,3137.0
DJI_20250929100359_0499_D.JPG,Part_one_pre_def_rgb,Pre_Defoliation,0.14722852408885956,0.12971138954162598,6874.50341796875,8.83572006225586,0.9134320326623158,-0.007103061303496361,0.4232805669307709,0.4196220338344574,0.26873499155044556,7.7550225717791665,5663.291573660714,0.02282328477282519,0.005450169755817614,0.24998123022188515,4088.0
DJI_20250929100401_0500_D.JPG,Part_one_pre_def_rgb,Pre_Defoliation,0.1355084925889969,0.12260241061449051,4811.17578125,8.478904724121094,0.8835087477402948,-0.0005121013382449746,0.40431833267211914,0.4051388204097748,0.2704508602619171,7.729387900021162,5706.074084974315,0.02312298838822134,0.005576342428142289,0.22640489653069382,3564.0
DJI_20250929100403_0501_D.JPG,Part_one_pre_def_rgb,Pre_Defoliation,0.15559087693691254,0.12445850670337677,7028.7666015625,8.857909202575684,0.9099830139105922,-0.0019320606952533126,0.4164745807647705,0.417824387550354,0.26358330249786377,7.733304163222564,5952.102005870841,0.02279719254288374,0.005544648350218119,0.21848058825441716,3166.0
DJI_20250929100405_0502_D.JPG,Part_one_pre_def_rgb,Pre_Defoliation,0.13988372683525085,0.12803491950035095,4752.86962890625,8.466713905334473,0.8737983825872476,-0.0026929660234600306,0.40553444623947144,0.40720587968826294,0.2689935266971588,7.714117593488527,5616.673128669277,0.023263893092352415,0.005643005708991182,0.2331076414321606,3840.0
DJI_20250929100407_0503_D.JPG,Part_one_pre_def_rgb,Pre_Defoliation,0.132557213306427,0.12814420461654663,4381.236328125,8.385313987731934,0.8477711742041242,-0.010597589425742626,0.42119812965393066,0.41816821694374084,0.2825811505317688,7.741944206379671,5806.51127537916,0.022779086892136695,0.005487288922094814,0.230224449464877,3148.0
DJI_20250929100409_0504_D.JPG,Part_one_pre_def_rgb,Pre_Defoliation,0.12537223100662231,0.1274278610944748,4301.79248046875,8.367019653320312,0.8270631300364617,-0.01700875163078308,0.4203076660633087,0.4137127697467804,0.28174564242362976,7.736169250067817,5752.5983480613995,0.022890340346311593,0.005492393545410601,0.2244211445575124,4294.0
DJI_20250929100411_0505_D.JPG,Part_one_pre_def_rgb,Pre_Defoliation,0.12025466561317444,0.12669241428375244,4180.46533203125,8.338417053222656,0.8139868094493979,-0.01879701018333435,0.4083753824234009,0.4012588560581207,0.27388763427734375,7.715866299485807,5610.440981989971,0.023088880611244506,0.005596381327734827,0.22043182059217065,3580.0
DJI_20250929100413_0506_D.JPG,Part_one_pre_def_rgb,Pre_Defoliation,0.12283381819725037,0.1284085065126419,4278.2314453125,8.361528396606445,0.8140453607102368,-0.018733682110905647,0.42318999767303467,0.41490858793258667,0.2837934195995331,7.739550999944093,5800.91683356776,0.02238684479278726,0.00546381026607925,0.21753315700484757,3009.0
DJI_20250929100415_0507_D.JPG,Part_one_pre_def_rgb,Pre_Defoliation,0.1278853416442871,0.12896844744682312,4282.15673828125,8.362445831298828,0.8348788376689034,-0.011058730073273182,0.4067428410053253,0.40337252616882324,0.27211683988571167,7.715472373561209,5596.587646006605,0.022987446617453812,0.005604342025868224,0.21602589754665433,3716.0
DJI_20250929100417_0508_D.JPG,Part_one_pre_def_rgb,Pre_Defoliation,0.13857907056808472,0.13243888318538666,4358.13134765625,8.380027770996094,0.8576286595734902,-0.0043688807636499405,0.4160307049751282,0.4168890118598938,0.2791682779788971,7.735755103010468,5704.989661050637,0.02253053134483819,0.005482320778423689,0.2179028011533243,3515.0
DJI_20250929100419_0509_D.JPG,Part_one_pre_def_rgb,Pre_Defoliation,0.14366702735424042,0.13342316448688507,5157.955078125,8.548489570617676,0.8733297331249809,-0.004162464756518602,0.4047298729419708,0.40593624114990234,0.26347553730010986,7.707621644707608,5470.381539719911,0.02264237600887488,0.005622179416452855,0.21661850234479457,3523.0
DJI_20250929100421_0510_D.JPG,Part_one_pre_def_rgb,Pre_Defoliation,0.16122139990329742,0.13782364130020142,6109.3037109375,8.717731475830078,0.9127880166681986,0.004616887774318457,0.4143422245979309,0.42045244574546814,0.26534125208854675,7.724622297102741,5592.425743028375,0.022103515831794165,0.005521991038817086,0.2145554601654705,2736.0
DJI_20250929100423_0511_D.JPG,Part_one_pre_def_rgb,Pre_Defoliation,0.15035773813724518,0.13466089963912964,5252.9833984375,8.566741943359375,0.9020779234457824,0.002639737445861101,0.39451733231544495,0.39935216307640076,0.2538291811943054,7.677586861864504,5143.209339836105,0.023604980151880534,0.005789694262796199,0.22068558355413637,2582.0
DJI_20250929100425_0512_D.JPG,Part_one_pre_def_rgb,Pre_Defoliation,0.15140458941459656,0.1383569985628128,5348.3623046875,8.584733009338379,0.8901447168857431,0.0011279641184955835,0.40553396940231323,0.4090750217437744,0.26121142506599426,7.704161920427485,5263.65979314457,0.023150126567013027,0.005643942796826758,0.2252854608117978,2944.0
DJI_20250929100428_0513_D.JPG,Part_one_pre_def_rgb,Pre_Defoliation,0.14173343777656555,0.13733072578907013,4841.474609375,8.485180854797363,0.8684701699757943,-0.0010459147160872817,0.3976764380931854,0.3999311923980713,0.2604524791240692,7.693787701097698,5154.503149461841,0.023297614924117062,0.005716186072252468,0.22965426162095634,3331.0
DJI_20250929100429_0514_D.JPG,Part_one_pre_def_rgb,Pre_Defoliation,0.1410837173461914,0.13776999711990356,4884.65771484375,8.494059562683105,0.8647710995189509,-0.0032233926467597485,0.3966788947582245,0.39756113290786743,0.2573596239089966,7.684191321150607,5061.069391358857,0.023292591331587714,0.005766507612713257,0.23095332484657433,3032.0
DJI_20250929100431_0515_D.JPG,Part_one_pre_def_rgb,Pre_Defoliation,0.12972626090049744,0.1356353610754013,3556.55322265625,8.176828384399414,0.8383289575481815,-0.0020962576381862164,0.3800962567329407,0.3815869092941284,0.25335127115249634,7.636768928300594,4709.333605980919,0.02445749415000635,0.0060211300028072704,0.2311066430924466,3222.0
DJI_20250929100433_0516_D.JPG,Part_one_pre_def_rgb,Pre_Defoliation,0.12936219573020935,0.13428860902786255,2319.858154296875,7.749692440032959,0.838791287495787,0.0029081632383167744,0.3878810405731201,0.3910054862499237,0.26476773619651794,7.640586321110941,4503.99800100905,0.024496003684353,0.00599354617306459,0.2400441581042449,2968.0
DJI_20250929100435_0517_D.JPG,Part_one_pre_def_rgb,Pre_Defoliation,0.1280382126569748,0.13418948650360107,663.3140258789062,6.498754978179932,0.839097927582192,0.01593058742582798,0.3945806622505188,0.40673908591270447,0.29085931181907654,7.601767863077941,4078.6242623226517,0.024547713460990484,0.006165503423662938,0.24868753098862262,3072.0
DJI_20250929100437_0518_D.JPG,Part_one_pre_def_rgb,Pre_Defoliation,0.128044992685318,0.13659609854221344,378.2921142578125,5.93830680847168,0.825950608205411,0.015592962503433228,0.4253183603286743,0.4391724765300751,0.32498157024383545,7.658397742749006,4321.62265319227,0.023502847105836625,0.005828245027293626,0.2543610194651525,4092.0
DJI_20250929100439_0519_D.JPG,Part_one_pre_def_rgb,Pre_Defoliation,0.1148444190621376,0.1324707269668579,728.579345703125,6.59246826171875,0.7854300238226553,0.0019396926509216428,0.4242814779281616,0.42822250723838806,0.3173191547393799,7.680704517911701,4525.142429060666,0.02316794838952044,0.005752496035398959,0.25861519563640073,3460.0
DJI_20250929100441_0520_D.JPG,Part_one_pre_def_rgb,Pre_Defoliation,0.1123126745223999,0.12864266335964203,1547.361328125,7.344952583312988,0.8055121009130741,-0.00904180109500885,0.4111650586128235,0.40694573521614075,0.29041367769241333,7.688129098432568,4720.436968719422,0.0236817371733493,0.005821303951426304,0.27071781180833226,2708.0
DJI_20250929100443_0521_D.JPG,Part_one_pre_def_rgb,Pre_Defoliation,0.10729044675827026,0.12436840683221817,2239.304443359375,7.714366912841797,0.806829911220394,-0.01859777234494686,0.4061741530895233,0.3954581022262573,0.2774515748023987,7.683859548498583,4747.5739817759295,0.023902572045049766,0.005818145437644225,0.25973463684945197,3928.0
DJI_20250929100445_0522_D.JPG,Part_one_pre_def_rgb,Pre_Defoliation,0.10587482899427414,0.12235508114099503,3327.905029296875,8.110398292541504,0.8137566737904832,-0.02940095216035843,0.41398340463638306,0.3969322443008423,0.2740062475204468,7.707996583427592,5004.802837573387,0.023566896182720613,0.005729797561854937,0.2605996288612847,3915.0
DJI_20250929100447_0523_D.JPG,Part_one_pre_def_rgb,Pre_Defoliation,0.09695901721715927,0.11553271859884262,3128.881591796875,8.048750877380371,0.8137130116891871,-0.03056098148226738,0.3828614354133606,0.36652055382728577,0.2532206177711487,7.644113815103758,4568.226482234589,0.02527192236896384,0.006127394882777641,0.2697605475695663,4212.0
DJI_20250929100449_0524_D.JPG,Part_one_pre_def_rgb,Pre_Defoliation,0.09470612555742264,0.11405148357152939,3202.84814453125,8.072108268737793,0.8089456081288109,-0.033219113945961,0.39438703656196594,0.37580543756484985,0.2625177204608917,7.675323833223258,4763.272661601027,0.024258863941295738,0.005934966014950738,0.2640178475921424,4299.0
DJI_20250929100451_0525_D.JPG,Part_one_pre_def_rgb,Pre_Defoliation,0.09541760385036469,0.11083105206489563,3204.7666015625,8.07270622253418,0.8301029123387567,-0.032661713659763336,0.384957492351532,0.36651143431663513,0.2526478171348572,7.637538840023863,4470.990930008562,0.02549381747128359,0.0061167604739338416,0.26265104230983033,4454.0
DJI_20250929100453_0526_D.JPG,Part_one_pre_def_rgb,Pre_Defoliation,0.09684554487466812,0.11206463724374771,3342.0302734375,8.114632606506348,0.8311732561969544,-0.03394217789173126,0.4031146466732025,0.3828356862068176,0.2657111585140228,7.684768217147516,4694.330758469912,0.024115330317596783,0.00584131531301476,0.2684240631774478,3854.0
DJI_20250929100455_0527_D.JPG,Part_one_pre_def_rgb,Pre_Defoliation,0.09326635301113129,0.10847156494855881,2990.8857421875,8.00365924835205,0.8302410320341943,-0.03327152132987976,0.3918268084526062,0.372079998254776,0.2590668201446533,7.655071883860153,4462.4671982020545,0.024904444202012474,0.00601191766270431,0.2766035324761586,4606.0
DJI_20250929100457_0528_D.JPG,Part_one_pre_def_rgb,Pre_Defoliation,0.1032918244600296,0.11222740262746811,3339.31640625,8.113821029663086,0.8585952580659987,-0.026648765429854393,0.40186867117881775,0.38510510325431824,0.26504969596862793,7.685105680665448,4664.852502751956,0.02448661436604448,0.0058417829747638575,0.27432355852522156,4480.0
DJI_20250929100459_0529_D.JPG,Part_one_pre_def_rgb,Pre_Defoliation,0.09734814614057541,0.1105017140507698,2895.562255859375,7.971280097961426,0.8406794340012869,-0.028725413605570793,0.3898163139820099,0.37233084440231323,0.25749725103378296,7.640985480624398,4402.4670529598825,0.024926760473411084,0.006041395340732864,0.2636524768993891,3875.0
DJI_20250929100501_0530_D.JPG,Part_one_pre_def_rgb,Pre_Defoliation,0.0939609482884407,0.11533805727958679,2404.25439453125,7.7854108810424805,0.7969975602843399,-0.030316028743982315,0.423696368932724,0.4027082324028015,0.28775912523269653,7.7166932972676685,4836.535966548435,0.023224328639398464,0.005622968638815047,0.26401310460784044,4488.0
DJI_20250929100503_0531_D.JPG,Part_one_pre_def_rgb,Pre_Defoliation,0.08999332040548325,0.11397062987089157,2599.38037109375,7.863412857055664,0.7892261371296382,-0.03207820653915405,0.40891778469085693,0.38802310824394226,0.27713513374328613,7.690067844267639,4685.374254678327,0.023871213850692987,0.005760454653822098,0.2615971523675899,4534.0
DJI_20250929100505_0532_D.JPG,Part_one_pre_def_rgb,Pre_Defoliation,0.08512373268604279,0.1164676696062088,2650.81201171875,7.882998466491699,0.7499571039004811,-0.03779761120676994,0.42530161142349243,0.4004022777080536,0.2903791666030884,7.726876855517538,4895.2685107326315,0.023042180986922466,0.005571746052119008,0.26809586166593863,3675.0
DJI_20250929100507_0533_D.JPG,Part_one_pre_def_rgb,Pre_Defoliation,0.07642170786857605,0.11351761966943741,2167.501220703125,7.681791305541992,0.7175554202285749,-0.038781777024269104,0.40060025453567505,0.37695956230163574,0.2768971920013428,7.670118313100136,4582.114469942514,0.023878776982677156,0.00586475048878722,0.2603866650429334,4372.0
DJI_20250929100509_0534_D.JPG,Part_one_pre_def_rgb,Pre_Defoliation,0.08035625517368317,0.11612168699502945,2355.6171875,7.7649827003479,0.7282330541256856,-0.039228662848472595,0.41726547479629517,0.39305227994918823,0.2884827256202698,7.709413072539804,4918.657721532534,0.023002158823417263,0.005635271380941416,0.2451290776730145,4526.0
DJI_20250929100511_0535_D.JPG,Part_one_pre_def_rgb,Pre_Defoliation,0.07321884483098984,0.11165335029363632,2342.944091796875,7.759590148925781,0.7132014661274014,-0.04504265636205673,0.3978009819984436,0.3717692792415619,0.2725188136100769,7.660954016430696,4573.785328247309,0.023715774833732158,0.00587618162545703,0.2455441216775627,4590.0
DJI_20250929100513_0536_D.JPG,Part_one_pre_def_rgb,Pre_Defoliation,0.07964986562728882,0.11403299123048782,2655.58251953125,7.884795665740967,0.741431121120201,-0.04114865884184837,0.41054272651672363,0.38592633605003357,0.2816601097583771,7.697125525152842,4771.302978993396,0.022817210960373868,0.005678394422432283,0.24417842337296033,4809.0
DJI_20250929100515_0537_D.JPG,Part_one_pre_def_rgb,Pre_Defoliation,0.08066889643669128,0.11128309369087219,2876.845947265625,7.964797496795654,0.7617734473143978,-0.03981780260801315,0.3922693729400635,0.3695894479751587,0.26624059677124023,7.65914793164126,4483.351791829746,0.023924428396203037,0.005883497468199342,0.24990534697171649,4240.0
DJI_20250929100517_0538_D.JPG,Part_one_pre_def_rgb,Pre_Defoliation,0.07279934734106064,0.10951864719390869,2685.353515625,7.895939826965332,0.7213078714342618,-0.04567324370145798,0.39230626821517944,0.3657250702381134,0.2663445472717285,7.6512696576536925,4395.9874747737285,0.02407310642458186,0.0059296055215295315,0.2520707215157766,4310.0
DJI_20250929100519_0539_D.JPG,Part_one_pre_def_rgb,Pre_Defoliation,0.06655974686145782,0.10655882209539413,2691.46875,7.898213863372803,0.699343823727671,-0.0514255054295063,0.37635648250579834,0.3477376699447632,0.2525590658187866,7.6057964254802695,4100.502373562867,0.025573503261569958,0.006190226579198692,0.2585436658194261,4222.0
DJI_20250929100521_0540_D.JPG,Part_one_pre_def_rgb,Pre_Defoliation,0.07767093181610107,0.11201651394367218,3451.408203125,8.146827697753906,0.7409592161503815,-0.0477396622300148,0.39270880818367004,0.3654802143573761,0.2605806589126587,7.670712734013528,4489.149263087083,0.02376694115100446,0.0058487041179018364,0.25605677383275705,4334.0
DJI_20250929100523_0541_D.JPG,Part_one_pre_def_rgb,Pre_Defoliation,0.0828612670302391,0.11186417192220688,3641.26318359375,8.200360298156738,0.7745457609461653,-0.044153157621622086,0.38502931594848633,0.36021846532821655,0.25254637002944946,7.65002263977584,4340.364756604697,0.024456911047386166,0.00597271309519324,0.26285114939548254,4828.0
DJI_20250929100525_0542_D.JPG,Part_one_pre_def_rgb,Pre_Defoliation,0.08921956270933151,0.11900534480810165,4368.06982421875,8.382305145263672,0.7764051345099121,-0.04503919184207916,0.40554431080818176,0.37991058826446533,0.2650572955608368,7.71958114457576,4835.650822529354,0.02301729626595573,0.005641088335850683,0.2617967717451206,4176.0
DJI_20250929100527_0543_D.JPG,Part_one_pre_def_rgb,Pre_Defoliation,0.08177156001329422,0.1137239933013916,3384.115234375,8.127142906188965,0.7551012845849803,-0.04326117783784866,0.3837289810180664,0.360654354095459,0.25580817461013794,7.658723740321414,4454.561135488015,0.024627203830744144,0.0059553350595861155,0.26388342405876847,4635.0
DJI_20250929100529_0544_D.JPG,Part_one_pre_def_rgb,Pre_Defoliation,0.08751416206359863,0.11988425254821777,3946.009033203125,8.280713081359863,0.7574638255660753,-0.0441623255610466,0.40816137194633484,0.3836331367492676,0.2715907096862793,7.73815319135663,5117.892379372554,0.022874878123717985,0.0055820637653863515,0.2557848595828493,3808.0
DJI_20250929100531_0545_D.JPG,Part_one_pre_def_rgb,Pre_Defoliation,0.09204987436532974,0.11725807934999466,3751.18115234375,8.230093002319336,0.7877669994944388,-0.03725091740489006,0.3941938281059265,0.37452736496925354,0.2628110349178314,7.706921240591378,4956.315683861301,0.023008125416373402,0.005731292731102265,0.2489497707577999,4179.0
DJI_20250929100533_0546_D.JPG,Part_one_pre_def_rgb,Pre_Defoliation,0.09731552004814148,0.1249793991446495,4234.58837890625,8.351277351379395,0.7815088128504458,-0.037892282009124756,0.4214070737361908,0.4000307619571686,0.28133898973464966,7.779624726505005,5645.148743272994,0.021864617330716363,0.005384939911495545,0.2402484730480286,4332.0
DJI_20250929100535_0547_D.JPG,Part_one_pre_def_rgb,Pre_Defoliation,0.10142704099416733,0.12178480625152588,4307.23681640625,8.368284225463867,0.8106130982473879,-0.03448722884058952,0.4034373462200165,0.3849523365497589,0.2650403380393982,7.7239808158761685,5203.690435420744,0.022743635685059924,0.005641327233873839,0.23980900139996628,4100.0
DJI_20250929100537_0548_D.JPG,Part_one_pre_def_rgb,Pre_Defoliation,0.11080802232027054,0.1295754462480545,4960.1494140625,8.509392738342285,0.8166097910347152,-0.03120097517967224,0.42580869793891907,0.40823662281036377,0.2798565924167633,7.780559951393925,5709.5199707986785,0.021283925063631158,0.005357476140648147,0.23731582739756749,3932.0
DJI_20250929100539_0549_D.JPG,Part_one_pre_def_rgb,Pre_Defoliation,0.10050715506076813,0.12318851798772812,4197.50244140625,8.342483520507812,0.7923318434598768,-0.03492511063814163,0.40996256470680237,0.39036476612091064,0.270259827375412,7.7261942916722655,5206.526888912671,0.023001766097516068,0.005610079728113129,0.24081387740903648,4750.0
DJI_20250929100541_0550_D.JPG,Part_one_pre_def_rgb,Pre_Defoliation,0.10648795962333679,0.12592823803424835,4768.02978515625,8.469898223876953,0.8053981102736159,-0.03314058110117912,0.4156261384487152,0.39698880910873413,0.2718634605407715,7.747677457656284,5406.615394905821,0.022498134810599788,0.005512266545998199,0.2403652003401334,4486.0
DJI_20250929100543_0551_D.JPG,Part_one_pre_def_rgb,Pre_Defoliation,0.10800731927156448,0.12106209993362427,4859.5087890625,8.488898277282715,0.8345185774580997,-0.02761003188788891,0.3903704583644867,0.3756018877029419,0.25282594561576843,7.681702649857134,4860.029052256605,0.023542807131095266,0.005824362931686582,0.24300516038072295,4326.0
DJI_20250929100545_0552_D.JPG,Part_one_pre_def_rgb,Pre_Defoliation,0.10765519738197327,0.12344199419021606,4997.3603515625,8.516864776611328,0.8212287338756626,-0.03285463899374008,0.4098571836948395,0.391677588224411,0.2658427953720093,7.722885176101461,5118.052803173923,0.02301391019243798,0.005586090059592982,0.2405893272658817,3729.0
DJI_20250929100547_0553_D.JPG,Part_one_pre_def_rgb,Pre_Defoliation,0.0925891250371933,0.1189233586192131,4034.49462890625,8.302884101867676,0.7728489233845023,-0.0371636226773262,0.39094945788383484,0.37104734778404236,0.2585560977458954,7.674996704028097,4736.135231928816,0.02394826149032143,0.00584437694240309,0.24604328828037356,4035.0
DJI_20250929100549_0554_D.JPG,Part_one_pre_def_rgb,Pre_Defoliation,0.10055933892726898,0.12270151823759079,4449.66064453125,8.40080738067627,0.792795274535037,-0.03541727736592293,0.40888723731040955,0.3892665505409241,0.26908648014068604,7.715452056270937,4955.845691658513,0.02241836797333243,0.005596318024605702,0.24651010855157532,4620.0
DJI_20250929100551_0555_D.JPG,Part_one_pre_def_rgb,Pre_Defoliation,0.08700621128082275,0.1146274283528328,2978.38427734375,7.999472141265869,0.7618453557312252,-0.03908666968345642,0.4031769931316376,0.38012272119522095,0.27006223797798157,7.672008056990706,4500.162835585861,0.023743576822283684,0.005805749607090834,0.25952650067326827,3731.0
DJI_20250929100553_0556_D.JPG,Part_one_pre_def_rgb,Pre_Defoliation,0.10044269263744354,0.12346237152814865,4160.3564453125,8.333596229553223,0.7993857623249686,-0.03660833090543747,0.41750529408454895,0.39684006571769714,0.2757321000099182,7.732331794474316,4831.960539995107,0.023179369569261,0.0055434895848641905,0.2754412303217186,4016.0
DJI_20250929100555_0557_D.JPG,Part_one_pre_def_rgb,Pre_Defoliation,0.11147494614124298,0.1274721622467041,4994.2392578125,8.516240119934082,0.8278267380580323,-0.0282927006483078,0.398137629032135,0.38352683186531067,0.25744107365608215,7.706146537458423,4789.98905332681,0.02413994732748908,0.005748328979520861,0.27693598632090627,4483.0
DJI_20250929100557_0558_D.JPG,Part_one_pre_def_rgb,Pre_Defoliation,0.11358436197042465,0.12773782014846802,5608.51611328125,8.632219314575195,0.8345989597695866,-0.028775352984666824,0.4136514961719513,0.3978901505470276,0.268544465303421,7.750650036506869,5209.047012597848,0.023070543707882137,0.005510314285655529,0.27107501702898046,4331.0
DJI_20250929100559_0559_D.JPG,Part_one_pre_def_rgb,Pre_Defoliation,0.11799238622188568,0.12769846618175507,5728.248046875,8.653339385986328,0.8545127079694825,-0.02335994504392147,0.3951781988143921,0.38329657912254333,0.2534225583076477,7.712305853286179,4949.851061796722,0.023671402235840452,0.005720364412194483,0.2701475377700536,4198.0
DJI_20250929100601_0560_D.JPG,Part_one_pre_def_rgb,Pre_Defoliation,0.12147007137537003,0.13164135813713074,5814.79150390625,8.66833209991455,0.8447742401262371,-0.0260159932076931,0.4163452386856079,0.4028567969799042,0.2678982615470886,7.751774892995437,5279.511504708904,0.022581017324413262,0.005488331787325192,0.2625538312239392,4225.0
DJI_20250929100603_0561_D.JPG,Part_one_pre_def_rgb,Pre_Defoliation,0.1188817024230957,0.13116455078125,5595.47998046875,8.62989330291748,0.8404322548028311,-0.026211826130747795,0.4033741354942322,0.3905158042907715,0.2587757408618927,7.721340168665136,5026.530363258317,0.02380118115532312,0.005646448483631716,0.2641393095349595,3897.0
DJI_20250929100605_0562_D.JPG,Part_one_pre_def_rgb,Pre_Defoliation,0.11978807300329208,0.13465993106365204,5812.259765625,8.66789722442627,0.8287313382817049,-0.03237396106123924,0.4285515546798706,0.41127774119377136,0.27421584725379944,7.767630196088245,5393.4661929733375,0.02242438927026525,0.005397203955811347,0.25949511416495413,4067.0
DJI_20250929100608_0563_D.JPG,Part_one_pre_def_rgb,Pre_Defoliation,0.11663882434368134,0.13189883530139923,5251.92138671875,8.566539764404297,0.8310890917516929,-0.030518794432282448,0.41559863090515137,0.3997645378112793,0.2672915756702423,7.737157602075729,5112.457807148973,0.02283080542069242,0.005547755202160899,0.2630203200461691,3118.0
DJI_20250929100609_0564_D.JPG,Part_one_pre_def_rgb,Pre_Defoliation,0.11325572431087494,0.13441742956638336,5284.86767578125,8.572792053222656,0.8114405237920151,-0.03578322380781174,0.4298821985721588,0.4103506803512573,0.2775634229183197,7.778446238825686,5470.661111790607,0.02218473854289908,0.005369917852447714,0.2593337855684876,3990.0
DJI_20250929100611_0565_D.JPG,Part_one_pre_def_rgb,Pre_Defoliation,0.10125671327114105,0.1282673180103302,4653.93603515625,8.445683479309082,0.785355625900052,-0.041278112679719925,0.4163528084754944,0.3937091529369354,0.2698087990283966,7.74125831613001,5069.082241468934,0.023261896206342395,0.005559036655582223,0.2674912677212151,3180.0
DJI_20250929100613_0566_D.JPG,Part_one_pre_def_rgb,Pre_Defoliation,0.09632363170385361,0.1301853358745575,4332.42724609375,8.374114036560059,0.7569398324754113,-0.045580629259347916,0.43226534128189087,0.4050962030887604,0.28160345554351807,7.772187989001648,5243.340845156556,0.02238444816510665,0.005413176584680861,0.27348559203882744,4257.0
DJI_20250929100615_0567_D.JPG,Part_one_pre_def_rgb,Pre_Defoliation,0.0897461324930191,0.12241198122501373,3798.08544921875,8.242515563964844,0.7553320904954499,-0.04243394359946251,0.4101552665233612,0.38570311665534973,0.27150487899780273,7.722121992840201,4745.638610720401,0.0236841694412825,0.005628693193462932,0.2803607754092298,4745.0
DJI_20250929100617_0568_D.JPG,Part_one_pre_def_rgb,Pre_Defoliation,0.0851447582244873,0.12416395545005798,3380.266845703125,8.126006126403809,0.7236943020957809,-0.04552854970097542,0.42003583908081055,0.39328864216804504,0.28139668703079224,7.744299351085001,4813.428189212329,0.024146671286291777,0.005547152142782047,0.29123327661707327,4816.0
DJI_20250929100619_0569_D.JPG,Part_one_pre_def_rgb,Pre_Defoliation,0.07938739657402039,0.11907210201025009,2993.336181640625,8.004477500915527,0.7135770942488586,-0.04416010528802872,0.3922589123249054,0.3681296706199646,0.2646130919456482,7.683551089007333,4347.587183524951,0.024825405932353755,0.005868318965133349,0.3049874776878838,4998.0
DJI_20250929100621_0570_D.JPG,Part_one_pre_def_rgb,Pre_Defoliation,0.08272823691368103,0.12284604460000992,3760.308837890625,8.232522010803223,0.7173690424211784,-0.04918189346790314,0.41470322012901306,0.3866364657878876,0.27584144473075867,7.735890916084697,4704.1058700770545,0.023835429251642736,0.005587248487581234,0.30087611293438515,4529.0
DJI_20250929100623_0571_D.JPG,Part_one_pre_def_rgb,Pre_Defoliation,0.0821264460682869,0.11938541382551193,3165.380859375,8.060344696044922,0.7325679060575421,-0.04377468675374985,0.3978995084762573,0.3734138607978821,0.26680177450180054,7.692318701181525,4343.018182026664,0.025016602631344084,0.005845669745926641,0.31708358561450467,4502.0
DJI_20250929100625_0572_D.JPG,Part_one_pre_def_rgb,Pre_Defoliation,0.0872403234243393,0.12088203430175781,3490.970947265625,8.158221244812012,0.7570838886846217,-0.040824685245752335,0.4033378064632416,0.3798235058784485,0.26906895637512207,7.7080994850290345,4442.561831121575,0.02494597608429875,0.00576010720153037,0.3187433332179706,4161.0
DJI_20250929100627_0573_D.JPG,Part_one_pre_def_rgb,Pre_Defoliation,0.08626437932252884,0.1191687360405922,2918.90625,7.979306697845459,0.7604883835830499,-0.03720584511756897,0.3912067413330078,0.3704185485839844,0.2633659243583679,7.67532659739033,4219.806965508806,0.025610445068578746,0.005935076166104596,0.3213943565095443,4307.0
DJI_20250929100629_0574_D.JPG,Part_one_pre_def_rgb,Pre_Defoliation,0.0945563018321991,0.12385427951812744,3213.989990234375,8.075579643249512,0.780202636195116,-0.034058086574077606,0.41712549328804016,0.3961164653301239,0.28055110573768616,7.733258804939981,4638.204963460127,0.024244277105414193,0.005621499232253482,0.3123159039845332,4651.0
DJI_20250929100631_0575_D.JPG,Part_one_pre_def_rgb,Pre_Defoliation,0.0969252958893776,0.12085982412099838,2799.20947265625,7.9374494552612305,0.8057574129821982,-0.0291350819170475,0.4003499150276184,0.38273271918296814,0.26819029450416565,7.689854061923922,4354.346406402887,0.02534022902509682,0.0058851664512397615,0.3217003000536427,4270.0
DJI_20250929100633_0576_D.JPG,Part_one_pre_def_rgb,Pre_Defoliation,0.09837493300437927,0.12144741415977478,2164.575439453125,7.680441379547119,0.8039111571988847,-0.02151450328528881,0.40686944127082825,0.39227986335754395,0.27931535243988037,7.70037592116912,4251.39335020181,0.025744916424311995,0.005865964711639934,0.34133627923832655,4254.0
DJI_20250929100635_0577_D.JPG,Part_one_pre_def_rgb,Pre_Defoliation,0.09760691970586777,0.11918585002422333,759.541015625,6.634029865264893,0.8035557802494102,-0.0009990364778786898,0.39194411039352417,0.3899962902069092,0.2904416024684906,7.619672028218477,3657.275455601761,0.02655688496186009,0.006217293228074841,0.33896432466447607,5228.0
DJI_20250929100637_0578_D.JPG,Part_one_pre_def_rgb,Pre_Defoliation,0.08883383125066757,0.11826743930578232,373.589111328125,5.925829887390137,0.7435924908845789,0.002825045259669423,0.40675297379493713,0.4073352813720703,0.31908369064331055,7.6143375692403055,3442.777519569471,0.02746357315863956,0.006330624331421399,0.3683392813901402,4721.0
DJI_20250929100639_0579_D.JPG,Part_one_pre_def_rgb,Pre_Defoliation,0.08055780082941055,0.11230085045099258,403.7690124511719,6.003316402435303,0.7310109116953152,0.00990732479840517,0.35608845949172974,0.35999855399131775,0.2833508551120758,7.51877842074858,3016.0691887842463,0.03042554071592251,0.007029572399133947,0.39488352163675033,5467.0
DJI_20250929100641_0580_D.JPG,Part_one_pre_def_rgb,Pre_Defoliation,0.08244126290082932,0.11618752777576447,327.24285888671875,5.793753623962402,0.7049152419033612,0.0009540074388496578,0.40230652689933777,0.40140455961227417,0.31806132197380066,7.598266466546892,3478.815806170499,0.027106039728738388,0.006352519617648435,0.34709369478823876,5238.0
DJI_20250929100643_0581_D.JPG,Part_one_pre_def_rgb,Pre_Defoliation,0.09336375445127487,0.11881103366613388,229.17115783691406,5.438823223114014,0.7572913794160002,0.011435326188802719,0.3946511149406433,0.40111997723579407,0.3142251670360565,7.56614641002041,3337.74349467955,0.02710458775737006,0.0064520439623341735,0.33055711661730625,5227.0
DJI_20250929100645_0582_D.JPG,Part_one_pre_def_rgb,Pre_Defoliation,0.1026347354054451,0.1246822401881218,455.5495300292969,6.123697280883789,0.7769207494561388,0.004810933955013752,0.42858579754829407,0.43083587288856506,0.3304513096809387,7.681541072494646,4035.953725079501,0.024369337664838744,0.0057782854396996935,0.31832622510142705,4694.0
DJI_20250929100647_0583_D.JPG,Part_one_pre_def_rgb,Pre_Defoliation,0.10379951447248459,0.12435032427310944,635.2077026367188,6.455524921417236,0.7870677356221466,0.0002851576136890799,0.41858971118927,0.4173398017883301,0.31229034066200256,7.660140409980778,3984.5497377996576,0.024453518237078038,0.005906596486101855,0.3135140670825339,5118.0
DJI_20250929100649_0584_D.JPG,Part_one_pre_def_rgb,Pre_Defoliation,0.1052439883351326,0.12450508028268814,681.5416870117188,6.525823593139648,0.805169937494255,0.004845075309276581,0.40434160828590393,0.4059823155403137,0.3023791015148163,7.65363565951679,3833.7165484344423,0.02531713564204715,0.00604620068731395,0.3415272066449626,4806.0
DJI_20250929100651_0585_D.JPG,Part_one_pre_def_rgb,Pre_Defoliation,0.09741216897964478,0.12387160956859589,131.5051727294922,4.886621475219727,0.75427462504213,0.01582452282309532,0.4087737500667572,0.42024603486061096,0.3343062102794647,7.578169260652631,3404.940897902397,0.026804449193842637,0.006371717298956673,0.32172520162057067,5201.0
DJI_20250929100653_0586_D.JPG,Part_one_pre_def_rgb,Pre_Defoliation,0.10271419584751129,0.129232257604599,697.0598754882812,6.548305034637451,0.756568225863284,0.009332867339253426,0.41061165928840637,0.41806864738464355,0.32281142473220825,7.645247984446524,3942.3907090875737,0.026406580319463795,0.00612181629909976,0.31409459770412096,4804.0
DJI_20250929100655_0587_D.JPG,Part_one_pre_def_rgb,Pre_Defoliation,0.10535275936126709,0.12800371646881104,1349.8328857421875,7.208476543426514,0.7951030463890676,0.003113602288067341,0.3809090852737427,0.38251399993896484,0.2787661552429199,7.638431576816668,4026.8214897260277,0.027618567823633332,0.00628236549679778,0.33831363436686,4608.0
DJI_20250929100657_0588_D.JPG,Part_one_pre_def_rgb,Pre_Defoliation,0.11291979253292084,0.13060039281845093,1196.162109375,7.087708950042725,0.8129875601311395,0.010133996605873108,0.38554397225379944,0.3920375406742096,0.2856113016605377,7.639929878454538,3961.954344269814,0.02643927706291603,0.006197014932825345,0.33317871234615487,4630.0
DJI_20250929100659_0589_D.JPG,Part_one_pre_def_rgb,Pre_Defoliation,0.11412753909826279,0.13182727992534637,1637.9630126953125,7.401819229125977,0.8059389075282655,0.006145089399069548,0.3938591480255127,0.3975306451320648,0.28707459568977356,7.676062901958396,4437.6159261863995,0.025609944629531714,0.005925237573642904,0.29922201091942896,3822.0
DJI_20250929100701_0590_D.JPG,Part_one_pre_def_rgb,Pre_Defoliation,0.13834282755851746,0.1381707340478897,3553.974609375,8.176103591918945,0.874798972408616,0.003248053602874279,0.42466381192207336,0.4256432056427002,0.2882796823978424,7.754822382604546,5222.926656525196,0.02369576923638393,0.005507328892546393,0.28676741682953955,4323.0
DJI_20250929100703_0591_D.JPG,Part_one_pre_def_rgb,Pre_Defoliation,0.14518029987812042,0.13661342859268188,4529.50732421875,8.41858959197998,0.9038021455709777,0.00729794055223465,0.40042760968208313,0.4038424491882324,0.26207706332206726,7.720182674631033,5025.751414200097,0.025352839356808304,0.005765800114686922,0.29463046011437083,3944.0
DJI_20250929100705_0592_D.JPG,Part_one_pre_def_rgb,Pre_Defoliation,0.1457287073135376,0.1371752917766571,4963.80859375,8.510129928588867,0.898630963323835,0.010243481025099754,0.38670867681503296,0.39177370071411133,0.2511099576950073,7.6994212883332,4972.900203339041,0.02556971281993818,0.00589207010602476,0.28887006484400984,3742.0
DJI_20250929100707_0593_D.JPG,Part_one_pre_def_rgb,Pre_Defoliation,0.15091587603092194,0.14031216502189636,5422.77685546875,8.59854793548584,0.8916735128075497,0.00840030424296856,0.4011410176753998,0.40519043803215027,0.25832393765449524,7.729898589869833,5197.177596777153,0.025316057758648244,0.005702967340665009,0.2893467646024996,3608.0
DJI_20250929100709_0594_D.JPG,Part_one_pre_def_rgb,Pre_Defoliation,0.149396151304245,0.1390656679868698,4967.30029296875,8.510832786560059,0.892340173729203,0.014425777830183506,0.3845601975917816,0.3925844430923462,0.25121253728866577,7.697511894780309,4983.269343964041,0.02564642095653583,0.005878209953885894,0.29146041591354377,3937.0
DJI_20250929100711_0595_D.JPG,Part_one_pre_def_rgb,Pre_Defoliation,0.15975642204284668,0.14157916605472565,5447.9345703125,8.603175163269043,0.9045270226276925,0.019753828644752502,0.3936300277709961,0.4050230085849762,0.2566595673561096,7.719297055489694,5230.380859375,0.024598217363360136,0.005729530480756896,0.2829272493121025,4041.0
DJI_20250929100713_0596_D.JPG,Part_one_pre_def_rgb,Pre_Defoliation,0.1590084433555603,0.14093564450740814,5487.5908203125,8.610426902770996,0.9105023152403714,0.023797158151865005,0.37540850043296814,0.38904550671577454,0.2436741143465042,7.682021615852477,4962.646430864726,0.025782311497908668,0.0059494600965593275,0.2847897577472808,3419.0
DJI_20250929100715_0597_D.JPG,Part_one_pre_def_rgb,Pre_Defoliation,0.16663698852062225,0.14360149204730988,6335.080078125,8.754015922546387,0.9156324206422158,0.01904252916574478,0.391895592212677,0.4045417308807373,0.2505508363246918,7.711187518678165,5261.729482632094,0.024450040201068134,0.005759163648696239,0.27730521110402784,3684.0
DJI_20250929100717_0598_D.JPG,Part_one_pre_def_rgb,Pre_Defoliation,0.16594427824020386,0.14259348809719086,6622.92333984375,8.798442840576172,0.9218888359070994,0.019643103703856468,0.3774920105934143,0.39136895537376404,0.23930160701274872,7.687408769259322,5122.649408329257,0.025429892773217652,0.005941814882377854,0.2799908859450397,4124.0
DJI_20250929100719_0599_D.JPG,Part_one_pre_def_rgb,Pre_Defoliation,0.17965802550315857,0.1438896805047989,7657.88037109375,8.943620681762695,0.944373525446579,0.02262837626039982,0.3942188024520874,0.4102160334587097,0.24655526876449585,7.719907358173199,5466.791019447162,0.02485632974172927,0.005728559577508659,0.27012760917757367,3134.0
DJI_20250929100721_0600_D.JPG,Part_one_pre_def_rgb,Pre_Defoliation,0.14246812462806702,0.1359287053346634,4359.0283203125,8.380233764648438,0.8662183641266048,0.0073271444998681545,0.3880857229232788,0.39584124088287354,0.26112860441207886,7.697926148550663,5370.560638606898,0.025022452265860102,0.005858575233351766,0.2668339952438698,3440.0
DJI_20250929100723_0601_D.JPG,Part_one_pre_def_rgb,Pre_Defoliation,0.1415194571018219,0.13440465927124023,5168.96728515625,8.55062198638916,0.8581428382663848,-0.0061948588117957115,0.4076632857322693,0.4083250164985657,0.26746729016304016,7.731338593944371,5681.311804366438,0.023828402068952762,0.005632895585812603,0.2578448234761156,3204.0
DJI_20250929100725_0602_D.JPG,Part_one_pre_def_rgb,Pre_Defoliation,0.1473538726568222,0.13332729041576385,4988.06298828125,8.515003204345703,0.887484296963569,0.003178348997607827,0.38834917545318604,0.3947193920612335,0.2537357807159424,7.690865558572631,5357.587806537426,0.024597201743740412,0.0058721664038535746,0.2635480428399195,3238.0
DJI_20250929100727_0603_D.JPG,Part_one_pre_def_rgb,Pre_Defoliation,0.15939879417419434,0.13471388816833496,6499.7626953125,8.779674530029297,0.9075674751815425,-0.00013103567471262068,0.40770387649536133,0.4121631979942322,0.2572236955165863,7.723024612319533,5665.935069104697,0.024016375879474448,0.005666767970133275,0.25564583956497067,3072.0
DJI_20250929100729_0604_D.JPG,Part_one_pre_def_rgb,Pre_Defoliation,0.15660008788108826,0.13386283814907074,6190.7158203125,8.73096752166748,0.9072470470631492,0.0020651614759117365,0.3932565152645111,0.3992155194282532,0.24857446551322937,7.694868031737253,5471.56624954134,0.024080701818658887,0.005824891520204614,0.2546350356227333,3196.0
DJI_20250929100731_0605_D.JPG,Part_one_pre_def_rgb,Pre_Defoliation,0.16236722469329834,0.13531772792339325,6853.6826171875,8.832687377929688,0.9122705345926403,0.0016424660570919514,0.4055912494659424,0.41127070784568787,0.2545829713344574,7.716885264122927,5667.307164261252,0.02402985057490415,0.005688578411456299,0.25353998509079484,3384.0
DJI_20250929100733_0606_D.JPG,Part_one_pre_def_rgb,Pre_Defoliation,0.1592814326286316,0.13502319157123566,6169.5947265625,8.727550506591797,0.9079023615834789,0.006316659972071648,0.3936897814273834,0.401897668838501,0.2508241832256317,7.69632904252318,5476.814346104451,0.024100912939928876,0.005798556751790194,0.25854666949250465,3292.0
DJI_20250929100735_0607_D.JPG,Part_one_pre_def_rgb,Pre_Defoliation,0.15837861597537994,0.13418376445770264,5735.1640625,8.654545783996582,0.9006118439194779,0.004992579575628042,0.409145712852478,0.4154663383960724,0.2634083330631256,7.721051214926485,5640.591242661449,0.023260921174441285,0.005669648152758589,0.2604850264325802,3923.0
DJI_20250929100737_0608_D.JPG,Part_one_pre_def_rgb,Pre_Defoliation,0.154280886054039,0.132022425532341,5057.3486328125,8.52879524230957,0.9024882131476545,0.012312721461057663,0.38801950216293335,0.39769428968429565,0.25308823585510254,7.686288790032314,5352.7224574975535,0.024601799351031226,0.005899396580662927,0.27055910207253575,3835.0
DJI_20250929100739_0609_D.JPG,Part_one_pre_def_rgb,Pre_Defoliation,0.15142010152339935,0.13094468414783478,4662.32763671875,8.447484970092773,0.8957432802494102,0.011993136256933212,0.3938315808773041,0.4023961126804352,0.2595405578613281,7.695301806308144,5414.656521373532,0.024508313874375326,0.005850776304971905,0.27293158905180115,4136.0
DJI_20250929100741_0610_D.JPG,Part_one_pre_def_rgb,Pre_Defoliation,0.1481173038482666,0.1304137408733368,4332.7021484375,8.374176979064941,0.8892454307993994,0.01679742895066738,0.3829040229320526,0.39329639077186584,0.25557151436805725,7.67887908404343,5227.177172517124,0.025966988188326212,0.005987539131948352,0.28469218084701275,3825.0
DJI_20250929100749_0611_D.JPG,Part_one_pre_def_rgb,Pre_Defoliation,0.1352173089981079,0.11944227665662766,3569.875244140625,8.18056583404541,0.8989386087875724,-0.0036011869087815285,0.41934990882873535,0.41897615790367126,0.28338509798049927,7.66848225630728,4652.835222755626,0.022535184445749347,0.005629729326818463,0.18356056056922102,3774.0
DJI_20250929100751_0612_D.JPG,Part_one_pre_def_rgb,Pre_Defoliation,0.12601739168167114,0.11819504201412201,3138.10400390625,8.051692962646484,0.8820795799246254,-0.005472824443131685,0.4027285873889923,0.4015941023826599,0.27444231510162354,7.6268895707862825,4392.238013698629,0.023182666213833657,0.0058407769554728985,0.1856341987696827,3854.0
DJI_20250929100753_0613_D.JPG,Part_one_pre_def_rgb,Pre_Defoliation,0.12433043122291565,0.11866845190525055,3336.933837890625,8.113107681274414,0.8722005986303888,-0.011193929240107536,0.41994568705558777,0.4145144820213318,0.2847527861595154,7.661517650668815,4605.305574241684,0.02233262712651298,0.005669135368262424,0.1811634553014083,4544.0
DJI_20250929100755_0614_D.JPG,Part_one_pre_def_rgb,Pre_Defoliation,0.12317752838134766,0.11783698946237564,3160.70556640625,8.058866500854492,0.8791300422066979,-0.009046322666108608,0.40326353907585144,0.39907509088516235,0.2717090845108032,7.615951061589348,4350.470924810421,0.0229043342029123,0.0059171148234080165,0.1786302935885199,4110.0
DJI_20250929100757_0615_D.JPG,Part_one_pre_def_rgb,Pre_Defoliation,0.13079041242599487,0.11810662597417831,3733.88818359375,8.225473403930664,0.9008609859974875,-0.008063645102083683,0.41394200921058655,0.40994709730148315,0.27516183257102966,7.646259963495401,4490.8708758867415,0.022223423763012673,0.0057753550918996956,0.18308660899883117,4193.0
DJI_20250929100759_0616_D.JPG,Part_one_pre_def_rgb,Pre_Defoliation,0.12543365359306335,0.1149679496884346,3274.92041015625,8.094353675842285,0.9059922404019978,-0.007736077066510916,0.39439964294433594,0.39088475704193115,0.2619362771511078,7.593794577237886,4130.690542441292,0.023643057795026637,0.006071418092041883,0.19734775930602275,4401.0
DJI_20250929100801_0617_D.JPG,Part_one_pre_def_rgb,Pre_Defoliation,0.13313329219818115,0.11336690932512283,4003.470703125,8.295166969299316,0.9282566565554432,-0.007834997028112411,0.40744879841804504,0.40313592553138733,0.26568976044654846,7.627992954045118,4267.719009907045,0.0230625455963137,0.005917362945387378,0.2059549107250289,4430.0
DJI_20250929100803_0618_D.JPG,Part_one_pre_def_rgb,Pre_Defoliation,0.11828441172838211,0.10627404600381851,3167.249755859375,8.060935020446777,0.9165843693507368,-0.010427072644233704,0.38910427689552307,0.3831576406955719,0.2589266002178192,7.5909009981677755,3996.562442667564,0.024368310954376336,0.006169845710629105,0.22569508376533318,3755.0
DJI_20250929100805_0619_D.JPG,Part_one_pre_def_rgb,Pre_Defoliation,0.11244099587202072,0.10227395594120026,2826.481689453125,7.947141647338867,0.9063042425008426,-0.009431391954421997,0.39942753314971924,0.39318305253982544,0.2744975984096527,7.632714688901914,4162.336289138942,0.023464192693756155,0.005956769326610087,0.2329433184943485,4988.0
DJI_20250929100807_0620_D.JPG,Part_one_pre_def_rgb,Pre_Defoliation,0.10237383842468262,0.09660013020038605,2917.78369140625,7.978922367095947,0.8996785665042742,-0.015127661637961864,0.3690982162952423,0.35962191224098206,0.24777179956436157,7.551105017029719,3664.141825159002,0.025908579500611737,0.006459604897926647,0.26071719542132094,5016.0
DJI_20250929100809_0621_D.JPG,Part_one_pre_def_rgb,Pre_Defoliation,0.09805130213499069,0.0977327823638916,2512.4150390625,7.829397678375244,0.8731985074455373,-0.015498651191592216,0.3835843801498413,0.3733099699020386,0.26498425006866455,7.601357701776568,3967.355537548924,0.02438263607087013,0.006167345997347175,0.24715924050696753,4596.0
DJI_20250929100811_0622_D.JPG,Part_one_pre_def_rgb,Pre_Defoliation,0.09480389952659607,0.094270259141922,2601.477294921875,7.8642191886901855,0.8864576630817783,-0.009231377393007278,0.34630757570266724,0.3400963544845581,0.2390812188386917,7.511665219304106,3514.8456457925645,0.026840067220534565,0.006708120464500259,0.2665908582757281,5497.0
DJI_20250929100813_0623_D.JPG,Part_one_pre_def_rgb,Pre_Defoliation,0.10176350176334381,0.10037489235401154,2838.843994140625,7.951504230499268,0.8785058465085639,-0.013056471943855286,0.3771105706691742,0.3684743344783783,0.2580745816230774,7.593170192448789,3918.22552287182,0.024948697138913206,0.006220607805669153,0.2511886262224745,5374.0
DJI_20250929100815_0624_D.JPG,Part_one_pre_def_rgb,Pre_Defoliation,0.10092628747224808,0.10189396142959595,2459.828125,7.808253288269043,0.8720193434598769,-0.011690955609083176,0.37273088097572327,0.36515572667121887,0.2566542625427246,7.575149118652156,3836.706522902398,0.025500657015073976,0.00631389824193027,0.2511749304797811,5171.0
DJI_20250929100817_0625_D.JPG,Part_one_pre_def_rgb,Pre_Defoliation,0.11590558290481567,0.10863908380270004,2709.0439453125,7.904720306396484,0.8910673660262892,-0.009681680239737034,0.4005885720252991,0.39402833580970764,0.27156245708465576,7.632217560802458,4170.741285469668,0.023845889371222513,0.005952498007681303,0.23051364054064125,4494.0
DJI_20250929100819_0626_D.JPG,Part_one_pre_def_rgb,Pre_Defoliation,0.12599784135818481,0.10846354067325592,3390.083740234375,8.128905296325684,0.9242612870361859,-0.007490092422813177,0.3902307152748108,0.38501182198524475,0.2537951171398163,7.5964934307211935,3930.2115643346374,0.024542660227563715,0.006147397844804584,0.24135383175506478,4787.0
DJI_20250929100821_0627_D.JPG,Part_one_pre_def_rgb,Pre_Defoliation,0.12354227155447006,0.10682373493909836,3130.241455078125,8.049184799194336,0.9153383717100224,-0.014901451766490936,0.4163646697998047,0.40591511130332947,0.2719232141971588,7.646583023284221,4156.93053602006,0.02343309523260746,0.00587473887395705,0.24159532906062117,3760.0
DJI_20250929100823_0628_D.JPG,Part_one_pre_def_rgb,Pre_Defoliation,0.1148526668548584,0.10189631581306458,2626.530517578125,7.873799800872803,0.911363396988081,-0.01249509584158659,0.39531925320625305,0.38618454337120056,0.26219719648361206,7.601506947936637,3848.7762582558707,0.024662780536280855,0.006130071752958677,0.257810818238608,4249.0
DJI_20250929100825_0629_D.JPG,Part_one_pre_def_rgb,Pre_Defoliation,0.11310961842536926,0.09728233516216278,2586.30517578125,7.858372211456299,0.9128308648926066,-0.013574434444308281,0.4042329788208008,0.39371779561042786,0.27009308338165283,7.629301175446371,3970.2689235261732,0.024101878206115812,0.005990276670585142,0.25748831245305553,4515.0
DJI_20250929100827_0630_D.JPG,Part_one_pre_def_rgb,Pre_Defoliation,0.10622717440128326,0.0893474593758583,2696.928955078125,7.90023946762085,0.9198986196647976,-0.011892585083842278,0.3756733238697052,0.36612236499786377,0.25034427642822266,7.570439046862003,3603.116365735079,0.025557882918595676,0.006356007888398837,0.283087877004309,4913.0
DJI_20250929100829_0631_D.JPG,Part_one_pre_def_rgb,Pre_Defoliation,0.10386853665113449,0.09081507474184036,2946.162841796875,7.988598346710205,0.9015761922817661,-0.01573972962796688,0.38486188650131226,0.37292221188545227,0.2571139633655548,7.6058878138535375,3784.3714683219177,0.025248247994053143,0.006167434824983184,0.2815457070530539,4620.0
DJI_20250929100831_0632_D.JPG,Part_one_pre_def_rgb,Pre_Defoliation,0.10484685003757477,0.08965655416250229,2940.236572265625,7.9865851402282715,0.9147506089714128,-0.008343682624399662,0.3609197735786438,0.35359930992126465,0.24143201112747192,7.556410692706902,3518.8226249082686,0.02741317383884053,0.006504557432562617,0.30313757840049915,5238.0
DJI_20250929100833_0633_D.JPG,Part_one_pre_def_rgb,Pre_Defoliation,0.10204917192459106,0.09305157512426376,2261.069091796875,7.724035263061523,0.8898280230260134,-0.006162751466035843,0.3691609501838684,0.3638351261615753,0.2564600706100464,7.590094804062301,3759.55561628547,0.025888483662302585,0.006261318633969693,0.2810639617066623,4739.0
DJI_20250929100835_0634_D.JPG,Part_one_pre_def_rgb,Pre_Defoliation,0.09035611152648926,0.09325502812862396,1594.8021240234375,7.375131607055664,0.850298453442412,-0.00952942669391632,0.363595187664032,0.35759106278419495,0.26123082637786865,7.570181267938436,3759.8505343383076,0.025546476838652188,0.006318333343468458,0.2615643935351187,4726.0
DJI_20250929100837_0635_D.JPG,Part_one_pre_def_rgb,Pre_Defoliation,0.09810268878936768,0.09689626097679138,1748.6239013671875,7.467155933380127,0.8559000329380764,-0.016946228221058846,0.4001074731349945,0.3901740312576294,0.2821379005908966,7.640332400032312,4214.195385121086,0.02324904495758441,0.005877816647106808,0.23458309793173338,4017.0
DJI_20250929100839_0636_D.JPG,Part_one_pre_def_rgb,Pre_Defoliation,0.10326919704675674,0.09779037535190582,1720.148681640625,7.450747013092041,0.8710594953580292,-0.012860232964158058,0.3930409848690033,0.3863624334335327,0.2764146625995636,7.616008059298167,4123.59206442637,0.023636557614767767,0.005967356520365486,0.22474807014944884,4220.0
DJI_20250929100841_0637_D.JPG,Part_one_pre_def_rgb,Pre_Defoliation,0.10670243203639984,0.09841058403253555,1808.49267578125,7.5008015632629395,0.8734980141403929,-0.014269452542066574,0.410124808549881,0.4021826386451721,0.2875380516052246,7.650358864661746,4347.910710463552,0.022954745098610344,0.005784505368953358,0.2154237066296594,3524.0
DJI_20250929100843_0638_D.JPG,Part_one_pre_def_rgb,Pre_Defoliation,0.10436669737100601,0.09609175473451614,1761.2459716796875,7.474344253540039,0.8780456709409565,-0.011857923120260239,0.39243313670158386,0.3862047493457794,0.2756096422672272,7.6100841135871615,4070.5063409674667,0.024087926412428746,0.005992490667416533,0.2249308486464321,4684.0
DJI_20250929100845_0639_D.JPG,Part_one_pre_def_rgb,Pre_Defoliation,0.10848114639520645,0.09471854567527771,1862.1962890625,7.530048847198486,0.8885702002328646,-0.010635854676365852,0.405203640460968,0.3988920748233795,0.28409942984580994,7.639104070930363,4227.598244863013,0.02342472741660402,0.005820094216642737,0.22139847098927326,4078.0
DJI_20250929100847_0640_D.JPG,Part_one_pre_def_rgb,Pre_Defoliation,0.11014097929000854,0.09355444461107254,2019.4052734375,7.611053466796875,0.9020877378435518,-0.006200745236128569,0.38554874062538147,0.381648987531662,0.2676082253456116,7.595339859699964,3901.5737218688846,0.024808604874179487,0.006066819343247083,0.23940064642235478,4347.0
DJI_20250929100849_0641_D.JPG,Part_one_pre_def_rgb,Pre_Defoliation,0.11215412616729736,0.0948166474699974,2185.43701171875,7.690028667449951,0.8966933139534884,-0.007444280665367842,0.4008451998233795,0.39566025137901306,0.27832120656967163,7.633122106966979,4143.315630351028,0.02413614839500727,0.005851329970983617,0.2314484266930959,3492.0
DJI_20250929100851_0642_D.JPG,Part_one_pre_def_rgb,Pre_Defoliation,0.11124160140752792,0.09370791167020798,2095.997314453125,7.648261547088623,0.903721954759935,-0.005642522592097521,0.385040819644928,0.38133320212364197,0.2663840353488922,7.591603804769849,3905.246510365704,0.024830605792654045,0.006063035188691659,0.23478491499064683,4030.0
DJI_20250929100853_0643_D.JPG,Part_one_pre_def_rgb,Pre_Defoliation,0.12813526391983032,0.09761718660593033,2391.3232421875,7.780020236968994,0.9230921289487392,-0.0019686489831656218,0.41657647490501404,0.4156118929386139,0.2865121066570282,7.658905796850658,4419.277072376468,0.022992832069294297,0.005668944028496846,0.2074183055895286,3883.0
DJI_20250929100855_0644_D.JPG,Part_one_pre_def_rgb,Pre_Defoliation,0.13683748245239258,0.09890314191579819,2666.738037109375,7.888986110687256,0.9360830882127646,0.001004962483420968,0.4128236472606659,0.4146118760108948,0.27956268191337585,7.639941642246879,4366.855621636497,0.022830791293532462,0.005719179305226409,0.19534587596244476,3761.0
DJI_20250929100857_0645_D.JPG,Part_one_pre_def_rgb,Pre_Defoliation,0.13770699501037598,0.10026534646749496,2803.06201171875,7.93882417678833,0.9306002389925545,-0.002124022226780653,0.42665112018585205,0.4265897274017334,0.2888214588165283,7.6650355033571165,4597.439946183954,0.022035502853520877,0.0055652489666438605,0.1841706604539992,3651.0
DJI_20250929100859_0646_D.JPG,Part_one_pre_def_rgb,Pre_Defoliation,0.13468413054943085,0.09940540790557861,2549.413330078125,7.844010829925537,0.9297518920243895,-0.0023051404859870672,0.4161818325519562,0.416400283575058,0.2819346487522125,7.634460958855181,4392.49332268224,0.022850762942242617,0.005718143412564599,0.183878242464743,3315.0
DJI_20250929100901_0647_D.JPG,Part_one_pre_def_rgb,Pre_Defoliation,0.13368336856365204,0.09896496683359146,2416.89013671875,7.790650367736816,0.9246021099518951,-0.0033058272674679756,0.4303954243659973,0.4297374188899994,0.29539602994918823,7.66808288450231,4660.4189892673685,0.021425324937970325,0.005545322812739726,0.1751215905085434,3654.0
DJI_20250929100903_0648_D.JPG,Part_one_pre_def_rgb,Pre_Defoliation,0.12690018117427826,0.09783045202493668,2197.216552734375,7.695401668548584,0.9170283152556914,-0.006233062595129013,0.41889578104019165,0.41635212302207947,0.2869082987308502,7.6304294524977285,4369.659376528865,0.022101064947956415,0.005741571816290046,0.1811177351359858,3819.0
DJI_20250929100905_0649_D.JPG,Part_one_pre_def_rgb,Pre_Defoliation,0.1310039460659027,0.09626756608486176,2737.73876953125,7.915252685546875,0.9211660653552717,-0.00909808836877346,0.4343666732311249,0.4294107258319855,0.29345089197158813,7.667808725918107,4617.222277855921,0.021836916877657396,0.005556989754935741,0.17926430618718586,3172.0
DJI_20250929100907_0650_D.JPG,Part_one_pre_def_rgb,Pre_Defoliation,0.12756681442260742,0.0949280634522438,2700.244140625,7.901467800140381,0.9204184476207985,-0.012269338592886925,0.4264509379863739,0.41952356696128845,0.28502941131591797,7.637492577312227,4398.791351975295,0.022070908483381193,0.0057074542020511205,0.18075758206128037,3654.0
DJI_20250929124149_0029_D.JPG,Post_def_rgb_part1,Post_Defoliation,0.015487570315599442,0.05301772058010101,485.1846923828125,6.186588764190674,0.5479819204430554,-0.05746861919760704,0.416559100151062,0.387016236782074,0.3419857919216156,7.761467211029012,5467.931063478473,0.023234717848841867,0.005585009210096467,0.2874274755158248,3272.0
DJI_20250929124153_0031_D.JPG,Post_def_rgb_part1,Post_Defoliation,0.018200375139713287,0.054020557552576065,540.1878051757812,6.293766498565674,0.5763189114348746,-0.055829912424087524,0.41850805282592773,0.3893846273422241,0.3420608341693878,7.767603407407381,5525.519214010519,0.02286549294560732,0.005528643997485805,0.27917482948276034,3155.0
DJI_20250929124155_0032_D.JPG,Post_def_rgb_part1,Post_Defoliation,0.0178771261125803,0.05157730355858803,364.8643798828125,5.9022626876831055,0.5801912897937923,-0.05152180790901184,0.3997713625431061,0.37390321493148804,0.33015796542167664,7.719739751616685,5230.476145884297,0.024127450882201043,0.0058299248162356565,0.2864312397005473,3347.0
DJI_20250929124157_0033_D.JPG,Post_def_rgb_part1,Post_Defoliation,0.015402195043861866,0.05358951538801193,446.74713134765625,6.104228496551514,0.5463207019640286,-0.055780716240406036,0.41968002915382385,0.3906412422657013,0.34620019793510437,7.765177123216918,5514.837042104941,0.02298629708355085,0.005528011104869999,0.27610385661366593,3378.0
DJI_20250929124159_0034_D.JPG,Post_def_rgb_part1,Post_Defoliation,0.013625212013721466,0.05059671401977539,355.4957580566406,5.876322269439697,0.5372064776940283,-0.057439446449279785,0.39587152004241943,0.3671763837337494,0.3248560428619385,7.697744939679174,5096.690530974804,0.024133515993365866,0.005926884327260981,0.2812180104208154,3457.0
DJI_20250929124201_0035_D.JPG,Post_def_rgb_part1,Post_Defoliation,0.015754900872707367,0.05348880589008331,478.83087158203125,6.173433780670166,0.5514904479578393,-0.057201121002435684,0.4205273985862732,0.390016108751297,0.3437499403953552,7.757076424829929,5402.658956090998,0.023227155437270115,0.0055605875925837005,0.27427337605063257,3580.0
DJI_20250929124203_0036_D.JPG,Post_def_rgb_part1,Post_Defoliation,0.015682334080338478,0.04994131624698639,344.7469177246094,5.845706939697266,0.5644129936881453,-0.0536208413541317,0.3970477879047394,0.36984187364578247,0.326953649520874,7.697040439008195,5065.527466059198,0.02428734846299959,0.005925898918535677,0.28161110888688434,3497.0
DJI_20250929124205_0037_D.JPG,Post_def_rgb_part1,Post_Defoliation,0.016490569338202477,0.051436107605695724,490.09716796875,6.19664192199707,0.5692130959493826,-0.057249411940574646,0.41523081064224243,0.3852402865886688,0.33875927329063416,7.747596891625187,5312.4080043725535,0.023115054266720853,0.005634537033376943,0.28215052743038077,3414.0
DJI_20250929124207_0038_D.JPG,Post_def_rgb_part1,Post_Defoliation,0.015475619584321976,0.04900117963552475,401.1678161621094,5.9968695640563965,0.5666582885222293,-0.05805249884724617,0.3957931101322174,0.3661993443965912,0.3211299777030945,7.693117101361275,4988.579084362769,0.024505116405291308,0.005968641043703489,0.2882809826191666,3443.0
DJI_20250929124209_0039_D.JPG,Post_def_rgb_part1,Post_Defoliation,0.015583311207592487,0.05115179345011711,431.2620849609375,6.069032192230225,0.5622419052762202,-0.05794462189078331,0.4184319078922272,0.38717567920684814,0.3403361141681671,7.749079439223481,5282.403299290607,0.022859130942572914,0.00562475323697788,0.2834538621371402,3332.0
DJI_20250929124211_0040_D.JPG,Post_def_rgb_part1,Post_Defoliation,0.01640588417649269,0.049246467649936676,338.8475646972656,5.828497409820557,0.5780996261911328,-0.053103335201740265,0.4031689465045929,0.3752296268939972,0.3308844268321991,7.717402561853683,5080.8269019080235,0.024052647677672366,0.005816241845242279,0.2856152523518143,3242.0
DJI_20250929124213_0041_D.JPG,Post_def_rgb_part1,Post_Defoliation,0.01826762966811657,0.051429323852062225,440.3853759765625,6.08991813659668,0.586174625425131,-0.054050199687480927,0.4251693785190582,0.3956759572029114,0.34791499376296997,7.768622546035327,5392.739943890656,0.02279131036271445,0.005502765135004585,0.28089889940123647,2982.0
DJI_20250929124215_0042_D.JPG,Post_def_rgb_part1,Post_Defoliation,0.01871643029153347,0.05171520635485649,378.0690612792969,5.937718391418457,0.5918261865367528,-0.05436781421303749,0.4060403108596802,0.37734827399253845,0.3299398422241211,7.719553488137244,5100.472075281312,0.024005715006759153,0.0057974159779669845,0.2856703908082543,3237.0
DJI_20250929124217_0043_D.JPG,Post_def_rgb_part1,Post_Defoliation,0.022965796291828156,0.056354276835918427,644.7987060546875,6.47048807144165,0.613245511229586,-0.05590624362230301,0.43297451734542847,0.40208372473716736,0.34822705388069153,7.78814403716953,5563.909296263455,0.022387891108097656,0.00538046444219623,0.2747592253080023,3057.0
DJI_20250929124219_0044_D.JPG,Post_def_rgb_part1,Post_Defoliation,0.024037422612309456,0.05496032536029816,471.5055847167969,6.158049583435059,0.6311979118791555,-0.052086587995290756,0.40351179242134094,0.3760192096233368,0.32448920607566833,7.7179127397132055,5144.714129005627,0.023988564186315293,0.005830588829058051,0.2833894039682391,3492.0
DJI_20250929124221_0045_D.JPG,Post_def_rgb_part1,Post_Defoliation,0.023760683834552765,0.05860259756445885,683.9795532226562,6.529388904571533,0.6079802543891902,-0.05774682015180588,0.4313638508319855,0.3988233208656311,0.34252211451530457,7.77436087884519,5471.928709026419,0.02230087502360683,0.00546043159220456,0.27499850139117166,3098.0
DJI_20250929124223_0046_D.JPG,Post_def_rgb_part1,Post_Defoliation,0.025075241923332214,0.056446708738803864,468.87799072265625,6.152472972869873,0.6329067182185862,-0.05135449394583702,0.40561607480049133,0.3782115876674652,0.3257317841053009,7.7196031767415185,5171.89894202544,0.023492181439210856,0.0058041509163908695,0.28088016481503536,3155.0
DJI_20250929124225_0047_D.JPG,Post_def_rgb_part1,Post_Defoliation,0.028367217630147934,0.06057543680071831,617.4754028320312,6.427257537841797,0.6440135046113307,-0.051388904452323914,0.4183647930622101,0.39040708541870117,0.3340821862220764,7.75348783265053,5399.828824455724,0.02275553078836416,0.005597687039795745,0.2762767218052348,2947.0
DJI_20250929124227_0048_D.JPG,Post_def_rgb_part1,Post_Defoliation,0.027458686381578445,0.05905944108963013,586.6314086914062,6.376100063323975,0.6430249314428409,-0.05150528997182846,0.3997192680835724,0.37289565801620483,0.31861335039138794,7.713025741805208,5160.225645181018,0.02422366433734122,0.005858856379667366,0.28037512638515744,3225.0
DJI_20250929124229_0049_D.JPG,Post_def_rgb_part1,Post_Defoliation,0.025655457749962807,0.06029493361711502,641.7994995117188,6.465832710266113,0.6185359982535159,-0.05350477993488312,0.4205016493797302,0.39075446128845215,0.3353517949581146,7.757400259381402,5397.687129250244,0.022489684538915186,0.005577247497063413,0.27581241210857604,2795.0
DJI_20250929124231_0050_D.JPG,Post_def_rgb_part1,Post_Defoliation,0.023552199825644493,0.05060812830924988,625.4375610351562,6.440049171447754,0.6446627389925544,-0.051086653023958206,0.36176109313964844,0.33724090456962585,0.28916850686073303,7.608004668646033,4291.985078277887,0.027389144974074086,0.006431208252589263,0.2776665474487753,3149.0
DJI_20250929124233_0051_D.JPG,Post_def_rgb_part1,Post_Defoliation,0.027232075110077858,0.06052807718515396,556.7821655273438,6.323968410491943,0.632471102582958,-0.05110066756606102,0.44922730326652527,0.4171477258205414,0.35783615708351135,7.7781161887234775,5601.312587909735,0.02248840748063818,0.0053923871604094585,0.24935104852599085,3169.0
DJI_20250929124235_0052_D.JPG,Post_def_rgb_part1,Post_Defoliation,0.024192355573177338,0.05617320537567139,560.7810668945312,6.331112384796143,0.619483829702485,-0.05285590514540672,0.38688746094703674,0.35987910628318787,0.30867835879325867,7.647477845238062,4878.451087787427,0.02395282590890931,0.006078869069194719,0.21170093970568749,3373.0
DJI_20250929124237_0053_D.JPG,Post_def_rgb_part1,Post_Defoliation,0.027147917076945305,0.06010450795292854,522.8970336914062,6.261295318603516,0.6328825891626069,-0.049180664122104645,0.4182609021663666,0.3908628225326538,0.3363168239593506,7.7238331540627785,5399.832023605676,0.02248059584019465,0.005662497193437726,0.22095142155578862,3216.0
DJI_20250929124239_0054_D.JPG,Post_def_rgb_part1,Post_Defoliation,0.02596546709537506,0.06229829043149948,539.9301147460938,6.293290138244629,0.6109890614946226,-0.051872726529836655,0.44005343317985535,0.4100109338760376,0.35400301218032837,7.769768595440871,5666.338215508806,0.021591225358572365,0.005394699623541344,0.22593540329528894,3224.0
DJI_20250929124241_0055_D.JPG,Post_def_rgb_part1,Post_Defoliation,0.026226548478007317,0.05935787037014961,484.4992980957031,6.185177803039551,0.6300621227441248,-0.050166334956884384,0.4265747666358948,0.3980824053287506,0.34336352348327637,7.7390431158106425,5472.1236889982865,0.022124296803277953,0.00557746686575014,0.22785215536843698,3151.0
DJI_20250929124243_0056_D.JPG,Post_def_rgb_part1,Post_Defoliation,0.021212007850408554,0.060132402926683426,501.0906982421875,6.218780994415283,0.5783581996660232,-0.05559328570961952,0.44472867250442505,0.41239243745803833,0.3588441014289856,7.77893695704012,5662.434446092222,0.021639526725249374,0.00535230493905253,0.23421715813483335,2941.0
DJI_20250929124245_0057_D.JPG,Post_def_rgb_part1,Post_Defoliation,0.021378139033913612,0.056366369128227234,451.55120849609375,6.114901065826416,0.5960317277936085,-0.052981890738010406,0.4210148751735687,0.39147645235061646,0.3405599296092987,7.7272172047733285,5317.220561704991,0.022869878992095215,0.00565879311732732,0.23545722681943435,3409.0
DJI_20250929124247_0058_D.JPG,Post_def_rgb_part1,Post_Defoliation,0.021518809720873833,0.057485226541757584,510.1044921875,6.236574172973633,0.5919267721451114,-0.05423905327916145,0.44044229388237,0.409020334482193,0.3560795187950134,7.770472246971164,5586.889031158267,0.022148732716703805,0.005411640765940288,0.23780432611142469,2915.0
DJI_20250929124249_0059_D.JPG,Post_def_rgb_part1,Post_Defoliation,0.020069047808647156,0.05407038331031799,428.74078369140625,6.063182353973389,0.5917058285075222,-0.053336307406425476,0.4195511043071747,0.3899044692516327,0.34018880128860474,7.723357579284438,5225.479073660714,0.02280291453999627,0.005690354627953834,0.24367896913586673,3157.0
DJI_20250929124251_0060_D.JPG,Post_def_rgb_part1,Post_Defoliation,0.018614597618579865,0.054861340671777725,428.6880187988281,6.063059329986572,0.5766874061647823,-0.05392415449023247,0.44665831327438354,0.4147112965583801,0.36414963006973267,7.784173601020753,5652.186070511252,0.021514908060214662,0.005341837443060011,0.2448635538541599,3204.0
DJI_20250929124253_0061_D.JPG,Post_def_rgb_part1,Post_Defoliation,0.018021268770098686,0.051762111485004425,355.2685852050781,5.87568473815918,0.5828488850844133,-0.052559804171323776,0.4246954321861267,0.39502519369125366,0.34733372926712036,7.740847574453963,5389.835677592955,0.02270453613438457,0.005606213986690065,0.24362267262922258,3351.0
DJI_20250929124255_0062_D.JPG,Post_def_rgb_part1,Post_Defoliation,0.013268656097352505,0.050720129162073135,300.6629333496094,5.709310054779053,0.5382346435793731,-0.0545971542596817,0.43572384119033813,0.40431100130081177,0.3596295714378357,7.758546235043337,5515.855021556996,0.022309671186768777,0.005503773215715464,0.24383001665020196,3354.0
DJI_20250929124257_0063_D.JPG,Post_def_rgb_part1,Post_Defoliation,0.01564663089811802,0.04795863479375839,294.65606689453125,5.689197063446045,0.5739395184146827,-0.051878590136766434,0.4145933985710144,0.3862103521823883,0.34218069911003113,7.716872539706525,5279.824604788405,0.02306404392148823,0.005753766320190538,0.24368555022175784,3251.0
DJI_20250929124259_0064_D.JPG,Post_def_rgb_part1,Post_Defoliation,0.015261565335094929,0.05050966516137123,381.69195556640625,5.947230339050293,0.5639156670343475,-0.05357562378048897,0.43453019857406616,0.4041374623775482,0.35848304629325867,7.763009887324877,5590.523177592955,0.022359455842576453,0.005477965539603888,0.2420718276272039,3084.0
DJI_20250929124301_0065_D.JPG,Post_def_rgb_part1,Post_Defoliation,0.012835448607802391,0.04934317246079445,352.4006042480469,5.867602348327637,0.5409592640254925,-0.056391142308712006,0.42137911915779114,0.3904547691345215,0.3466949760913849,7.735022188516309,5428.62800804183,0.023452700044627284,0.005649032581928212,0.24363160109079393,3318.0
DJI_20250929124303_0066_D.JPG,Post_def_rgb_part1,Post_Defoliation,0.01508786529302597,0.05160652473568916,412.346435546875,6.024286270141602,0.5593192254956032,-0.05456310883164406,0.4348704218864441,0.40395060181617737,0.35794296860694885,7.765351613475061,5628.323087389922,0.021916636494133182,0.0054671594627654,0.23940498496723964,3226.0
DJI_20250929124305_0067_D.JPG,Post_def_rgb_part1,Post_Defoliation,0.014951410703361034,0.04861760511994362,338.36468505859375,5.827075481414795,0.5671709352115697,-0.05145661160349846,0.41114136576652527,0.38389232754707336,0.34169185161590576,7.718802816091009,5383.802814640411,0.02311007540874268,0.005735731964700985,0.23756245565520054,3368.0
DJI_20250929124307_0068_D.JPG,Post_def_rgb_part1,Post_Defoliation,0.012946647591888905,0.05206191539764404,456.2214050292969,6.1251678466796875,0.533492565952753,-0.059881146997213364,0.4327695667743683,0.3992668390274048,0.35281750559806824,7.759959781289508,5616.108843719423,0.02220913744778541,0.005492152159005504,0.24015863256642137,3236.0
DJI_20250929124309_0069_D.JPG,Post_def_rgb_part1,Post_Defoliation,0.013336626812815666,0.05010012909770012,355.5401916503906,5.8764472007751465,0.543802423246622,-0.05506102740764618,0.41497376561164856,0.38568219542503357,0.34305402636528015,7.725077877360239,5462.947858060176,0.023001789335874892,0.005695732534414926,0.23733716541342892,3325.0
DJI_20250929124311_0070_D.JPG,Post_def_rgb_part1,Post_Defoliation,0.01532804872840643,0.05315439775586128,462.53338623046875,6.138878345489502,0.5540528196525416,-0.05458526313304901,0.4370878040790558,0.4068334102630615,0.3612508773803711,7.783043293009552,5759.560646251222,0.021808260766723833,0.005365672856089846,0.24114982081147146,3380.0
DJI_20250929124313_0071_D.JPG,Post_def_rgb_part1,Post_Defoliation,0.015117643401026726,0.049343958497047424,414.68487548828125,6.0299272537231445,0.5677746403621656,-0.05301257595419884,0.40110325813293457,0.3739416301250458,0.3316623270511627,7.69913921202244,5347.766683738993,0.023399710894865443,0.005853751254112619,0.2368636201273949,3204.0
DJI_20250929124315_0072_D.JPG,Post_def_rgb_part1,Post_Defoliation,0.01474560797214508,0.05181664973497391,438.58056640625,6.085821151733398,0.5535415134663112,-0.053969044238328934,0.42196279764175415,0.392762154340744,0.34881591796875,7.747726412571036,5591.361137016879,0.022428292480882416,0.005572986103780983,0.24162313175991343,3176.0
DJI_20250929124317_0073_D.JPG,Post_def_rgb_part1,Post_Defoliation,0.014836405403912067,0.050349343568086624,330.9667053222656,5.805034637451172,0.5581081288108588,-0.051341377198696136,0.4070180654525757,0.3798852860927582,0.3379160761833191,7.703590896941279,5352.381295101517,0.023736907390046313,0.005832705021974264,0.24396412964003814,3019.0
DJI_20250929124319_0074_D.JPG,Post_def_rgb_part1,Post_Defoliation,0.01749257743358612,0.053140897303819656,475.3636474609375,6.166181564331055,0.5729783298097252,-0.05221342295408249,0.42103612422943115,0.393019437789917,0.3475101590156555,7.746702741574672,5594.276499052104,0.022787429840438054,0.005574413918735668,0.2406417574886164,3025.0
DJI_20250929124321_0075_D.JPG,Post_def_rgb_part1,Post_Defoliation,0.015060634352266788,0.04956889897584915,433.5949401855469,6.074414253234863,0.5601264956184698,-0.05065084993839264,0.39369550347328186,0.368336945772171,0.32791775465011597,7.687964169005354,5311.040224437378,0.024140211745215183,0.005929753959186684,0.2400412426107916,3029.0
DJI_20250929124323_0076_D.JPG,Post_def_rgb_part1,Post_Defoliation,0.019061602652072906,0.05226951092481613,489.8837585449219,6.196207523345947,0.5943781693323529,-0.0482809916138649,0.414495050907135,0.3889302909374237,0.3443039357662201,7.73630253611313,5608.270184839775,0.022900369625481098,0.005644703095615543,0.2395379650466035,2985.0
DJI_20250929124325_0077_D.JPG,Post_def_rgb_part1,Post_Defoliation,0.015111793763935566,0.04404110834002495,464.6219787597656,6.143373966217041,0.5820414713362135,-0.05123179033398628,0.3609496057033539,0.33738166093826294,0.29870185256004333,7.605026747785886,4718.628531678081,0.026011393471746358,0.006407616774853788,0.2365067678745409,3266.0
DJI_20250929124327_0078_D.JPG,Post_def_rgb_part1,Post_Defoliation,0.01590658351778984,0.04766302555799484,410.3611145019531,6.019471645355225,0.5760648382204246,-0.04651590809226036,0.4008888304233551,0.377304345369339,0.33781328797340393,7.717799540051581,5565.3453209087575,0.023758885137637825,0.005764441880552184,0.23961519945548887,3109.0
DJI_20250929124329_0079_D.JPG,Post_def_rgb_part1,Post_Defoliation,0.016504576429724693,0.04437367618083954,341.41510009765625,5.836023807525635,0.6023589503477648,-0.04260677099227905,0.3792521059513092,0.35935911536216736,0.32296156883239746,7.674131400763239,5331.173889279598,0.024706532419847594,0.00605000201195423,0.24174585066902984,2974.0
DJI_20250929124331_0080_D.JPG,Post_def_rgb_part1,Post_Defoliation,0.016355004161596298,0.04956931993365288,422.1522216796875,6.047731876373291,0.5803276859852314,-0.04572511836886406,0.4165811538696289,0.39331138134002686,0.3536865711212158,7.765011480309608,5832.70542594178,0.022678572416065013,0.005517081286218554,0.24849793958022498,3022.0
DJI_20250929124333_0081_D.JPG,Post_def_rgb_part1,Post_Defoliation,0.017878049984574318,0.04688242822885513,326.5630187988281,5.791680335998535,0.6141534148359225,-0.04126949608325958,0.3993608057498932,0.3792690336704254,0.3412991464138031,7.728844970447519,5667.1581305039135,0.023569213126030032,0.005745693556876816,0.25310229405974316,2881.0
DJI_20250929124335_0082_D.JPG,Post_def_rgb_part1,Post_Defoliation,0.01756245829164982,0.04408704489469528,338.8200988769531,5.828416347503662,0.6217762815209731,-0.041401270776987076,0.3937704563140869,0.37387746572494507,0.33642205595970154,7.714879079830185,5660.672165484345,0.0238729308578665,0.005827847721822594,0.24916183513232132,2832.0
DJI_20250929124337_0083_D.JPG,Post_def_rgb_part1,Post_Defoliation,0.01611095480620861,0.03990258648991585,288.6850280761719,5.66879415512085,0.6269337714863499,-0.038444023579359055,0.365750789642334,0.34930291771888733,0.3167440891265869,7.65574919552951,5360.120898819717,0.02523390271733504,0.006199201048092965,0.24441386926042752,2843.0
DJI_20250929124339_0084_D.JPG,Post_def_rgb_part1,Post_Defoliation,0.015394100919365883,0.04373093321919441,408.2155456542969,6.014242172241211,0.5985344470999173,-0.04500163346529007,0.3898187577724457,0.36919504404067993,0.33317720890045166,7.717352805854306,5752.182695541829,0.023928752676526607,0.0058353843895822995,0.24929396233254428,2992.0
DJI_20250929124341_0085_D.JPG,Post_def_rgb_part1,Post_Defoliation,0.016019945964217186,0.04052439332008362,297.46527099609375,5.698653697967529,0.6251646903820817,-0.038966305553913116,0.3654887080192566,0.3489329218864441,0.31635725498199463,7.655306141143571,5397.80640365093,0.02490067425522117,0.006212374484057182,0.24440895260813025,2894.0
DJI_20250929124343_0086_D.JPG,Post_def_rgb_part1,Post_Defoliation,0.017190560698509216,0.044229838997125626,359.84710693359375,5.888454437255859,0.6194440454851855,-0.04021399840712547,0.39207160472869873,0.3740723729133606,0.33888259530067444,7.727510350507327,5850.026598428328,0.0237797875050619,0.005773524055349854,0.24961339276315475,2546.0
DJI_20250929124345_0087_D.JPG,Post_def_rgb_part1,Post_Defoliation,0.015993066132068634,0.04051685333251953,315.5694580078125,5.757542610168457,0.6232772141281367,-0.040221866220235825,0.36029770970344543,0.34400099515914917,0.31171122193336487,7.64511418866825,5427.131103993395,0.025230082096889678,0.006273029110104388,0.24115496770075442,2484.0
DJI_20250929124347_0088_D.JPG,Post_def_rgb_part1,Post_Defoliation,0.017110075801610947,0.044768501073122025,411.0731201171875,6.021200656890869,0.6169836477770628,-0.04185030981898308,0.38672012090682983,0.36839917302131653,0.332968145608902,7.720687597485023,5820.527588368395,0.02355734132940478,0.0058205692306632405,0.2520963366847416,3089.0
DJI_20250929124349_0089_D.JPG,Post_def_rgb_part1,Post_Defoliation,0.01731889322400093,0.04097142443060875,304.128662109375,5.720733642578125,0.6380435261359806,-0.0392068549990654,0.3583641052246094,0.3422498404979706,0.30881667137145996,7.637721707207399,5301.526946245107,0.025994594824075505,0.006343619270808496,0.2476290274008329,2843.0
DJI_20250929124351_0090_D.JPG,Post_def_rgb_part1,Post_Defoliation,0.018843412399291992,0.04541493207216263,428.4467468261719,6.062497615814209,0.6325320475993504,-0.04202675446867943,0.38086551427841187,0.36273089051246643,0.3257528841495514,7.6996044529380345,5718.064330815802,0.024789845229913718,0.005951612570691943,0.251939563498592,2589.0
DJI_20250929124353_0091_D.JPG,Post_def_rgb_part1,Post_Defoliation,0.017204351723194122,0.04191708192229271,332.5978698730469,5.8099365234375,0.6319459604896284,-0.04050268977880478,0.35466209053993225,0.33846938610076904,0.3050723075866699,7.62523955029967,5258.981760640901,0.02592583667864555,0.0064078242452372,0.2451138487273989,2878.0
DJI_20250929124355_0092_D.JPG,Post_def_rgb_part1,Post_Defoliation,0.017875198274850845,0.04666648060083389,437.15509033203125,6.082572937011719,0.6126238050372277,-0.04468202590942383,0.3847360610961914,0.36486512422561646,0.32711896300315857,7.704863544074547,5725.024511527642,0.02406387378669124,0.005902178714361172,0.24499160190920877,2536.0
DJI_20250929124357_0093_D.JPG,Post_def_rgb_part1,Post_Defoliation,0.013706213794648647,0.046676456928253174,384.8369140625,5.955414772033691,0.5638661162943898,-0.04948514699935913,0.3738144338130951,0.3529188632965088,0.3183170557022095,7.675908106531826,5536.585108090754,0.024422305198338233,0.006078979616808146,0.2467695034495262,2897.0
DJI_20250929124359_0094_D.JPG,Post_def_rgb_part1,Post_Defoliation,0.013098952360451221,0.047074947506189346,431.94873046875,6.070619106292725,0.5487806209210405,-0.05242292955517769,0.38687485456466675,0.3633728325366974,0.3267718553543091,7.7041583197799035,5673.373860995598,0.024027187859870416,0.005898632579575773,0.2476957248961544,2765.0
DJI_20250929124401_0095_D.JPG,Post_def_rgb_part1,Post_Defoliation,0.01564064249396324,0.045420341193675995,414.6270446777344,6.029788494110107,0.5899021336979502,-0.04803350567817688,0.36681532859802246,0.3467651605606079,0.3110743761062622,7.655912614938618,5412.520681720891,0.024984414571426236,0.006198258343614323,0.23790686770966465,2699.0
DJI_20250929124403_0096_D.JPG,Post_def_rgb_part1,Post_Defoliation,0.013848109170794487,0.053067710250616074,504.08294677734375,6.224722862243652,0.541061812513405,-0.052609410136938095,0.40833452343940735,0.3839004933834076,0.345618337392807,7.755899750961832,5919.141458231408,0.022723653703259683,0.005581467030338763,0.24984337223071848,2770.0
DJI_20250929124405_0097_D.JPG,Post_def_rgb_part1,Post_Defoliation,0.015855342149734497,0.044787582010030746,412.2695617675781,6.024100303649902,0.5989471305573429,-0.04624694213271141,0.3535043001174927,0.3348771333694458,0.30039459466934204,7.6210363208516005,5051.956220951564,0.02565945121612804,0.0064136648579852015,0.24462045982171288,3021.0
DJI_20250929124407_0098_D.JPG,Post_def_rgb_part1,Post_Defoliation,0.014981788583099842,0.04902048036456108,501.3358459472656,6.219268798828125,0.5644269253454668,-0.049839965999126434,0.38167494535446167,0.3600742220878601,0.3234917223453522,7.696472728701366,5600.789662579501,0.02388909411344871,0.005944354753985599,0.24556205840345155,2861.0
DJI_20250929124409_0099_D.JPG,Post_def_rgb_part1,Post_Defoliation,0.016890257596969604,0.05292731150984764,588.818603515625,6.379815101623535,0.5701397187241475,-0.051486629992723465,0.40751245617866516,0.3828631639480591,0.3413236141204834,7.751129917222933,5841.254395486791,0.02347054311283247,0.0056273304234103535,0.25143287559787697,2937.0
DJI_20250929124411_0100_D.JPG,Post_def_rgb_part1,Post_Defoliation,0.015758266672492027,0.049500588327646255,557.5161743164062,6.325283527374268,0.5698315945092992,-0.05223405733704567,0.3844282329082489,0.36101365089416504,0.3218407928943634,7.69767438799882,5564.574134662427,0.02460537899688187,0.005939510052637409,0.24671435551921853,3028.0
DJI_20250929124413_0101_D.JPG,Post_def_rgb_part1,Post_Defoliation,0.015174112282693386,0.051362257450819016,570.5386352539062,6.348331928253174,0.5547353272359592,-0.0523742213845253,0.40604135394096375,0.3807694613933563,0.34032344818115234,7.744870068751381,5773.287449547457,0.022992497692202334,0.005646265430825257,0.2505735711232013,2796.0
DJI_20250929124415_0102_D.JPG,Post_def_rgb_part1,Post_Defoliation,0.014536396600306034,0.047272101044654846,429.0749206542969,6.06395959854126,0.5645056799031773,-0.04950805753469467,0.3834165036678314,0.3605431318283081,0.32313334941864014,7.690824987721145,5404.859329134051,0.024342651432058514,0.005978589032784085,0.2504651581910282,3290.0
DJI_20250929124417_0103_D.JPG,Post_def_rgb_part1,Post_Defoliation,0.01421782374382019,0.050863999873399734,620.5166625976562,6.432162761688232,0.5460315841682752,-0.054557640105485916,0.41420191526412964,0.3872019350528717,0.3459841012954712,7.765605321550304,5796.620000611546,0.02314045076569057,0.00553532722862328,0.25449992076042544,3231.0
DJI_20250929124419_0104_D.JPG,Post_def_rgb_part1,Post_Defoliation,0.015324504114687443,0.05107811465859413,523.6109008789062,6.2626566886901855,0.5627826067806477,-0.05358118936419487,0.41156259179115295,0.38455677032470703,0.3422263264656067,7.752961594349223,5679.356313447895,0.02322572017671269,0.005610112278638126,0.25793430490043634,3117.0
DJI_20250929124421_0105_D.JPG,Post_def_rgb_part1,Post_Defoliation,0.01658179610967636,0.0489514134824276,526.5001831054688,6.268149375915527,0.5834174020283727,-0.049395397305488586,0.41715484857559204,0.3919220268726349,0.35010746121406555,7.772221395212531,5789.814472235812,0.02320237459667002,0.005495378412418443,0.257675947306366,3146.0
DJI_20250929124423_0106_D.JPG,Post_def_rgb_part1,Post_Defoliation,0.01359771378338337,0.04528546333312988,460.3848571777344,6.134232521057129,0.5648830315286332,-0.05100860819220543,0.3882657587528229,0.3643307089805603,0.3267979025840759,7.710896932663118,5390.588448660714,0.024513042316786103,0.005867593866089639,0.2588491062664785,3287.0
DJI_20250929124425_0107_D.JPG,Post_def_rgb_part1,Post_Defoliation,0.015086635015904903,0.050726085901260376,525.1051025390625,6.265501022338867,0.5622313248766737,-0.05222315713763237,0.42436808347702026,0.39725106954574585,0.3550473749637604,7.786429187701905,5786.15286356409,0.022879212809357286,0.005418443373466717,0.2610654955764448,2994.0
DJI_20250929124427_0108_D.JPG,Post_def_rgb_part1,Post_Defoliation,0.014822766184806824,0.04947120323777199,450.284423828125,6.11209774017334,0.5669103988571254,-0.05281050130724907,0.4106636047363281,0.3838141858577728,0.3421420156955719,7.746974072434182,5560.998742508562,0.023752996594236866,0.005651943126722849,0.2665140623043073,2991.0
DJI_20250929124429_0109_D.JPG,Post_def_rgb_part1,Post_Defoliation,0.016974803060293198,0.052315134555101395,665.6295166015625,6.50223445892334,0.5799810223059717,-0.054587703198194504,0.424378901720047,0.3960787057876587,0.3508036732673645,7.786868576159699,5781.803613472359,0.022668470557328443,0.005431233632968323,0.26470027244831495,3228.0
DJI_20250929124431_0110_D.JPG,Post_def_rgb_part1,Post_Defoliation,0.013012082315981388,0.050209078937768936,550.4728393554688,6.312592506408691,0.5425026139810645,-0.05700830742716789,0.3999437093734741,0.37184596061706543,0.3307361602783203,7.7221994561263605,5437.044409705234,0.02403917502399222,0.005808964530284928,0.2674417947434862,3129.0
DJI_20250929124433_0111_D.JPG,Post_def_rgb_part1,Post_Defoliation,0.015619417652487755,0.053754545748233795,737.5399169921875,6.60467529296875,0.5559852506357815,-0.05756107345223427,0.4189063012599945,0.3896171450614929,0.34470847249031067,7.771683837131551,5715.104295346136,0.02331477575387222,0.005506420290590767,0.2627488715161462,2695.0
DJI_20250929124435_0112_D.JPG,Post_def_rgb_part1,Post_Defoliation,0.012432608753442764,0.05106030032038689,709.7916259765625,6.566379547119141,0.5299852353157459,-0.061048589646816254,0.3926786780357361,0.36375072598457336,0.3223901391029358,7.710025771527087,5462.542383959148,0.024547196078128174,0.005862325649605241,0.25766775927759594,2889.0
DJI_20250929124437_0113_D.JPG,Post_def_rgb_part1,Post_Defoliation,0.014244744554162025,0.05227914825081825,627.7769165039062,6.443776607513428,0.5464471401323651,-0.05698692798614502,0.40998387336730957,0.38112637400627136,0.3380240797996521,7.741119305548452,5661.657943217955,0.023568987287281472,0.005658815061163115,0.2547780753446572,3058.0
DJI_20250929124439_0114_D.JPG,Post_def_rgb_part1,Post_Defoliation,0.01262049749493599,0.04885999858379364,544.0758056640625,6.300924777984619,0.5404477184637069,-0.0570795014500618,0.3866269588470459,0.35978615283966064,0.3203248381614685,7.687585280117245,5395.2917456580235,0.02446661109016568,0.005977084844260917,0.25092913557795493,3136.0
DJI_20250929124441_0115_D.JPG,Post_def_rgb_part1,Post_Defoliation,0.01383754052221775,0.051577288657426834,614.8349609375,6.42297887802124,0.5444480669945154,-0.057949237525463104,0.4114138185977936,0.38274866342544556,0.34024596214294434,7.749030697634128,5715.010744098582,0.022775632706182703,0.005606597032843564,0.252964597093445,3160.0
DJI_20250929124443_0116_D.JPG,Post_def_rgb_part1,Post_Defoliation,0.0114506296813488,0.04864822328090668,552.9013671875,6.316986560821533,0.5286958628244017,-0.060275789350271225,0.38288670778274536,0.3549351096153259,0.3155328333377838,7.676024334071008,5382.231680375489,0.02455456323295065,0.006042088097454918,0.2508014835116768,3249.0
DJI_20250929124445_0117_D.JPG,Post_def_rgb_part1,Post_Defoliation,0.013378319330513477,0.0536259301006794,748.2568969726562,6.619081974029541,0.532573268069982,-0.06149299442768097,0.4080289900302887,0.37810006737709045,0.3347928524017334,7.744590821966613,5699.903769416586,0.022852272435469775,0.0056331400180668,0.25498125315582454,2719.0
DJI_20250929124447_0118_D.JPG,Post_def_rgb_part1,Post_Defoliation,0.014977402053773403,0.05064467340707779,620.075927734375,6.431453227996826,0.5609517667830989,-0.05817379057407379,0.3746632933616638,0.3485315144062042,0.30742231011390686,7.653612554271416,5284.031873012476,0.025324717905361893,0.00617580730433025,0.25356451257364504,2984.0
DJI_20250929124449_0119_D.JPG,Post_def_rgb_part1,Post_Defoliation,0.013253414072096348,0.05614275112748146,731.494384765625,6.5964555740356445,0.518876725419003,-0.06236213073134422,0.401618093252182,0.37198635935783386,0.3291012942790985,7.723324235555859,5570.270628210617,0.023588232648522178,0.00575031475725775,0.25657547158616995,2258.0
DJI_20250929124451_0120_D.JPG,Post_def_rgb_part1,Post_Defoliation,0.014441167935729027,0.05358133465051651,699.2267456054688,6.551403999328613,0.5385369749057818,-0.06031838059425354,0.38740718364715576,0.3597627878189087,0.31767719984054565,7.694952644688962,5386.548652305528,0.024750315166148736,0.005946824756639547,0.26439348070321944,2805.0
DJI_20250929124453_0121_D.JPG,Post_def_rgb_part1,Post_Defoliation,0.013428513891994953,0.053941432386636734,634.0240478515625,6.453662872314453,0.52047264224653,-0.06130050867795944,0.394577294588089,0.36581823229789734,0.32363060116767883,7.719005425018025,5519.352747370352,0.02383990840360632,0.0058275093014800595,0.27533593424133856,2600.0
DJI_20250929124455_0122_D.JPG,Post_def_rgb_part1,Post_Defoliation,0.013585575856268406,0.05088885873556137,571.983642578125,6.350857257843018,0.5337673212151852,-0.060656026005744934,0.3695421516895294,0.34330207109451294,0.30347639322280884,7.660826064865409,5209.662980828032,0.025744836903742276,0.00622597644532301,0.28526046376163083,2886.0
DJI_20250929124457_0123_D.JPG,Post_def_rgb_part1,Post_Defoliation,0.014127220958471298,0.05292719602584839,603.2211303710938,6.403940200805664,0.5330358852682539,-0.06123574823141098,0.3917183578014374,0.36343786120414734,0.3210301399230957,7.719211628695773,5444.642528436889,0.0243207744690918,0.005861455253388628,0.2861017467053991,2725.0
DJI_20250929124459_0124_D.JPG,Post_def_rgb_part1,Post_Defoliation,0.013610639609396458,0.04949984699487686,569.3692016601562,6.346283912658691,0.5431630511382787,-0.06105834245681763,0.3755103051662445,0.3485824763774872,0.3080439865589142,7.681031353324063,5222.38857632094,0.02547857530964397,0.006130675853583264,0.29791328406921375,3095.0
DJI_20250929124501_0125_D.JPG,Post_def_rgb_part1,Post_Defoliation,0.015266964212059975,0.052225012332201004,732.2286987304688,6.5974578857421875,0.5536863835524098,-0.06009151041507721,0.39877817034721375,0.3706212043762207,0.32719725370407104,7.745106333429542,5495.337428143347,0.024039776571913675,0.00571814085772681,0.2946015017711591,2911.0
DJI_20250929124503_0126_D.JPG,Post_def_rgb_part1,Post_Defoliation,0.016396934166550636,0.05002046003937721,571.7555541992188,6.350459098815918,0.5740534611790299,-0.05562294274568558,0.3740566372871399,0.3494250178337097,0.30839645862579346,7.679668403353524,5170.665373501712,0.025664875494713066,0.0061282215478394644,0.297513721602134,3127.0
DJI_20250929124505_0127_D.JPG,Post_def_rgb_part1,Post_Defoliation,0.016234755516052246,0.052951909601688385,639.6461181640625,6.462477207183838,0.5566487996752153,-0.05795631557703018,0.39090120792388916,0.36418014764785767,0.3212243914604187,7.721197513306747,5390.441146342955,0.02500632940196196,0.005875923684263916,0.2927326912445535,2957.0
DJI_20250929124507_0128_D.JPG,Post_def_rgb_part1,Post_Defoliation,0.01577947847545147,0.05119903385639191,588.01806640625,6.378457069396973,0.5551966996813432,-0.056005727499723434,0.3740077614784241,0.34993621706962585,0.3100851774215698,7.682079694101144,5192.416558372065,0.025169838474184907,0.006090327088995196,0.28879534836052234,3165.0
DJI_20250929124509_0129_D.JPG,Post_def_rgb_part1,Post_Defoliation,0.01601998694241047,0.05348225682973862,703.7521362304688,6.5578460693359375,0.5516533190857003,-0.0563339963555336,0.39861127734184265,0.3722161054611206,0.32980090379714966,7.740063883636274,5532.0443217955,0.023599969681440746,0.005707079205101824,0.27712748445120117,3231.0
DJI_20250929124511_0130_D.JPG,Post_def_rgb_part1,Post_Defoliation,0.014871788211166859,0.04739363119006157,464.6209411621094,6.143372058868408,0.5581038679259736,-0.0526917427778244,0.36873072385787964,0.3456234633922577,0.3076443672180176,7.653185567319524,5018.983530302105,0.0255998629062431,0.00623564041426602,0.27154332059993835,3114.0
DJI_20250929124513_0131_D.JPG,Post_def_rgb_part1,Post_Defoliation,0.015892155468463898,0.05295140668749809,342.2928466796875,5.838583946228027,0.5534630940343782,-0.049149226397275925,0.41541367769241333,0.39053529500961304,0.34976479411125183,7.755251849486757,5472.266339744374,0.02344835366635629,0.005629447117783282,0.2827686061817653,3141.0
DJI_20250929124515_0132_D.JPG,Post_def_rgb_part1,Post_Defoliation,0.02079623006284237,0.04954493045806885,217.5814208984375,5.387158393859863,0.6300368925605907,-0.036461055278778076,0.3948062062263489,0.37752479314804077,0.33944714069366455,7.706082222059452,5203.394443340264,0.024960452460822073,0.005969790087577179,0.29624399084652747,3019.0
DJI_20250929124517_0133_D.JPG,Post_def_rgb_part1,Post_Defoliation,0.020948095247149467,0.050875354558229446,325.1785583496094,5.787445068359375,0.6253532704445874,-0.03995506465435028,0.39928847551345825,0.3800974488258362,0.33995839953422546,7.746194411028297,5274.376219269814,0.02476448297748434,0.0058276264974157065,0.3252144567231482,3186.0
DJI_20250929124519_0134_D.JPG,Post_def_rgb_part1,Post_Defoliation,0.017410309985280037,0.046641938388347626,400.3985290527344,5.994954586029053,0.603674223274198,-0.046517930924892426,0.3680090010166168,0.347798228263855,0.31017711758613586,7.678456775587822,5085.70622859589,0.026411452423228825,0.006260071996317294,0.31986035531468116,3138.0
DJI_20250929124521_0135_D.JPG,Post_def_rgb_part1,Post_Defoliation,0.014527000486850739,0.05074477940797806,609.3070068359375,6.413961887359619,0.5463071054324846,-0.05758725479245186,0.3985197842121124,0.3721078634262085,0.33116891980171204,7.7544651278809935,5522.570079348092,0.023962803106428177,0.005706305456052202,0.30188586685544816,3031.0
DJI_20250929124523_0136_D.JPG,Post_def_rgb_part1,Post_Defoliation,0.01654082164168358,0.04812077060341835,435.7254943847656,6.0793046951293945,0.5812134712902534,-0.05111364275217056,0.3693299889564514,0.34778571128845215,0.3097006380558014,7.670046451149624,5155.067522321429,0.026132140753671138,0.006200138896788264,0.2917870313410629,3266.0
DJI_20250929124525_0137_D.JPG,Post_def_rgb_part1,Post_Defoliation,0.018958570435643196,0.05100277066230774,267.5662536621094,5.593097686767578,0.598942438796458,-0.040897008031606674,0.39000681042671204,0.37166914343833923,0.3343729078769684,7.701632721522489,5326.901204745598,0.024836981182288293,0.005994332806087927,0.28430425706564555,3033.0
DJI_20250929124527_0138_D.JPG,Post_def_rgb_part1,Post_Defoliation,0.014515739865601063,0.0409906841814518,35.418067932128906,3.595065116882324,0.5982172266139657,-0.016032973304390907,0.34316664934158325,0.3389444053173065,0.3202064633369446,7.470848265288954,4236.989439365216,0.03138827077488002,0.007788892303906042,0.293793596926643,3773.0
DJI_20250929124529_0139_D.JPG,Post_def_rgb_part1,Post_Defoliation,0.01737130992114544,0.049153007566928864,9.127923965454102,2.3152964115142822,0.5850053715874621,-0.019146908074617386,0.4188686013221741,0.4112687408924103,0.3862975835800171,7.50250547254442,4927.363109252691,0.02896892004441022,0.007344573275999209,0.28084485470009823,3345.0
DJI_20250929124531_0140_D.JPG,Post_def_rgb_part1,Post_Defoliation,0.014667623676359653,0.04829781875014305,10.161558151245117,2.4124755859375,0.549640888791862,-0.021567167714238167,0.40876320004463196,0.4000488519668579,0.37666693329811096,7.481814060258531,4914.857513606899,0.029800724952691173,0.007525644183871414,0.2839370033023387,3278.0
DJI_20250929124533_0141_D.JPG,Post_def_rgb_part1,Post_Defoliation,0.015754271298646927,0.0497485026717186,9.640037536621094,2.3646240234375,0.5561148964365598,-0.020830336958169937,0.41637176275253296,0.4080027937889099,0.383879691362381,7.488234420943145,4950.028799993885,0.029204809080287324,0.00744190827276862,0.2824061667956901,3101.0
DJI_20250929124535_0142_D.JPG,Post_def_rgb_part1,Post_Defoliation,0.018913665786385536,0.05009552091360092,8.010324478149414,2.198371171951294,0.5991616589300487,-0.018785087391734123,0.4222743809223175,0.41471296548843384,0.388237863779068,7.49124324612512,4971.673422975784,0.029167828357134926,0.007413130583935556,0.2846294601729208,3022.0
DJI_20250929124537_0143_D.JPG,Post_def_rgb_part1,Post_Defoliation,0.018914062529802322,0.048795830458402634,9.672202110290527,2.367642402648926,0.6072668673591323,-0.0173265989869833,0.4122692346572876,0.40594303607940674,0.3807027339935303,7.479140143220892,4944.382529659981,0.029574961696600198,0.007561207733776086,0.28820826066673805,3092.0
DJI_20250929124539_0144_D.JPG,Post_def_rgb_part1,Post_Defoliation,0.019339339807629585,0.04891621693968773,8.566509246826172,2.258268356323242,0.6125754032999357,-0.017211973667144775,0.4194757342338562,0.4130113124847412,0.387207567691803,7.487383971218834,4941.191677623532,0.02980408075264865,0.007479792184077766,0.2924388940490414,2982.0
DJI_20250929124541_0145_D.JPG,Post_def_rgb_part1,Post_Defoliation,0.01877400279045105,0.04690917581319809,7.5910234451293945,2.1507179737091064,0.6131192166865828,-0.017333941534161568,0.4167988896369934,0.4100534915924072,0.3845341205596924,7.484219759929737,4965.727537151419,0.02998157234773166,0.007546329051885663,0.2908949569220228,3099.0
DJI_20250929124543_0146_D.JPG,Post_def_rgb_part1,Post_Defoliation,0.01890525035560131,0.04644674435257912,5.920167446136475,1.934440016746521,0.6157413843950118,-0.016533613204956055,0.42081356048583984,0.4143364429473877,0.3889541029930115,7.474209959498338,4952.650268315802,0.029567579915865023,0.0075740375119612065,0.2889918022946806,3060.0
DJI_20250929124545_0147_D.JPG,Post_def_rgb_part1,Post_Defoliation,0.017419463023543358,0.046367399394512177,6.27360200881958,1.984251618385315,0.5972744699267702,-0.017412500455975533,0.4149632751941681,0.4082599878311157,0.38413724303245544,7.467851462117501,5012.351142062133,0.029848379798546792,0.007651376834529553,0.28632172470722295,3073.0
DJI_20250929124547_0148_D.JPG,Post_def_rgb_part1,Post_Defoliation,0.020055623725056648,0.04620807617902756,6.105312824249268,1.9608428478240967,0.6318402522443852,-0.016003141179680824,0.4226146340370178,0.41624531149864197,0.3898203670978546,7.478717168921811,4973.987432729941,0.029238301466124085,0.007554479621896104,0.28855345751238504,3181.0
DJI_20250929124549_0149_D.JPG,Post_def_rgb_part1,Post_Defoliation,0.01804525777697563,0.04522204026579857,5.62501859664917,1.8908531665802002,0.6111206222998438,-0.014952965080738068,0.41568523645401,0.410124808549881,0.386519193649292,7.467376122274972,4989.714667930528,0.030156349984464776,0.007659133333498201,0.28857275863843485,3253.0
DJI_20250929124551_0150_D.JPG,Post_def_rgb_part1,Post_Defoliation,0.018166353926062584,0.04545830562710762,4.806437015533447,1.7589671611785889,0.6113152825014554,-0.014738236553966999,0.4198940098285675,0.4141901731491089,0.39031997323036194,7.464071375767181,4971.931288986057,0.029659774738264838,0.007650843161021959,0.28979238265989476,3375.0
DJI_20250929124553_0151_D.JPG,Post_def_rgb_part1,Post_Defoliation,0.015254443511366844,0.0449536070227623,5.758649826049805,1.910823106765747,0.5731242052731562,-0.018490472808480263,0.4159608483314514,0.407977432012558,0.3847396671772003,7.452018035641733,4948.748627843689,0.029985644521210133,0.007759826602667796,0.2861632919577224,3373.0
DJI_20250929124555_0152_D.JPG,Post_def_rgb_part1,Post_Defoliation,0.015887176617980003,0.0449368990957737,4.165684223175049,1.6420375108718872,0.5814565811042681,-0.01654478907585144,0.4241129755973816,0.41706541180610657,0.3941307067871094,7.458634635374187,4921.912525990705,0.029785737739822887,0.007658700344580265,0.2852317486480881,3392.0
DJI_20250929124557_0153_D.JPG,Post_def_rgb_part1,Post_Defoliation,0.0172860287129879,0.044246606528759,5.380438327789307,1.8532367944717407,0.6063097481386157,-0.015288383699953556,0.41278165578842163,0.4068138599395752,0.3835601508617401,7.440140617765793,4897.901281188845,0.03097544804030273,0.007852388758614978,0.28473342419298,3458.0
DJI_20250929124559_0154_D.JPG,Post_def_rgb_part1,Post_Defoliation,0.01670866832137108,0.04526332765817642,4.585826873779297,1.7202324867248535,0.5932786695315133,-0.017688453197479248,0.4280533790588379,0.4199191927909851,0.3950764536857605,7.448683576912174,4886.921049412917,0.02996848153355776,0.007685990880871509,0.27920449023224064,3422.0
DJI_20250929124601_0155_D.JPG,Post_def_rgb_part1,Post_Defoliation,0.015933796763420105,0.04419801011681557,4.1659417152404785,1.642087459564209,0.5861613161442535,-0.01690058223903179,0.41875752806663513,0.4114307463169098,0.38817018270492554,7.42493372430859,4823.856726241438,0.03058945391019078,0.007870378175492148,0.27604214806600214,3604.0
DJI_20250929124603_0156_D.JPG,Post_def_rgb_part1,Post_Defoliation,0.017753325402736664,0.04457448422908783,3.918691635131836,1.5930426120758057,0.6120846355363544,-0.015560848638415337,0.42810001969337463,0.42115408182144165,0.3964548408985138,7.44116782715052,4791.95101516634,0.02972157191692963,0.007702104934352256,0.27262964820254815,3467.0
DJI_20250929124605_0157_D.JPG,Post_def_rgb_part1,Post_Defoliation,0.017726382240653038,0.04438122734427452,5.14367151260376,1.815422534942627,0.6143976257774918,-0.016628097742795944,0.4226408004760742,0.4152061939239502,0.3900451958179474,7.440779800916976,4792.011497064578,0.02978379237658884,0.0077424567926806884,0.2719199734944982,3530.0
DJI_20250929124607_0158_D.JPG,Post_def_rgb_part1,Post_Defoliation,0.016723550856113434,0.04503472149372101,5.808604717254639,1.9181872606277466,0.5943526518981525,-0.01942175067961216,0.4298574924468994,0.42031100392341614,0.3940410614013672,7.453868001193826,4752.022394049658,0.029326245958516097,0.00759684036894081,0.27443668278220557,3493.0
DJI_20250929124609_0159_D.JPG,Post_def_rgb_part1,Post_Defoliation,0.018197475001215935,0.04474683851003647,5.9069108963012695,1.9325225353240967,0.6158640883046849,-0.016914399340748787,0.42132529616355896,0.4137876033782959,0.38805246353149414,7.442706132415468,4715.125026755137,0.029393025190200137,0.007685341757179353,0.2713115931945245,3681.0
DJI_20250929124611_0160_D.JPG,Post_def_rgb_part1,Post_Defoliation,0.020720938220620155,0.04698949307203293,7.378962516784668,2.1257240772247314,0.634644824125992,-0.01514273788779974,0.4296359419822693,0.4229435622692108,0.3955303430557251,7.473060208733358,4720.262731623043,0.028861924404273542,0.0074290951349070804,0.2664884315489366,3701.0
DJI_20250929124613_0161_D.JPG,Post_def_rgb_part1,Post_Defoliation,0.016251610592007637,0.04803440347313881,9.996253967285156,2.397554636001587,0.565496934077887,-0.021441612392663956,0.42541348934173584,0.4149264395236969,0.38818782567977905,7.472155428746869,4705.653482754403,0.028672410697649163,0.007443552646093844,0.26058939651431506,3642.0
DJI_20250929124615_0162_D.JPG,Post_def_rgb_part1,Post_Defoliation,0.019866423681378365,0.049966294318437576,12.689720153808594,2.616645097732544,0.6034744404357019,-0.017881786450743675,0.43123629689216614,0.4228048324584961,0.39450690150260925,7.503602393997914,4724.85636695817,0.027739508724948916,0.007176018600106813,0.25851170950838126,3605.0
DJI_20250929124617_0163_D.JPG,Post_def_rgb_part1,Post_Defoliation,0.01857505924999714,0.04917251318693161,15.158985137939453,2.7824761867523193,0.5896815251861385,-0.018805624917149544,0.42528194189071655,0.4165791869163513,0.3893013894557953,7.511932197380077,4749.401128302348,0.027242669617151955,0.007142519730063596,0.2531981714167569,3589.0
DJI_20250929124619_0164_D.JPG,Post_def_rgb_part1,Post_Defoliation,0.017501836642622948,0.0505676232278347,18.360504150390625,2.9632351398468018,0.5722260681894782,-0.021150769665837288,0.4351179301738739,0.4245343804359436,0.39644894003868103,7.542361642064043,4838.351841517858,0.02674062391616299,0.00689283785001835,0.2472046734495936,3437.0
DJI_20250929124621_0165_D.JPG,Post_def_rgb_part1,Post_Defoliation,0.01621853932738304,0.049284860491752625,16.02115821838379,2.8344571590423584,0.5633705610197016,-0.020765051245689392,0.426457017660141,0.41645389795303345,0.39023229479789734,7.518327159504043,4767.3085020181015,0.02736507528700281,0.007087232762658918,0.24842290297789163,3478.0
DJI_20250929124623_0166_D.JPG,Post_def_rgb_part1,Post_Defoliation,0.01427173800766468,0.04854104667901993,23.051424026489258,3.180194139480591,0.5452944989582376,-0.0238612312823534,0.42753633856773376,0.41533029079437256,0.38885241746902466,7.54296254597774,4863.844029017857,0.02700734164807026,0.006929839255887654,0.24521313152011584,3512.0
DJI_20250929124625_0167_D.JPG,Post_def_rgb_part1,Post_Defoliation,0.015624538995325565,0.046945009380578995,37.41592788696289,3.6484720706939697,0.5746945567913717,-0.02348698489367962,0.4019984006881714,0.3907407224178314,0.3638584613800049,7.546109187413797,4672.185944379891,0.027673600083292876,0.007017079570602954,0.2568436062516472,3494.0
DJI_20250929124627_0168_D.JPG,Post_def_rgb_part1,Post_Defoliation,0.02066619321703911,0.050132784992456436,114.81785583496094,4.752018928527832,0.6246944131660386,-0.03100772202014923,0.405344158411026,0.38911792635917664,0.3522256314754486,7.618512038137003,4876.129414597603,0.026155466779879857,0.006517326613333133,0.2667536032274212,3295.0
DJI_20250929124629_0169_D.JPG,Post_def_rgb_part1,Post_Defoliation,0.02675468847155571,0.052719347178936005,256.2549133300781,5.55006742477417,0.6763073256579956,-0.03869956359267235,0.41068458557128906,0.38968732953071594,0.34193533658981323,7.667659832368025,4969.68074241683,0.025757062192482028,0.006170609868923259,0.27840714995204996,3215.0
DJI_20250929124631_0170_D.JPG,Post_def_rgb_part1,Post_Defoliation,0.021337946876883507,0.054645806550979614,379.5677795410156,5.941664218902588,0.6091073302540062,-0.04814193770289421,0.42961305379867554,0.40253230929374695,0.35411354899406433,7.733574239789744,5328.629651571673,0.02317120146853473,0.00570192017587068,0.26725309265568703,3209.0
DJI_20250929124633_0171_D.JPG,Post_def_rgb_part1,Post_Defoliation,0.017283393070101738,0.05334588512778282,353.5324401855469,5.870800018310547,0.5695775212948494,-0.052825625985860825,0.4214380085468292,0.39220181107521057,0.3456822335720062,7.720445848802843,5249.390613533513,0.023501394115555692,0.005772364414811047,0.2680392617551088,3013.0
DJI_20250929124635_0172_D.JPG,Post_def_rgb_part1,Post_Defoliation,0.01677989587187767,0.053748518228530884,423.302001953125,6.050445556640625,0.5647928826944878,-0.05494339391589165,0.4306527078151703,0.3995194435119629,0.3516063988208771,7.749368967324834,5336.739443187378,0.02304987986629941,0.005600635353902993,0.2723378967979444,2816.0
DJI_20250929124637_0173_D.JPG,Post_def_rgb_part1,Post_Defoliation,0.015300029888749123,0.0506930835545063,349.2142639160156,5.858545303344727,0.5596346746024451,-0.05479726567864418,0.4093402326107025,0.38000020384788513,0.3353601396083832,7.719060625510572,5138.020207772748,0.024094790627736323,0.0058186582714311545,0.28753273693581044,3357.0
DJI_20250929124639_0174_D.JPG,Post_def_rgb_part1,Post_Defoliation,0.016108999028801918,0.05043439939618111,555.4318237304688,6.321544647216797,0.5701748111805619,-0.05976612865924835,0.42602404952049255,0.39274361729621887,0.34335416555404663,7.756780070173224,5399.479268590998,0.022624770131452795,0.005565226653874493,0.2751087526520776,3175.0
DJI_20250929124641_0175_D.JPG,Post_def_rgb_part1,Post_Defoliation,0.016085077077150345,0.047275520861148834,458.7336730957031,6.1306471824646,0.5840013347580967,-0.05600898340344429,0.3949783444404602,0.3669493496417999,0.3228352665901184,7.703740338146687,5078.743036020059,0.02384199304694643,0.005905443186289612,0.2879903993566103,3387.0
DJI_20250929124643_0176_D.JPG,Post_def_rgb_part1,Post_Defoliation,0.017468487843871117,0.048545047640800476,589.0860595703125,6.380268573760986,0.5923055121487882,-0.05788920819759369,0.41343778371810913,0.3829534947872162,0.3350006937980652,7.751181679819643,5302.019699425147,0.02351117464131689,0.005642797302285719,0.2914780470631731,3275.0
DJI_20250929124645_0177_D.JPG,Post_def_rgb_part1,Post_Defoliation,0.01879819855093956,0.050993215292692184,390.46771240234375,5.969902992248535,0.5963266863529123,-0.05302993208169937,0.42604300379753113,0.3967137932777405,0.34858638048171997,7.774201187152972,5238.823007124511,0.02325426884146245,0.00554999042691051,0.3162539313922096,3272.0
DJI_20250929124647_0178_D.JPG,Post_def_rgb_part1,Post_Defoliation,0.018960878252983093,0.05265874043107033,420.0242919921875,6.042690753936768,0.5902771394429636,-0.05373893305659294,0.42783886194229126,0.39787885546684265,0.34895798563957214,7.77134820645267,5212.544474681998,0.02361993371939971,0.005561533970560795,0.3132418878349528,3377.0
DJI_20250929124649_0179_D.JPG,Post_def_rgb_part1,Post_Defoliation,0.02692563645541668,0.054213747382164,386.232421875,5.959024906158447,0.6625419385972976,-0.04726693406701088,0.4112667739391327,0.3857407569885254,0.33328908681869507,7.717432422185224,4949.106443401419,0.02437302569604628,0.005890905902588986,0.3103761053380335,3220.0
DJI_20250929124651_0180_D.JPG,Post_def_rgb_part1,Post_Defoliation,0.02509405091404915,0.057437144219875336,306.5830383300781,5.728744983673096,0.6298344765909857,-0.04746345803141594,0.43412816524505615,0.4065994918346405,0.3539767861366272,7.733234183115712,5105.104750183464,0.023601634685212813,0.005730226522861759,0.28882445948477065,2939.0
DJI_20250929124653_0181_D.JPG,Post_def_rgb_part1,Post_Defoliation,0.02797640673816204,0.057779841125011444,211.138427734375,5.357239246368408,0.6561672718080706,-0.04308875650167465,0.4250947833061218,0.4005766212940216,0.3480820655822754,7.683634452192013,4899.366105828034,0.024588490433673116,0.00604904330102799,0.287642829162524,3348.0
DJI_20250929124655_0182_D.JPG,Post_def_rgb_part1,Post_Defoliation,0.032989680767059326,0.05865885689854622,102.12896728515625,4.635980129241943,0.7034826270796948,-0.031238548457622528,0.4315776526927948,0.4137501120567322,0.36293280124664307,7.653521015383302,4847.655003975049,0.024614829503787815,0.006190554020334221,0.27125606426090704,2910.0
DJI_20250929124657_0183_D.JPG,Post_def_rgb_part1,Post_Defoliation,0.029243160039186478,0.05578474700450897,30.329551696777344,3.444561719894409,0.6797191933235285,-0.02393169328570366,0.4256972670555115,0.4126761853694916,0.3704119920730591,7.592597681128908,4594.479165392613,0.025459637029570537,0.006549699400352702,0.2638232402391476,3407.0
DJI_20250929124659_0184_D.JPG,Post_def_rgb_part1,Post_Defoliation,0.02142249047756195,0.05457909405231476,12.676779747009277,2.615699529647827,0.5969463817906058,-0.019700754433870316,0.44120389223098755,0.43051010370254517,0.39839375019073486,7.608881026674194,4660.959381879893,0.025246266842046942,0.0063920824424673174,0.25712137964692067,3265.0
DJI_20250929124701_0185_D.JPG,Post_def_rgb_part1,Post_Defoliation,0.025861363857984543,0.055173639208078384,11.771188735961914,2.547191858291626,0.6438763424181144,-0.015974028035998344,0.4331563413143158,0.4250694215297699,0.39112117886543274,7.57753909335333,4583.108346838308,0.026125031372844228,0.00661118430610444,0.2537054907106063,3303.0
DJI_20250929124703_0186_D.JPG,Post_def_rgb_part1,Post_Defoliation,0.025349434465169907,0.055625636130571365,8.051239013671875,2.202901601791382,0.6309229651162791,-0.0158296599984169,0.4416768252849579,0.4336586892604828,0.40029117465019226,7.564330243632714,4556.7116866438355,0.025681858806686345,0.006639052126104831,0.2422056397131276,3273.0
DJI_20250929124705_0187_D.JPG,Post_def_rgb_part1,Post_Defoliation,0.02522357366979122,0.055634185671806335,5.958415985107422,1.9399518966674805,0.6242973369948218,-0.014539318159222603,0.4488634467124939,0.44173339009284973,0.409379780292511,7.543816733060808,4411.930325801124,0.026076135448325877,0.00673937743223023,0.24269845129966303,3100.0
DJI_20250929124707_0188_D.JPG,Post_def_rgb_part1,Post_Defoliation,0.02335122972726822,0.05528215691447258,5.787466526031494,1.915077805519104,0.6055760141863529,-0.016149230301380157,0.43868616223335266,0.43088072538375854,0.3997241258621216,7.495376265251183,4418.7884089102245,0.027243773836987506,0.007062673085281965,0.22998909827609634,3155.0
DJI_20250929124709_0189_D.JPG,Post_def_rgb_part1,Post_Defoliation,0.02300086058676243,0.05518622323870659,7.327661991119385,2.1195826530456543,0.6049365942028986,-0.017997199669480324,0.4508451819419861,0.44159266352653503,0.4093393385410309,7.553273609743497,4617.949039108367,0.02591345091532624,0.0066465453926640265,0.2332255000304518,3068.0
DJI_20250929124711_0190_D.JPG,Post_def_rgb_part1,Post_Defoliation,0.024071477353572845,0.053831011056900024,6.4622392654418945,2.0098555088043213,0.6294329001593284,-0.01588553376495838,0.44750943779945374,0.44007328152656555,0.40856561064720154,7.544249363276198,4612.242634693004,0.025829070981630245,0.0067096104567219,0.2292334011718246,3249.0
DJI_20250929124713_0191_D.JPG,Post_def_rgb_part1,Post_Defoliation,0.02327985316514969,0.05415058881044388,7.391777038574219,2.1272523403167725,0.6173780429420597,-0.018329722806811333,0.45083656907081604,0.44165411591529846,0.40919172763824463,7.556469332468158,4611.0120245229955,0.025450708063669628,0.006637358661140361,0.23477927145265554,3101.0
DJI_20250929124715_0192_D.JPG,Post_def_rgb_part1,Post_Defoliation,0.022921647876501083,0.05300573259592056,5.625847339630127,1.890978217124939,0.6211474898121764,-0.017778931185603142,0.44715335965156555,0.4383522868156433,0.4066295027732849,7.5237298171175295,4544.753906250001,0.02629304140549936,0.006854496596427859,0.23325039750279355,3252.0
DJI_20250929124717_0193_D.JPG,Post_def_rgb_part1,Post_Defoliation,0.021751586347818375,0.051999978721141815,5.362518310546875,1.8504242897033691,0.6110290850874774,-0.019234424456954002,0.45078811049461365,0.440799355506897,0.409059077501297,7.5293701344570785,4560.235838888209,0.026458305440992518,0.006809212667770441,0.23520070627868314,3247.0
DJI_20250929124719_0194_D.JPG,Post_def_rgb_part1,Post_Defoliation,0.020174449309706688,0.051659781485795975,5.004169940948486,1.7924542427062988,0.5962061846983485,-0.020729782059788704,0.45031100511550903,0.4393163323402405,0.40814730525016785,7.524113305388422,4540.93927730553,0.026583798574543138,0.006852482230624751,0.23648298180691935,3186.0
DJI_20250929124721_0195_D.JPG,Post_def_rgb_part1,Post_Defoliation,0.02251344732940197,0.0496271550655365,4.056951999664307,1.620763897895813,0.6369165460213868,-0.01607362926006317,0.4495382010936737,0.4417731761932373,0.41149476170539856,7.520484886520658,4552.493808096869,0.026343215678961456,0.006879185762426762,0.23666498861574078,3284.0
DJI_20250929124723_0196_D.JPG,Post_def_rgb_part1,Post_Defoliation,0.025070762261748314,0.04981566593050957,3.9379711151123047,1.596954584121704,0.6725377830376567,-0.016113536432385445,0.4454702138900757,0.4377889633178711,0.40503692626953125,7.499371574352435,4535.069964683219,0.026995326240932538,0.007044379116295985,0.23617920559684605,3276.0
DJI_20250929124725_0197_D.JPG,Post_def_rgb_part1,Post_Defoliation,0.01854538545012474,0.047504130750894547,3.0001068115234375,1.3863210678100586,0.600521934460888,-0.018696410581469536,0.44934454560279846,0.43971988558769226,0.411549836397171,7.505543726164171,4556.39451596135,0.02699561105475481,0.00700798353716935,0.2413409999055437,3119.0
DJI_20250929124727_0198_D.JPG,Post_def_rgb_part1,Post_Defoliation,0.02105649933218956,0.04628341272473335,2.908029317855835,1.3630332946777344,0.6444629082789473,-0.013851377181708813,0.44084829092025757,0.4348040223121643,0.40770331025123596,7.461860640562221,4510.953163221624,0.028096906021721012,0.0073272533496463906,0.2383259817765755,3547.0
DJI_20250929124729_0199_D.JPG,Post_def_rgb_part1,Post_Defoliation,0.018167812377214432,0.045165736228227615,3.273574113845825,1.4524505138397217,0.6147511355976346,-0.017542051151394844,0.44424331188201904,0.43545040488243103,0.40848973393440247,7.469519313071122,4536.4192682852245,0.02798010607111858,0.0072713804880198294,0.24012684295861045,3506.0
DJI_20250929124731_0200_D.JPG,Post_def_rgb_part1,Post_Defoliation,0.020894063636660576,0.044144582003355026,2.8379011154174805,1.3449256420135498,0.657642160354812,-0.01544018741697073,0.44151556491851807,0.434212327003479,0.40601497888565063,7.436501251594666,4492.841235017124,0.028799651916010256,0.007532945450248483,0.238669565261809,3555.0
DJI_20250929124733_0201_D.JPG,Post_def_rgb_part1,Post_Defoliation,0.020360687747597694,0.04555283114314079,2.8871588706970215,1.3576785326004028,0.6435394931366241,-0.016476094722747803,0.4450262188911438,0.4369308650493622,0.40847480297088623,7.457666033029692,4613.370107632094,0.028179497427753615,0.007362509264639103,0.23430892730337607,3472.0
DJI_20250929124735_0202_D.JPG,Post_def_rgb_part1,Post_Defoliation,0.019168460741639137,0.04493475332856178,2.516263723373413,1.2573989629745483,0.6284325497135154,-0.015338418073952198,0.4385136067867279,0.43127691745758057,0.40487173199653625,7.430202862098491,4537.192560543053,0.028516456970708214,0.0075936821028699695,0.2378520592666486,3312.0
DJI_20250929124737_0203_D.JPG,Post_def_rgb_part1,Post_Defoliation,0.019092444330453873,0.04691871628165245,2.728549003601074,1.3160191774368286,0.6161928466924044,-0.01596081629395485,0.4439166188240051,0.4362792670726776,0.4095495045185089,7.457089178266969,4604.564021220645,0.028045460085969795,0.007389547853044688,0.23993748805287868,3503.0
DJI_20250929124739_0204_D.JPG,Post_def_rgb_part1,Post_Defoliation,0.020703352987766266,0.04675580933690071,2.731429100036621,1.316791296005249,0.6366364287465147,-0.014255222864449024,0.4395297169685364,0.433165967464447,0.406098872423172,7.433483562168467,4576.425207925636,0.029203715566476583,0.007591132604991616,0.2381791962003409,3414.0
DJI_20250929124741_0205_D.JPG,Post_def_rgb_part1,Post_Defoliation,0.018879089504480362,0.04748784378170967,2.3624320030212402,1.2126644849777222,0.6078113031222232,-0.015650948509573936,0.4441584646701813,0.43662193417549133,0.41020631790161133,7.44000664071158,4615.371246636498,0.02815939957287146,0.007511276608258674,0.23967819931691375,3468.0
DJI_20250929124743_0206_D.JPG,Post_def_rgb_part1,Post_Defoliation,0.018823955208063126,0.047511205077171326,2.645679473876953,1.293542742729187,0.6070096343873518,-0.014262118376791477,0.43695196509361267,0.43083205819129944,0.40588805079460144,7.425958149958247,4611.767299107143,0.029459946316405673,0.007668611946470407,0.24242791924157536,3561.0
DJI_20250929124745_0207_D.JPG,Post_def_rgb_part1,Post_Defoliation,0.020803270861506462,0.04842643439769745,2.9678938388824463,1.3782354593276978,0.6289973323988112,-0.014460758306086063,0.4396239221096039,0.43329495191574097,0.40616267919540405,7.438439502036832,4663.8229956580235,0.028899460489642852,0.00757120017420605,0.24376424800242333,3421.0
DJI_20250929124747_0208_D.JPG,Post_def_rgb_part1,Post_Defoliation,0.017114974558353424,0.048213012516498566,2.8173062801361084,1.3395450115203857,0.5785197302907743,-0.017720604315400124,0.4367999732494354,0.42835402488708496,0.4027930796146393,7.423579069554518,4666.552822284736,0.029229203535760653,0.007695944689624036,0.242620735983327,3332.0
DJI_20250929124749_0209_D.JPG,Post_def_rgb_part1,Post_Defoliation,0.021172692999243736,0.05002422258257866,3.1289567947387695,1.4180247783660889,0.6196589568587799,-0.01577070541679859,0.44038307666778564,0.4331231117248535,0.4046904146671295,7.441773829070533,4697.466835096624,0.029212650775155783,0.0075662883867176275,0.24672344027859755,3552.0
DJI_20250929124751_0210_D.JPG,Post_def_rgb_part1,Post_Defoliation,0.02159159444272518,0.04995481297373772,3.3178811073303223,1.4627647399902344,0.6235776783252137,-0.014874123968183994,0.4340359568595886,0.42764395475387573,0.39966028928756714,7.415646001496819,4640.873696642613,0.029650356422269257,0.007784827733942167,0.24761359000769156,3611.0
DJI_20250929124753_0211_D.JPG,Post_def_rgb_part1,Post_Defoliation,0.02162252739071846,0.050701726227998734,3.366511821746826,1.4739644527435303,0.6198847837576983,-0.017173413187265396,0.44053804874420166,0.4320997893810272,0.40203890204429626,7.414581170944972,4622.3099429733375,0.029222323209596283,0.007753343863104116,0.2505856341533422,3645.0
DJI_20250929124755_0212_D.JPG,Post_def_rgb_part1,Post_Defoliation,0.021721510216593742,0.049874600023031235,2.9985601902008057,1.3859343528747559,0.6261356455096976,-0.014337527565658092,0.4321163594722748,0.42587554454803467,0.3979131579399109,7.400058723781005,4625.668694960861,0.029843633843445544,0.007915871405224728,0.2482819254541018,3763.0
DJI_20250929124757_0213_D.JPG,Post_def_rgb_part1,Post_Defoliation,0.02143849804997444,0.05037496238946915,3.180280923843384,1.4303784370422363,0.6182070004902411,-0.014249986037611961,0.43718281388282776,0.43090176582336426,0.40318211913108826,7.420551816715535,4657.504907656557,0.02955569005617316,0.007745294580533484,0.2520072025985678,3625.0
DJI_20250929124759_0214_D.JPG,Post_def_rgb_part1,Post_Defoliation,0.020249778404831886,0.04903882369399071,3.3735952377319336,1.4755853414535522,0.6106679631246744,-0.015700651332736015,0.4293530583381653,0.422226220369339,0.3948495090007782,7.391697273404052,4655.0559105919765,0.03033558555769142,0.008003634131706119,0.24845170321222412,3649.0
DJI_20250929124801_0215_D.JPG,Post_def_rgb_part1,Post_Defoliation,0.019191639497876167,0.04789353907108307,2.260647773742676,1.181925892829895,0.6037825167754389,-0.014331784099340439,0.4359264075756073,0.42947837710380554,0.40383872389793396,7.394074446270178,4675.8960639371335,0.030197275966720838,0.007957090431948356,0.25000727491574476,3636.0
DJI_20250929124803_0216_D.JPG,Post_def_rgb_part1,Post_Defoliation,0.018161265179514885,0.045940715819597244,2.1030895709991455,1.132398247718811,0.6014493711125409,-0.011544600129127502,0.427074134349823,0.4227831959724426,0.40033096075057983,7.388450847424593,4671.804117997798,0.030653631710460174,0.008050669088087273,0.25578789067041946,3777.0
DJI_20250929124805_0217_D.JPG,Post_def_rgb_part1,Post_Defoliation,0.021022239699959755,0.04698478803038597,2.2119550704956055,1.1668797731399536,0.6365941550234396,-0.011271421797573566,0.4344756305217743,0.4300946891307831,0.40469151735305786,7.40667122584555,4755.374724804305,0.03026090144525251,0.007891100790112234,0.2554594610804075,3728.0
DJI_20250929124807_0218_D.JPG,Post_def_rgb_part1,Post_Defoliation,0.016125576570630074,0.04613301903009415,2.8066279888153076,1.336743712425232,0.5734343881177805,-0.016679227352142334,0.43098562955856323,0.4230104088783264,0.3989095985889435,7.4013849767379805,4765.002140410959,0.03026403333218597,0.007977826321860719,0.2568695337995415,3700.0
DJI_20250929124809_0219_D.JPG,Post_def_rgb_part1,Post_Defoliation,0.017966274172067642,0.04668230563402176,2.8684632778167725,1.3528573513031006,0.5961037319606581,-0.014058325439691544,0.4349581301212311,0.4287206530570984,0.40451696515083313,7.414016767994449,4828.968092588062,0.030363148105357136,0.007872835852776022,0.26145396161816875,3557.0
DJI_20250929124811_0220_D.JPG,Post_def_rgb_part1,Post_Defoliation,0.019120212644338608,0.046613194048404694,3.465686082839966,1.4964228868484497,0.6124950209884487,-0.014378814026713371,0.4225007891654968,0.41651251912117004,0.39140406250953674,7.404344591808458,4877.626284246577,0.030466296163630623,0.008011093339798788,0.2600560603822144,3646.0
DJI_20250929124813_0221_D.JPG,Post_def_rgb_part1,Post_Defoliation,0.020251339301466942,0.0470619760453701,3.262939214706421,1.4499589204788208,0.6244674851395655,-0.013253269717097282,0.42497941851615906,0.41970181465148926,0.39417293667793274,7.407396921202634,4889.6310199058225,0.030421393569970215,0.007987392680632407,0.26309146420232465,3555.0
DJI_20250929124815_0222_D.JPG,Post_def_rgb_part1,Post_Defoliation,0.018661441281437874,0.046887677162885666,2.927053451538086,1.367889404296875,0.6029830024205656,-0.015106216073036194,0.4170801043510437,0.41098782420158386,0.3862341046333313,7.398737515441412,4918.680581886008,0.031064888216814877,0.008112352241767401,0.26091544455263044,3596.0
DJI_20250929124817_0223_D.JPG,Post_def_rgb_part1,Post_Defoliation,0.019064852967858315,0.04714654013514519,2.6603853702545166,1.297568440437317,0.6063758157918926,-0.01344980951398611,0.4233044981956482,0.41812488436698914,0.3938803970813751,7.408576164391957,4924.467492508562,0.03089212274040329,0.008003588043088398,0.26340700643800447,3485.0
DJI_20250929124819_0224_D.JPG,Post_def_rgb_part1,Post_Defoliation,0.018535835668444633,0.04745655879378319,4.018372058868408,1.6131055355072021,0.5996095305941109,-0.016994955018162727,0.4205154478549957,0.41313913464546204,0.3872269093990326,7.412138390984221,4965.109520242173,0.031073966108946013,0.008030857613704779,0.2671230245564851,3431.0
DJI_20250929124821_0225_D.JPG,Post_def_rgb_part1,Post_Defoliation,0.019148802384734154,0.04846673458814621,3.6010353565216064,1.5262813568115234,0.6032927543891902,-0.017304936423897743,0.43082940578460693,0.4230513870716095,0.39612457156181335,7.437038374994136,4995.583965264187,0.030549797517591494,0.0077828382949185326,0.26971447047105906,3229.0
DJI_20250929124823_0226_D.JPG,Post_def_rgb_part1,Post_Defoliation,0.020526167005300522,0.04792702943086624,4.210887908935547,1.6507502794265747,0.6257991792290958,-0.015071220695972443,0.418002724647522,0.41241756081581116,0.3863062560558319,7.429283926057501,5007.811093444227,0.030609463023005507,0.007917135949104983,0.26963813984731644,3225.0
DJI_20250929124825_0227_D.JPG,Post_def_rgb_part1,Post_Defoliation,0.018821943551301956,0.04933321475982666,3.902730703353882,1.5897923707962036,0.5958843203266232,-0.016840124502778053,0.42784979939460754,0.4208214581012726,0.39497116208076477,7.442883986100642,5031.528280179795,0.02984842850601188,0.007760139113880313,0.2699794688191954,3104.0
DJI_20250929124827_0228_D.JPG,Post_def_rgb_part1,Post_Defoliation,0.017100438475608826,0.04934542998671532,4.223814010620117,1.6532278060913086,0.5724696088794926,-0.018691688776016235,0.42097342014312744,0.41304078698158264,0.3880077600479126,7.433815903997003,5025.239206213307,0.030318487960824893,0.007855010616016555,0.26489837025077456,3100.0
DJI_20250929124829_0229_D.JPG,Post_def_rgb_part1,Post_Defoliation,0.017123807221651077,0.0508151538670063,4.2268524169921875,1.6538093090057373,0.5662336841621473,-0.0198263730853796,0.4287846088409424,0.4200800657272339,0.3942517936229706,7.449769066871031,5069.181495382827,0.029449840646911904,0.007686214212364861,0.26545712722909187,3112.0
DJI_20250929124831_0230_D.JPG,Post_def_rgb_part1,Post_Defoliation,0.018800169229507446,0.05090136453509331,3.0788419246673584,1.4058130979537964,0.5858172377209915,-0.016041291877627373,0.4352268874645233,0.4284270107746124,0.40282684564590454,7.441708572302217,4983.650161295255,0.02940686905183614,0.007682746615482939,0.26315449065955837,3201.0
DJI_20250929124833_0231_D.JPG,Post_def_rgb_part1,Post_Defoliation,0.018512243404984474,0.05135622248053551,4.557110786437988,1.715078353881836,0.5805180853019579,-0.01837671361863613,0.4268729090690613,0.41910040378570557,0.3928156793117523,7.441501634138154,5025.7977884968195,0.029568582326065636,0.00774016675040394,0.26244583048073106,3097.0
DJI_20250929124835_0232_D.JPG,Post_def_rgb_part1,Post_Defoliation,0.018758531659841537,0.052050940692424774,4.418619155883789,1.6898410320281982,0.5795958191623004,-0.019153287634253502,0.4338010847568512,0.4252696931362152,0.3979797661304474,7.450787137952451,5015.757609925393,0.0296063443408365,0.007642019741737757,0.2630185225712719,3237.0
DJI_20250929124837_0233_D.JPG,Post_def_rgb_part1,Post_Defoliation,0.018161442130804062,0.050613582134246826,3.7931108474731445,1.5671796798706055,0.5785394069614241,-0.018320297822356224,0.42577826976776123,0.417932391166687,0.3919250965118408,7.429285830537053,4943.194739175636,0.030192517775946892,0.007835524799143347,0.2634447060589024,3256.0
DJI_20250929124839_0234_D.JPG,Post_def_rgb_part1,Post_Defoliation,0.017563192173838615,0.05021364614367485,3.036449909210205,1.395365595817566,0.5744866830591047,-0.01672562211751938,0.43586334586143494,0.42867153882980347,0.40391647815704346,7.452612033745132,4959.957734527887,0.02950621989908103,0.00760341139328929,0.26528139638184867,3200.0
DJI_20250929124841_0235_D.JPG,Post_def_rgb_part1,Post_Defoliation,0.01934993267059326,0.04972235485911369,3.6250052452087402,1.531477451324463,0.6029099928761835,-0.015693532302975655,0.42903706431388855,0.4227730333805084,0.3971591293811798,7.443786277157055,4954.776262078032,0.029684290266437312,0.007709800450231003,0.2654892328554854,3240.0
DJI_20250929124843_0236_D.JPG,Post_def_rgb_part1,Post_Defoliation,0.017945103347301483,0.049312569200992584,3.2043473720550537,1.4361190795898438,0.5865264596163863,-0.017579061910510063,0.4378265142440796,0.429771363735199,0.40377122163772583,7.440058952574373,4925.064403436888,0.02927064005118547,0.00768871080678771,0.2600127852637901,3283.0
DJI_20250929124845_0237_D.JPG,Post_def_rgb_part1,Post_Defoliation,0.01848505064845085,0.04765253886580467,3.462022304534912,1.4956021308898926,0.6021860254465791,-0.015703918412327766,0.42459526658058167,0.418209433555603,0.3933386206626892,7.419968514317716,4843.132720768102,0.030303682123847517,0.00789749218634615,0.2636575800040196,3451.0
DJI_20250929124847_0238_D.JPG,Post_def_rgb_part1,Post_Defoliation,0.01894340105354786,0.04803299903869629,2.739887237548828,1.319055438041687,0.6065700929926158,-0.016314638778567314,0.4336871802806854,0.4264005422592163,0.4001704752445221,7.425242115760126,4833.812071917808,0.029833022977263236,0.0078031203477698435,0.2632425065236181,3423.0
DJI_20250929124849_0239_D.JPG,Post_def_rgb_part1,Post_Defoliation,0.018105562776327133,0.046994153410196304,3.168120861053467,1.4274653196334839,0.6028936674633085,-0.016139747574925423,0.43007293343544006,0.4229239523410797,0.39766934514045715,7.425267601165026,4803.480984741927,0.02995944599801071,0.007825566515759925,0.2644535004273288,3444.0
DJI_20250929124851_0240_D.JPG,Post_def_rgb_part1,Post_Defoliation,0.01769758202135563,0.04656069725751877,3.1177926063537598,1.4153172969818115,0.60081770689708,-0.014539946801960468,0.4334430992603302,0.427264004945755,0.4033873677253723,7.441258657265392,4831.507648147015,0.029905457445474633,0.007676451418691377,0.26658493682174583,3534.0
DJI_20250929124853_0241_D.JPG,Post_def_rgb_part1,Post_Defoliation,0.017246399074792862,0.046178001910448074,2.827934980392456,1.3423254489898682,0.5962449635383154,-0.015269964002072811,0.42808401584625244,0.42154017090797424,0.39774996042251587,7.42407388555953,4726.369450220156,0.02979726943102556,0.00783957752631027,0.27252565776234516,3494.0
DJI_20250929124855_0242_D.JPG,Post_def_rgb_part1,Post_Defoliation,0.017447859048843384,0.04667627438902855,2.5831375122070312,1.2762387990951538,0.5935874161228054,-0.014950485900044441,0.43607649207115173,0.4294436275959015,0.4053628146648407,7.438302017183079,4725.193539016634,0.0299295869900442,0.007674774619270227,0.27349748792615447,3348.0
DJI_20250929124857_0243_D.JPG,Post_def_rgb_part1,Post_Defoliation,0.018237469717860222,0.047516193240880966,3.2332704067230225,1.4429748058319092,0.6012189003278487,-0.017015505582094193,0.43057018518447876,0.4226888418197632,0.39656999707221985,7.44051972467259,4726.0867248654595,0.0300614010170827,0.0076962427111153175,0.27403471435969123,3475.0
DJI_20250929124859_0244_D.JPG,Post_def_rgb_part1,Post_Defoliation,0.019365334883332253,0.04711386561393738,3.306105375289917,1.460033893585205,0.6192559441737905,-0.013855093158781528,0.4325411915779114,0.42692553997039795,0.40194445848464966,7.455988275078605,4752.286226455479,0.029843387944561275,0.007564539370128606,0.272999913334732,3474.0
DJI_20250929124901_0245_D.JPG,Post_def_rgb_part1,Post_Defoliation,0.01862543262541294,0.04644527658820152,3.376894235610962,1.476339340209961,0.6115142514630634,-0.01470260787755251,0.4251720607280731,0.4192430078983307,0.3946884870529175,7.436760933532429,4692.516626406556,0.03007581472576771,0.007752573183039346,0.2767622130554077,3463.0
DJI_20250929124903_0246_D.JPG,Post_def_rgb_part1,Post_Defoliation,0.016889214515686035,0.047004736959934235,3.169198751449585,1.4277238845825195,0.584533083616754,-0.016813213005661964,0.42933347821235657,0.42181333899497986,0.3974039852619171,7.446987838826453,4702.102579195205,0.029842958138972153,0.007668639569336368,0.2776191604042765,3330.0
DJI_20250929124906_0247_D.JPG,Post_def_rgb_part1,Post_Defoliation,0.017237095162272453,0.0459790974855423,3.0090725421905518,1.3885599374771118,0.5944769356864907,-0.01465494092553854,0.4198652505874634,0.41427385807037354,0.3914453983306885,7.437646187497782,4725.112960188357,0.030296863529548874,0.007785222276876647,0.2741829445843847,3371.0
DJI_20250929124907_0248_D.JPG,Post_def_rgb_part1,Post_Defoliation,0.01731700450181961,0.04656457528471947,2.951467752456665,1.3740870952606201,0.5915924602445077,-0.01580597460269928,0.4270116984844208,0.4202607572078705,0.3961927890777588,7.441173629531239,4702.306617692026,0.02985318699117765,0.007710619929878502,0.2759096185881512,3333.0
DJI_20250929124909_0249_D.JPG,Post_def_rgb_part1,Post_Defoliation,0.016849318519234657,0.04568894952535629,3.1466879844665527,1.4223099946975708,0.5892933537855808,-0.015665479004383087,0.41988736391067505,0.41344860196113586,0.39016056060791016,7.426433109739208,4734.632636680529,0.030608058257642488,0.007844229730828598,0.2722269074443038,3369.0
DJI_20250929124911_0250_D.JPG,Post_def_rgb_part1,Post_Defoliation,0.017020301893353462,0.04645262658596039,3.694770097732544,1.5464491844177246,0.5887663924380304,-0.017943501472473145,0.4254605174064636,0.4173347055912018,0.3921886384487152,7.437395782010813,4764.909449149952,0.030007216216228885,0.007747289417685437,0.27154897827563784,3300.0
DJI_20250929124913_0251_D.JPG,Post_def_rgb_part1,Post_Defoliation,0.015350771136581898,0.045757956802845,4.046539306640625,1.61870276927948,0.5678881522505133,-0.01910380832850933,0.41764742136001587,0.4089575409889221,0.38491684198379517,7.413815422056727,4691.848202819227,0.030626778130201995,0.007941881465082287,0.2739738865423025,3431.0
DJI_20250929124915_0252_D.JPG,Post_def_rgb_part1,Post_Defoliation,0.018563678488135338,0.04660056158900261,4.153615474700928,1.6396985054016113,0.6070877665686184,-0.01553517859429121,0.4198206663131714,0.41341426968574524,0.3884441554546356,7.424018154272319,4692.56347465142,0.030497687295880482,0.007839836546277618,0.27490137219346017,3432.0
DJI_20250929124917_0253_D.JPG,Post_def_rgb_part1,Post_Defoliation,0.017440225929021835,0.04649673402309418,4.082186698913574,1.6257416009902954,0.5924664203970953,-0.016155527904629707,0.4117654860019684,0.4054325819015503,0.3816593885421753,7.4120677246312905,4719.932710830479,0.030806621481848435,0.007940912460308433,0.2728721233410362,3466.0
DJI_20250929124919_0254_D.JPG,Post_def_rgb_part1,Post_Defoliation,0.018362361937761307,0.04842083528637886,3.7914273738861084,1.5668283700942993,0.5916905563470908,-0.01754150725901127,0.4187188744544983,0.41122105717658997,0.3853609263896942,7.417465366055965,4673.930612463308,0.030723731859564767,0.00787833674721896,0.27410467875848027,3356.0
DJI_20250929124922_0255_D.JPG,Post_def_rgb_part1,Post_Defoliation,0.01623961143195629,0.04889427497982979,4.8648176193237305,1.7689714431762695,0.5605707287740908,-0.01957046613097191,0.40857768058776855,0.4004596769809723,0.3761020004749298,7.407929477892192,4659.163106959393,0.031074340835174224,0.00799679003149376,0.2748385966993688,3429.0
DJI_20250929124923_0256_D.JPG,Post_def_rgb_part1,Post_Defoliation,0.019938034936785698,0.051228392869234085,4.737862586975098,1.747086763381958,0.5969764473603579,-0.016201764345169067,0.41588395833969116,0.4096546769142151,0.38348737359046936,7.426218119722485,4590.940767948875,0.03050440526163108,0.007848111829595166,0.28204137697174064,3471.0
DJI_20250929124925_0257_D.JPG,Post_def_rgb_part1,Post_Defoliation,0.02163403481245041,0.05310441181063652,7.953722953796387,2.1920695304870605,0.6089929566136594,-0.016152188181877136,0.41193655133247375,0.40567272901535034,0.3777748942375183,7.4291530300110145,4434.371510365704,0.031638509152832166,0.007845569132288177,0.2961898411772126,3597.0
DJI_20250929124927_0258_D.JPG,Post_def_rgb_part1,Post_Defoliation,0.01814136654138565,0.051408011466264725,8.127495765686035,2.2112913131713867,0.5758034879890921,-0.0194107536226511,0.42530155181884766,0.41658902168273926,0.38973501324653625,7.4896350807800705,4789.283520364483,0.02935984044152381,0.007373692335411169,0.2804144577871708,3326.0
DJI_20250929124929_0259_D.JPG,Post_def_rgb_part1,Post_Defoliation,0.016865581274032593,0.04750733822584152,8.608692169189453,2.2626681327819824,0.5815475916904127,-0.01852843351662159,0.4070812165737152,0.39949047565460205,0.3750340938568115,7.466465736090465,4741.301125244619,0.0303200798433868,0.0076251752446116604,0.2823108257351211,3493.0
DJI_20250929124931_0260_D.JPG,Post_def_rgb_part1,Post_Defoliation,0.017967907711863518,0.047406263649463654,9.7861909866333,2.3782668113708496,0.5970030659221129,-0.01786869950592518,0.41467416286468506,0.4072200059890747,0.3817979395389557,7.4910065442019445,4764.519535072162,0.02991866313718366,0.0074314849674658665,0.2859328667115152,3587.0
DJI_20250929124933_0261_D.JPG,Post_def_rgb_part1,Post_Defoliation,0.017696918919682503,0.046848054975271225,11.199749946594238,2.501415491104126,0.5956547591690413,-0.018410228192806244,0.41266530752182007,0.40487784147262573,0.37939345836639404,7.496226214611287,4781.209909338308,0.02976341046234882,0.007406853766655887,0.29022962545444,3511.0
DJI_20250929124935_0262_D.JPG,Post_def_rgb_part1,Post_Defoliation,0.01706874370574951,0.04756747931241989,11.493672370910645,2.5252223014831543,0.5850765618776236,-0.01951627805829048,0.42095738649368286,0.4121968150138855,0.38636741042137146,7.522422941693697,4757.816329806751,0.029227157236677515,0.007220440150874247,0.2966892332936522,3625.0
DJI_20250929124937_0263_D.JPG,Post_def_rgb_part1,Post_Defoliation,0.020397521555423737,0.04662555828690529,11.488569259643555,2.524813652038574,0.6365241137359439,-0.014517847448587418,0.40720894932746887,0.4021330773830414,0.37665969133377075,7.500964501127385,4724.098134020303,0.02976123706253665,0.007428982554934229,0.2956662359330134,3371.0
DJI_20250929124939_0264_D.JPG,Post_def_rgb_part1,Post_Defoliation,0.01808311976492405,0.04687262699007988,10.568886756896973,2.448319435119629,0.5994666712626773,-0.019501207396388054,0.41943055391311646,0.4107126295566559,0.383911669254303,7.522299734443454,4727.715447651664,0.029401022318526853,0.007253177363457175,0.29653600838910754,3431.0
DJI_20250929124942_0265_D.JPG,Post_def_rgb_part1,Post_Defoliation,0.01928635500371456,0.047762058675289154,13.28183364868164,2.6589882373809814,0.614382736617949,-0.016660546883940697,0.4115968942642212,0.40505853295326233,0.37923377752304077,7.532037618310373,4760.067659919277,0.028975093883857845,0.007193752918158533,0.29760309628101594,3416.0
DJI_20250929124943_0266_D.JPG,Post_def_rgb_part1,Post_Defoliation,0.019093550741672516,0.04918590188026428,21.222476959228516,3.101104259490967,0.6023340552900083,-0.02024402841925621,0.4153591990470886,0.4062374532222748,0.37802210450172424,7.56511282592534,4822.111190527153,0.028666684443464353,0.006988519064000428,0.30484069834698163,3414.0
DJI_20250929124945_0267_D.JPG,Post_def_rgb_part1,Post_Defoliation,0.01749054715037346,0.04768742248415947,47.22709274291992,3.8759210109710693,0.5935232634739712,-0.023811472579836845,0.37771472334861755,0.36732006072998047,0.3394348621368408,7.579817737553235,4641.9314227617415,0.02994484070795296,0.007188234696996795,0.3375191081964184,3610.0
DJI_20250929124947_0268_D.JPG,Post_def_rgb_part1,Post_Defoliation,0.014720523729920387,0.04934331029653549,79.53338623046875,4.388671875,0.5499633755400313,-0.025598205626010895,0.3814118802547455,0.36958280205726624,0.34303319454193115,7.6538532181959456,4759.377985108855,0.028894555598072465,0.006744160383337826,0.3644185178153197,3794.0
DJI_20250929124949_0269_D.JPG,Post_def_rgb_part1,Post_Defoliation,0.011890972033143044,0.04838726669549942,100.78255462646484,4.622838497161865,0.524171425452707,-0.030248841270804405,0.35531431436538696,0.34133222699165344,0.31545916199684143,7.625133522179553,4516.556281341732,0.03132319829647786,0.0071227183864807355,0.39361865054976647,3940.0
DJI_20250929124951_0270_D.JPG,Post_def_rgb_part1,Post_Defoliation,0.02036767266690731,0.05444077029824257,246.7371368408203,5.512368202209473,0.6053559323007629,-0.038462378084659576,0.375000923871994,0.35616061091423035,0.3169526159763336,7.698205582392549,4806.696141909248,0.029263024429540985,0.006458643088612499,0.3809052506961322,3470.0
DJI_20250929124953_0271_D.JPG,Post_def_rgb_part1,Post_Defoliation,0.018575964495539665,0.050347521901130676,405.5920715332031,6.007810592651367,0.6046721799644575,-0.04580163583159447,0.3503551483154297,0.33076515793800354,0.29259923100471497,7.6398524091178395,4792.182840784001,0.02846588607550109,0.00664635801284628,0.33792681985858447,3407.0
DJI_20250929124955_0272_D.JPG,Post_def_rgb_part1,Post_Defoliation,0.017017340287566185,0.05373557284474373,506.13299560546875,6.22877311706543,0.5657703967123203,-0.05026080086827278,0.3978138267993927,0.3733866512775421,0.3319421410560608,7.75246877455927,5435.64703476639,0.02461738655787877,0.005756467837618082,0.31413308851507266,2863.0
DJI_20250929124957_0273_D.JPG,Post_def_rgb_part1,Post_Defoliation,0.017536481842398643,0.05608826130628586,763.6420288085938,6.639407634735107,0.5620767361430279,-0.05623398721218109,0.41640645265579224,0.3885038495063782,0.3430647552013397,7.796946462296777,5705.712558096868,0.023113128813796804,0.0054634345896711406,0.3072445253882164,2789.0
DJI_20250929124959_0274_D.JPG,Post_def_rgb_part1,Post_Defoliation,0.016897648572921753,0.05454938858747482,572.6557006835938,6.352029323577881,0.5586766457548181,-0.05436510965228081,0.39590126276016235,0.3703686594963074,0.32793834805488586,7.745967193139211,5436.592244068004,0.024438782763809293,0.005775399358479749,0.3139975050672989,2593.0
DJI_20250929125001_0275_D.JPG,Post_def_rgb_part1,Post_Defoliation,0.017010079696774483,0.056542109698057175,677.2144775390625,6.519463539123535,0.5512550939118179,-0.05658237263560295,0.41755083203315735,0.3890814483165741,0.3436020314693451,7.78775741791344,5677.296439273483,0.023051893563863748,0.005503044549144053,0.3045900580411603,3128.0
DJI_20250929125003_0276_D.JPG,Post_def_rgb_part1,Post_Defoliation,0.01646275818347931,0.05172664299607277,494.6490783691406,6.205868244171143,0.5650094696969697,-0.0529036745429039,0.38041189312934875,0.3564506471157074,0.31602662801742554,7.702950969725031,5276.132915698386,0.025498061385996043,0.00605777837744512,0.31252497316375244,2639.0
DJI_20250929125005_0277_D.JPG,Post_def_rgb_part1,Post_Defoliation,0.017583075910806656,0.0546901635825634,500.6282653808594,6.217859268188477,0.5629604628182737,-0.049134910106658936,0.4010355770587921,0.37788113951683044,0.3371436893939972,7.764853339860027,5489.781808035714,0.024013073163056946,0.005680034295395559,0.3170244665102493,2926.0
DJI_20250929125008_0278_D.JPG,Post_def_rgb_part1,Post_Defoliation,0.01769326627254486,0.053373489528894424,430.29400634765625,6.0667901039123535,0.5675877838036584,-0.04811839014291763,0.3806062340736389,0.3592511713504791,0.3202028274536133,7.712658895070927,5279.477972877936,0.02565912967565646,0.006015245226494055,0.3158738246405849,3166.0
DJI_20250929125009_0279_D.JPG,Post_def_rgb_part1,Post_Defoliation,0.021252216771245003,0.05805182084441185,577.2093505859375,6.359936237335205,0.5881511972607777,-0.04743171110749245,0.39767900109291077,0.3762659728527069,0.3336006700992584,7.760616789417463,5545.508462267612,0.02388050627044127,0.005688732496291289,0.30707340283295886,3183.0
DJI_20250929125011_0280_D.JPG,Post_def_rgb_part1,Post_Defoliation,0.020773040130734444,0.05719081312417984,497.6503601074219,6.211905002593994,0.5917455169745994,-0.04523168504238129,0.3834627568721771,0.363565593957901,0.322895348072052,7.719572806361237,5455.410538466243,0.024734979830155497,0.005916230264128622,0.29816018110760073,2938.0
DJI_20250929125013_0281_D.JPG,Post_def_rgb_part1,Post_Defoliation,0.020356016233563423,0.06068801507353783,591.95703125,6.385121822357178,0.569104371572142,-0.04889792576432228,0.40205618739128113,0.37975695729255676,0.33710166811943054,7.7606097487858,5664.89179075954,0.0231435816596023,0.005649994526753489,0.2937064434724555,2884.0
DJI_20250929125015_0282_D.JPG,Post_def_rgb_part1,Post_Defoliation,0.02180473506450653,0.058288171887397766,552.0615234375,6.315469264984131,0.6018495591659773,-0.04381706565618515,0.3757208585739136,0.3574499487876892,0.3173743188381195,7.70639450779292,5421.754422241927,0.025279893492253354,0.005999360918888146,0.2971772661446614,3003.0
DJI_20250929125017_0283_D.JPG,Post_def_rgb_part1,Post_Defoliation,0.019535290077328682,0.06076417863368988,542.671630859375,6.298345565795898,0.5633470543401661,-0.046886153519153595,0.40382224321365356,0.38192129135131836,0.3404850661754608,7.765091115144027,5695.293782870597,0.023623452237039155,0.005630353380247183,0.29375490156107953,3177.0
DJI_20250929125020_0284_D.JPG,Post_def_rgb_part1,Post_Defoliation,0.01947314664721489,0.05714590102434158,421.077880859375,6.04518985748291,0.5798999697429298,-0.043267302215099335,0.37466761469841003,0.35580477118492126,0.3174688518047333,7.695369497199158,5371.281704837328,0.02534380160535808,0.006098926388491613,0.2986831565322546,3191.0
DJI_20250929125021_0285_D.JPG,Post_def_rgb_part1,Post_Defoliation,0.019524844363331795,0.05909009277820587,546.9671630859375,6.306215286254883,0.5714435016239238,-0.04669859632849693,0.39864057302474976,0.37725088000297546,0.3363363742828369,7.767481658009795,5664.781731592466,0.02377894248267736,0.005662103093278557,0.30577220227683716,3083.0
DJI_20250929125024_0286_D.JPG,Post_def_rgb_part1,Post_Defoliation,0.021036457270383835,0.0565076507627964,474.6732482910156,6.164731025695801,0.6021657263994853,-0.04290419816970825,0.39294949173927307,0.3733383119106293,0.3326907157897949,7.751580082770095,5606.497997186888,0.02414659300793999,0.005747891838438475,0.3033290374418029,3124.0
DJI_20250929125025_0287_D.JPG,Post_def_rgb_part1,Post_Defoliation,0.018462395295500755,0.05625402554869652,526.320556640625,6.267808437347412,0.5699040295523485,-0.04699806869029999,0.40373554825782776,0.3815796375274658,0.3409613370895386,7.775510370590106,5726.63882858366,0.02389527912031301,0.005598301617407026,0.30247944584813247,2939.0
DJI_20250929125027_0288_D.JPG,Post_def_rgb_part1,Post_Defoliation,0.018331004306674004,0.05345436558127403,466.09063720703125,6.146523475646973,0.5818242619572878,-0.045339494943618774,0.3883129954338074,0.36735206842422485,0.3280601501464844,7.7413530423673445,5523.491656219422,0.02478994465115042,0.005812523899906861,0.3059616492368227,3085.0
DJI_20250929125029_0289_D.JPG,Post_def_rgb_part1,Post_Defoliation,0.02025577798485756,0.054009970277547836,475.2516174316406,6.1659464836120605,0.6014307476943347,-0.04125606268644333,0.39780715107917786,0.3783609867095947,0.33865904808044434,7.765697528678779,5675.841074486302,0.0237033452021765,0.005633328035660613,0.29713708367112535,3068.0
DJI_20250929125031_0290_D.JPG,Post_def_rgb_part1,Post_Defoliation,0.018948663026094437,0.04879888892173767,374.884033203125,5.929280757904053,0.6128327320219383,-0.03774147108197212,0.3680114448070526,0.35182908177375793,0.3166980445384979,7.687849928456147,5357.146954500979,0.02529836642525735,0.006097798683850791,0.28764532646337504,3061.0
DJI_20250929125033_0291_D.JPG,Post_def_rgb_part1,Post_Defoliation,0.02129529044032097,0.053092993795871735,239.65121459960938,5.483348846435547,0.6174841820633024,-0.03099825419485569,0.39777806401252747,0.3830100893974304,0.3469467759132385,7.745136109547847,5460.09578339041,0.024226800357245205,0.005759334235218463,0.29561995747567565,3122.0
DJI_20250929125035_0292_D.JPG,Post_def_rgb_part1,Post_Defoliation,0.010132217779755592,0.04669518768787384,76.7035903930664,4.352901458740234,0.5054341602322517,-0.023999085649847984,0.3835999369621277,0.37305453419685364,0.35237687826156616,7.6754999937095905,5205.276865979697,0.025060274271756416,0.006194207206843113,0.2869109773428064,3270.0
DJI_20250929125037_0293_D.JPG,Post_def_rgb_part1,Post_Defoliation,0.013378521427512169,0.048536159098148346,38.0599365234375,3.665097236633301,0.5365513546741428,-0.01723163202404976,0.4080623686313629,0.4002563953399658,0.3790718913078308,7.67722098118609,5233.493555834149,0.025005256271020532,0.00613330484490557,0.28058421529086947,3246.0
DJI_20250929125039_0294_D.JPG,Post_def_rgb_part1,Post_Defoliation,0.01189205888658762,0.04871588572859764,52.318870544433594,3.976290225982666,0.5121665019762845,-0.02184464782476425,0.39587143063545227,0.38601449131965637,0.3642655313014984,7.670028237609479,5084.423510885518,0.02568032490301824,0.006274700417465202,0.3040310340708759,3286.0
DJI_20250929125042_0295_D.JPG,Post_def_rgb_part1,Post_Defoliation,0.01007681991904974,0.05049863085150719,103.61994171142578,4.650334358215332,0.4902386957287741,-0.028376925736665726,0.3993929624557495,0.38534170389175415,0.36121365427970886,7.7217107945036565,5213.3363006054315,0.025782354162938594,0.0059760245977172975,0.31670617987474375,3281.0
DJI_20250929125043_0296_D.JPG,Post_def_rgb_part1,Post_Defoliation,0.009673663415014744,0.0477767214179039,66.1420669555664,4.20681095123291,0.4971848955939578,-0.026438070461153984,0.39280983805656433,0.38044673204421997,0.35840997099876404,7.686600761305019,5102.245317851027,0.025570394281654703,0.0061357511649527486,0.2994214680728299,3211.0
DJI_20250929125045_0297_D.JPG,Post_def_rgb_part1,Post_Defoliation,0.008279036730527878,0.048368774354457855,45.05280685424805,3.8297886848449707,0.4760828392621871,-0.024882473051548004,0.4141593873500824,0.4021012485027313,0.3817639648914337,7.700716598057916,5207.626135182241,0.024893765170030897,0.005989831577958349,0.288627782900877,3253.0
DJI_20250929125047_0298_D.JPG,Post_def_rgb_part1,Post_Defoliation,0.013403440825641155,0.04718847945332527,33.70940017700195,3.547010660171509,0.5377867240401998,-0.019080469384789467,0.40216267108917236,0.3941439688205719,0.3727218210697174,7.630335683163323,4952.772715111301,0.026364267518300663,0.006463754133534887,0.2873031712682076,3401.0
DJI_20250929125049_0299_D.JPG,Post_def_rgb_part1,Post_Defoliation,0.016821658238768578,0.050223466008901596,30.043895721435547,3.4354021549224854,0.5718953469222049,-0.017367633059620857,0.4144960641860962,0.4068201780319214,0.3823226988315582,7.631912925470294,4983.309751865215,0.026201682859512087,0.006410418767679159,0.2831258146189352,3100.0
DJI_20250929125051_0300_D.JPG,Post_def_rgb_part1,Post_Defoliation,0.015391776338219643,0.049337778240442276,18.439661026000977,2.967315435409546,0.5527698624260808,-0.0175869632512331,0.40921586751937866,0.40182480216026306,0.3790419399738312,7.577110380437784,4882.389505106408,0.027170404674595732,0.006816078983885576,0.2758756545242927,3293.0
DJI_20250929125054_0301_D.JPG,Post_def_rgb_part1,Post_Defoliation,0.019118644297122955,0.05126061290502548,9.703507423400879,2.3705713748931885,0.590476443530349,-0.014498786069452763,0.42637306451797485,0.42063942551612854,0.3957870900630951,7.543513344862608,4862.176591548436,0.02738786982822143,0.006934467139856134,0.2647126964908764,3176.0
DJI_20250929125056_0302_D.JPG,Post_def_rgb_part1,Post_Defoliation,0.01872982271015644,0.0509788952767849,8.675724983215332,2.269620180130005,0.5854300238226553,-0.015452414751052856,0.42268529534339905,0.4163927733898163,0.39137035608291626,7.51022432071405,4826.090459118151,0.027426287710808926,0.007174347524178155,0.2590244726830295,3226.0
DJI_20250929125058_0303_D.JPG,Post_def_rgb_part1,Post_Defoliation,0.01782093197107315,0.051412828266620636,7.849931240081787,2.1804096698760986,0.5709808365505408,-0.017611170187592506,0.4291437864303589,0.4212891161441803,0.39561349153518677,7.522178234416471,4812.366904659981,0.027591911558238806,0.007081218939805067,0.2654452911438855,3125.0
DJI_20250929125059_0304_D.JPG,Post_def_rgb_part1,Post_Defoliation,0.018471967428922653,0.05005775764584541,8.608267784118652,2.2626240253448486,0.5901527120292919,-0.015247455798089504,0.4209964871406555,0.4150390923023224,0.39060983061790466,7.507181305852379,4772.070583873533,0.02796778859009123,0.007211520097720995,0.2656564959037966,3197.0
DJI_20250929125102_0305_D.JPG,Post_def_rgb_part1,Post_Defoliation,0.017052335664629936,0.050211455672979355,8.708381652832031,2.272989511489868,0.5709667612678861,-0.0190446674823761,0.43086057901382446,0.42192018032073975,0.39592745900154114,7.523230157577426,4784.45846456091,0.027112826332314276,0.007069930202756557,0.2670387157703517,3302.0
DJI_20250929125103_0306_D.JPG,Post_def_rgb_part1,Post_Defoliation,0.01976705528795719,0.04928330332040787,7.9006757736206055,2.186127185821533,0.6144823647240861,-0.015624906867742538,0.42757320404052734,0.4208710491657257,0.39440181851387024,7.511077731609994,4763.688344697897,0.02788209413047479,0.007142493651851892,0.26048405751889303,3429.0
DJI_20250929125106_0307_D.JPG,Post_def_rgb_part1,Post_Defoliation,0.01903829723596573,0.04921332374215126,8.89830493927002,2.292363405227661,0.6065080947237798,-0.016306597739458084,0.4263817369937897,0.41915395855903625,0.3928879499435425,7.513328763825352,4745.981095584639,0.027485148437204225,0.007118898852953434,0.2597564101317128,3355.0
DJI_20250929125108_0308_D.JPG,Post_def_rgb_part1,Post_Defoliation,0.01766858622431755,0.04861026629805565,9.74221420288086,2.3741812705993652,0.5930155957961822,-0.01631845533847809,0.42203211784362793,0.4148639738559723,0.3900272846221924,7.517295112999416,4732.56889447774,0.02735436304166964,0.0071105006762567395,0.25848281053623606,3278.0
DJI_20250929125114_0309_D.JPG,Post_def_rgb_part1,Post_Defoliation,0.015155056491494179,0.03911874070763588,6.041660308837891,1.9518439769744873,0.612535475457303,-0.015275628305971622,0.4237297773361206,0.416360080242157,0.39383524656295776,7.5860380537154315,5737.217278467466,0.02523136909501124,0.006607965052038632,0.154635620823551,2397.0
DJI_20250929125116_0310_D.JPG,Post_def_rgb_part1,Post_Defoliation,0.014198561199009418,0.03891070932149887,5.711783409118652,1.9038647413253784,0.6006663257958759,-0.016256503760814667,0.4285151958465576,0.42056795954704285,0.3984221816062927,7.589349714567543,5897.429622523239,0.02488606997206716,0.006591275053822754,0.15071059046161908,2295.0
DJI_20250929125118_0311_D.JPG,Post_def_rgb_part1,Post_Defoliation,0.018993835896253586,0.04037368297576904,5.849055290222168,1.924110770225525,0.6660357684529828,-0.013410650193691254,0.43865513801574707,0.43230077624320984,0.40695255994796753,7.597620699941067,6128.370271985079,0.02477260962080834,0.006512338372259024,0.15121838316064332,2239.0
DJI_20250929125120_0312_D.JPG,Post_def_rgb_part1,Post_Defoliation,0.01729031838476658,0.03700150176882744,3.9917571544647217,1.6077879667282104,0.659745649109906,-0.011180001311004162,0.41256314516067505,0.4079647958278656,0.38607603311538696,7.5144238099909,5401.208147321429,0.026583836980473285,0.007115749158441997,0.15450098772400864,2424.0
DJI_20250929125122_0313_D.JPG,Post_def_rgb_part1,Post_Defoliation,0.017114844173192978,0.03800053894519806,3.087956428527832,1.4080451726913452,0.6499494917578209,-0.011439584195613861,0.4300224483013153,0.4250810444355011,0.4030248522758484,7.551744159166649,5876.0614985934435,0.02588888734587076,0.006882399143599052,0.15418663527928037,2565.0
DJI_20250929125124_0314_D.JPG,Post_def_rgb_part1,Post_Defoliation,0.017282113432884216,0.036211464554071426,2.6937992572784424,1.3066555261611938,0.6644981635107393,-0.007866324856877327,0.4183523952960968,0.4159354567527771,0.39623647928237915,7.527170685381597,5670.741235781555,0.027155567802107032,0.007071318134790265,0.15945646404259525,2375.0
DJI_20250929125126_0315_D.JPG,Post_def_rgb_part1,Post_Defoliation,0.01619463972747326,0.03646671026945114,2.8307204246520996,1.343052864074707,0.6457771279529368,-0.010610489174723625,0.4269031286239624,0.42235150933265686,0.4016052484512329,7.5516388294359365,5860.6043335677605,0.026009612075044722,0.006911073195927109,0.15879729501216697,2509.0
DJI_20250929125128_0316_D.JPG,Post_def_rgb_part1,Post_Defoliation,0.01566120609641075,0.036216218024492264,2.7200088500976562,1.3137260675430298,0.637246501286883,-0.009698613546788692,0.4261513948440552,0.4221923053264618,0.40257203578948975,7.555772464937598,5870.150348581214,0.02616189086787678,0.006874593447184845,0.16100882509285988,2406.0
DJI_20250929125130_0317_D.JPG,Post_def_rgb_part1,Post_Defoliation,0.017096569761633873,0.036744870245456696,3.3142008781433105,1.4619121551513672,0.655727347412446,-0.009723538532853127,0.4322439432144165,0.4282744526863098,0.40720847249031067,7.582638293803987,6025.722633317025,0.02538683353854113,0.006698145270234409,0.16675633991811056,2223.0
DJI_20250929125132_0318_D.JPG,Post_def_rgb_part1,Post_Defoliation,0.0211379025131464,0.03695438802242279,3.877728223800659,1.5846796035766602,0.7194254699420902,-0.005396784748882055,0.4285247027873993,0.4274110794067383,0.4051595628261566,7.58382023101564,6067.079948171478,0.02541543345920435,0.006689771929629112,0.16781197828121203,2065.0
DJI_20250929125134_0319_D.JPG,Post_def_rgb_part1,Post_Defoliation,0.019909478724002838,0.03800980746746063,4.113988399505615,1.6319795846939087,0.6936462546343107,-0.008338073268532753,0.4364745020866394,0.43343621492385864,0.41048839688301086,7.607976936108695,6182.247962787426,0.025226620657781928,0.006534529115601504,0.1743127928104043,1932.0
DJI_20250929125136_0320_D.JPG,Post_def_rgb_part1,Post_Defoliation,0.020674077793955803,0.03924919292330742,4.750643730163574,1.7493118047714233,0.6963312823635751,-0.00809169840067625,0.44171828031539917,0.4390721321105957,0.4157518744468689,7.621570909864098,6396.16299229452,0.02501671569955022,0.0064178506235015665,0.17818599145997432,2157.0
DJI_20250929125138_0321_D.JPG,Post_def_rgb_part1,Post_Defoliation,0.02158840373158455,0.03915025293827057,5.928823471069336,1.9356900453567505,0.710964070686644,-0.00775945745408535,0.4371238946914673,0.4347947835922241,0.41087716817855835,7.623387754483519,6384.169551125244,0.02533293856113319,0.006448122252445795,0.18194630526603645,2067.0
DJI_20250929125140_0322_D.JPG,Post_def_rgb_part1,Post_Defoliation,0.020285524427890778,0.03749103471636772,8.080260276794434,2.2061028480529785,0.705219727609768,-0.008295889012515545,0.4270681142807007,0.4245680570602417,0.40178248286247253,7.632963728996063,6211.799772199121,0.025287270444441408,0.0064390817979509815,0.18496294162011095,2202.0
DJI_20250929125142_0323_D.JPG,Post_def_rgb_part1,Post_Defoliation,0.018842285498976707,0.03690046817064285,14.45426082611084,2.737884759902954,0.6899317205165916,-0.012572608888149261,0.4154514670372009,0.41032150387763977,0.38634923100471497,7.628798907864422,5940.10299581091,0.025595032588791377,0.0065081729723825,0.19076544957644936,2350.0
DJI_20250929125144_0324_D.JPG,Post_def_rgb_part1,Post_Defoliation,0.02044626697897911,0.041740573942661285,36.487403869628906,3.624005079269409,0.6833360143395533,-0.015734318643808365,0.45281314849853516,0.44528210163116455,0.4173049330711365,7.7308279018207156,6630.544730766878,0.02294996031870485,0.005737011054257547,0.18514365336825553,2161.0
DJI_20250929125146_0325_D.JPG,Post_def_rgb_part1,Post_Defoliation,0.015722543001174927,0.03899315372109413,19.022720336914062,2.9968676567077637,0.6283853927291111,-0.015326013788580894,0.4216524362564087,0.4149743914604187,0.3925737738609314,7.6490757985639135,6380.088593902887,0.024808074396644463,0.006315465050112798,0.1717635268928292,2248.0
DJI_20250929125148_0326_D.JPG,Post_def_rgb_part1,Post_Defoliation,0.014538842253386974,0.03979631885886192,17.846281051635742,2.9363155364990234,0.6043908658118087,-0.016403784975409508,0.435956746339798,0.428305059671402,0.4061146080493927,7.677720183999404,6591.6857265166345,0.023471395956449346,0.006068584755361994,0.16775029304925185,2245.0
DJI_20250929125150_0327_D.JPG,Post_def_rgb_part1,Post_Defoliation,0.016671065241098404,0.03960024192929268,13.768732070922852,2.692512273788452,0.6360769123234365,-0.012345756404101849,0.43418169021606445,0.42907923460006714,0.40730568766593933,7.678604699765445,6651.113564090019,0.023767879822366188,0.006065919284964105,0.16501956479103516,2111.0
DJI_20250929125152_0328_D.JPG,Post_def_rgb_part1,Post_Defoliation,0.017930591478943825,0.0405263751745224,12.404135704040527,2.5955634117126465,0.6524357420259215,-0.01434287615120411,0.43471065163612366,0.42811763286590576,0.40359407663345337,7.657269449125363,6569.248547578279,0.024187768094798532,0.006191762157779189,0.16093291854965242,2107.0
DJI_20250929125154_0329_D.JPG,Post_def_rgb_part1,Post_Defoliation,0.017979435622692108,0.04068823158740997,10.09769058227539,2.4067370891571045,0.6499876482213439,-0.013207297772169113,0.4330419600009918,0.4270995259284973,0.4031776487827301,7.637035918072118,6472.564682454745,0.0241049366671382,0.006314894820887189,0.1590957519639549,2167.0
DJI_20250929093936_0722_D.JPG,part 2_pre_def_rgb,Pre_Defoliation,0.12464649975299835,0.1180817037820816,84.18571472167969,4.444833755493164,0.8308870109078653,-0.0011555735254660249,0.44740110635757446,0.45450031757354736,0.33695298433303833,7.551320380188051,3835.710268621575,0.0237024749778859,0.006201524202644905,0.19017093597189583,4446.0
DJI_20250929093940_0724_D.JPG,part 2_pre_def_rgb,Pre_Defoliation,0.10866321623325348,0.11675248295068741,69.24751281738281,4.252025127410889,0.7836678846094923,-0.01010025106370449,0.4511193335056305,0.4512365162372589,0.34269043803215027,7.552221612427789,3822.7883630442757,0.02380209976488254,0.006195071530158733,0.19007169166883095,4884.0
DJI_20250929093942_0725_D.JPG,part 2_pre_def_rgb,Pre_Defoliation,0.1081877201795578,0.11890331655740738,76.70854187011719,4.352965354919434,0.7745747253883629,-0.00934658944606781,0.4525192975997925,0.4533367156982422,0.3459663689136505,7.568101370560599,3889.172719697897,0.02364760407080417,0.006119385894263221,0.19146174653383788,5094.0
DJI_20250929093944_0726_D.JPG,part 2_pre_def_rgb,Pre_Defoliation,0.10611023753881454,0.12076415121555328,75.51740264892578,4.337518215179443,0.7618938532187395,-0.010293023660779,0.4492187798023224,0.4493531584739685,0.34337738156318665,7.55111183780346,3788.074780607877,0.024237587223435837,0.006224586020038817,0.192396611659944,4750.0
DJI_20250929093946_0727_D.JPG,part 2_pre_def_rgb,Pre_Defoliation,0.10218659788370132,0.12159495800733566,78.4806900024414,4.375514030456543,0.7462156160952294,-0.01398288644850254,0.4534604251384735,0.4508135914802551,0.3459801971912384,7.558836350376873,3819.9356194960865,0.024026952521087705,0.006187380356636913,0.19408850183378357,4449.0
DJI_20250929093948_0728_D.JPG,part 2_pre_def_rgb,Pre_Defoliation,0.10210929065942764,0.12237796187400818,90.79212188720703,4.519526481628418,0.7456207678401814,-0.01166188158094883,0.4474286139011383,0.4465538561344147,0.3435697853565216,7.554239099755211,3771.1947200648237,0.024544286522730337,0.0062207804159942395,0.19922331540060273,4640.0
DJI_20250929093950_0729_D.JPG,part 2_pre_def_rgb,Pre_Defoliation,0.11567813903093338,0.12643107771873474,94.35576629638672,4.557614803314209,0.7839691626834574,-0.003962675109505653,0.45285987854003906,0.4576595425605774,0.3467809855937958,7.5711926755343,3859.517142398483,0.02413079121659658,0.006139231129116944,0.19976202124101033,4732.0
DJI_20250929093952_0730_D.JPG,part 2_pre_def_rgb,Pre_Defoliation,0.12754012644290924,0.1286991387605667,155.74888610839844,5.05464506149292,0.8186557817814137,-0.001029894221574068,0.44855785369873047,0.4554993212223053,0.3349006175994873,7.568110051773039,3855.064181751468,0.024023834163502858,0.00615313902075461,0.1970967131400162,4208.0
DJI_20250929093954_0731_D.JPG,part 2_pre_def_rgb,Pre_Defoliation,0.1301088184118271,0.12984119355678558,209.3260498046875,5.348659038543701,0.823898106443607,-0.0006309121381491423,0.44735878705978394,0.45459768176078796,0.3317277729511261,7.577081522809901,3885.6517169153626,0.023772958789976928,0.006113097449336112,0.19788966930231813,4390.0
DJI_20250929093956_0732_D.JPG,part 2_pre_def_rgb,Pre_Defoliation,0.1340968906879425,0.131622314453125,262.1595764160156,5.572760581970215,0.8337245208658884,0.0031210877932608128,0.44589242339134216,0.4559153616428375,0.33184143900871277,7.591534126877292,3920.337879158513,0.023894558850014944,0.0060391944345590245,0.20217465242105115,4446.0
DJI_20250929093958_0733_D.JPG,part 2_pre_def_rgb,Pre_Defoliation,0.1320786327123642,0.13024082779884338,285.4666748046875,5.657622337341309,0.8316660347152005,0.0025687068700790405,0.44721975922584534,0.4563852846622467,0.33347225189208984,7.592949406583788,3898.7785935971133,0.023753705227143408,0.006044370126735152,0.20397984792273255,4436.0
DJI_20250929094000_0734_D.JPG,part 2_pre_def_rgb,Pre_Defoliation,0.13322009146213531,0.1286134272813797,311.5332336425781,5.744710922241211,0.8389447751018783,0.0025523125659674406,0.44235146045684814,0.451125830411911,0.32668009400367737,7.569932976756324,3773.1920483732874,0.024363292425130287,0.006166840839864381,0.2069083612743146,4881.0
DJI_20250929094002_0735_D.JPG,part 2_pre_def_rgb,Pre_Defoliation,0.1316421627998352,0.1264905333518982,241.7766876220703,5.492142200469971,0.8409682645463737,0.004260163754224777,0.44992396235466003,0.4598301947116852,0.3380942642688751,7.587509644071029,3841.977005870841,0.023995234234746903,0.00605183690391485,0.21004731128375442,4476.0
DJI_20250929094004_0736_D.JPG,part 2_pre_def_rgb,Pre_Defoliation,0.12782323360443115,0.12548796832561493,274.26397705078125,5.617730617523193,0.8287929535496522,0.003684236668050289,0.4488239884376526,0.45800700783729553,0.33936670422554016,7.5975175287021,3887.582661906801,0.023511735580095172,0.006000123659307405,0.20898362935847534,4659.0
DJI_20250929094006_0737_D.JPG,part 2_pre_def_rgb,Pre_Defoliation,0.13948361575603485,0.1263887733221054,418.0981750488281,6.038105010986328,0.864634846952845,0.0034413018729537725,0.4524323344230652,0.46130919456481934,0.3307024836540222,7.603577825147804,3931.8973749388456,0.02412953629055376,0.00596735223611853,0.2063914909449899,5230.0
DJI_20250929094008_0738_D.JPG,part 2_pre_def_rgb,Pre_Defoliation,0.13775990903377533,0.12485502660274506,366.5887756347656,5.9069647789001465,0.8650448972791617,0.002564345020800829,0.44853731989860535,0.45675188302993774,0.327206552028656,7.580844340854839,3806.008962970891,0.02432943220495107,0.0060914999450218,0.20930178895163767,4859.0
DJI_20250929094010_0739_D.JPG,part 2_pre_def_rgb,Pre_Defoliation,0.1378185898065567,0.12172513455152512,223.07859802246094,5.411996841430664,0.8787218590097129,0.0013698299881070852,0.44927623867988586,0.45621630549430847,0.32533782720565796,7.543983990679356,3642.854532320206,0.025460676516982323,0.006303616140400872,0.20946440817800513,3376.0
DJI_20250929094012_0740_D.JPG,part 2_pre_def_rgb,Pre_Defoliation,0.11947841942310333,0.11833988130092621,119.88577270507812,4.794846057891846,0.8280951738058032,-0.0015785377472639084,0.43730199337005615,0.4419884979724884,0.32719653844833374,7.504308013682905,3469.9057148972606,0.026061583827123903,0.006537986194084161,0.20860303555808427,4564.0
DJI_20250929094014_0741_D.JPG,part 2_pre_def_rgb,Pre_Defoliation,0.09992533922195435,0.11489573121070862,83.82118225097656,4.440545082092285,0.7628300988908294,-0.010264304466545582,0.44303762912750244,0.4415149390697479,0.34006696939468384,7.531164203804824,3589.3816696734343,0.02528257928895268,0.006399376364517238,0.21063268907452554,5043.0
DJI_20250929094016_0742_D.JPG,part 2_pre_def_rgb,Pre_Defoliation,0.10203464329242706,0.11471108347177505,75.94092559814453,4.343038082122803,0.7732846826454637,-0.01060634944587946,0.4446566104888916,0.4429793059825897,0.3392672538757324,7.528433213430891,3626.0017811276907,0.025425686307264765,0.00642908853049745,0.20638331109197058,4816.0
DJI_20250929094018_0743_D.JPG,part 2_pre_def_rgb,Pre_Defoliation,0.08789365738630295,0.1130397692322731,94.04090118408203,4.554307460784912,0.7223814708000122,-0.02228822372853756,0.44933024048805237,0.4390503764152527,0.34087687730789185,7.547447809047369,3722.780814273483,0.024768339518101957,0.006347290809567757,0.2056240153239201,4596.0
DJI_20250929094020_0744_D.JPG,part 2_pre_def_rgb,Pre_Defoliation,0.09831538051366806,0.11452927440404892,140.22589111328125,4.9503607749938965,0.7585558568495879,-0.030053038150072098,0.45209071040153503,0.43557408452033997,0.3207419812679291,7.513309357795326,3627.720011313601,0.025382652305505824,0.006564331685170937,0.1983755539983291,4801.0
DJI_20250929094022_0745_D.JPG,part 2_pre_def_rgb,Pre_Defoliation,0.09543868899345398,0.11610695719718933,225.6389923095703,5.42335844039917,0.7424815010570824,-0.035560306161642075,0.45315679907798767,0.4332900047302246,0.31798455119132996,7.535952140013051,3754.8938317942757,0.025155121792929894,0.0064616484793253645,0.19917308432091765,4795.0
DJI_20250929094024_0746_D.JPG,part 2_pre_def_rgb,Pre_Defoliation,0.09220623224973679,0.11550445854663849,216.649169921875,5.382884502410889,0.7328667425008426,-0.03896597772836685,0.45026323199272156,0.42791780829429626,0.31336620450019836,7.521660992537627,3718.5711763087083,0.025161637775976468,0.006558691512131714,0.1986107074015149,4689.0
DJI_20250929094026_0747_D.JPG,part 2_pre_def_rgb,Pre_Defoliation,0.09148527681827545,0.1159542128443718,314.1224365234375,5.752961158752441,0.7301424571805006,-0.04096416011452675,0.4498567581176758,0.4261479377746582,0.31095388531684875,7.541492590334792,3865.587424321184,0.024877959863081462,0.006459060399131911,0.19915374255945212,4504.0
DJI_20250929094028_0748_D.JPG,part 2_pre_def_rgb,Pre_Defoliation,0.08624231815338135,0.11464224010705948,585.458740234375,6.3741021156311035,0.7185095711922052,-0.049905918538570404,0.44081032276153564,0.41125908493995667,0.29546549916267395,7.542546841990561,3923.0927906372312,0.024988975665520764,0.006500052738385107,0.2033079624415172,4836.0
DJI_20250929094030_0749_D.JPG,part 2_pre_def_rgb,Pre_Defoliation,0.07602035999298096,0.11145833134651184,1464.707763671875,7.290093421936035,0.6933833723994239,-0.06501200050115585,0.4215244650840759,0.383884459733963,0.2702241837978363,7.559828849548349,4052.0140617355682,0.024987736943771675,0.006477746145982606,0.2168421440628262,4814.0
DJI_20250929094032_0750_D.JPG,part 2_pre_def_rgb,Pre_Defoliation,0.07993371039628983,0.11276893317699432,1921.54150390625,7.561403274536133,0.7080277464993718,-0.06493116170167923,0.43233436346054077,0.3937731385231018,0.275278240442276,7.610036815161552,4350.8771327666345,0.024361775111156274,0.006206599246757908,0.22040229608772463,4332.0
DJI_20250929094034_0751_D.JPG,part 2_pre_def_rgb,Pre_Defoliation,0.10338374227285385,0.11359631270170212,3651.207763671875,8.203086853027344,0.8206693610779177,-0.05404837802052498,0.41503751277923584,0.38413184881210327,0.24984249472618103,7.594618347199302,4277.365972052348,0.02511332556346746,0.006311334639737397,0.21595670841486936,4513.0
DJI_20250929094036_0752_D.JPG,part 2_pre_def_rgb,Pre_Defoliation,0.09706640988588333,0.11547008156776428,2294.758056640625,7.738818168640137,0.7818123410546313,-0.04349583759903908,0.4368452727794647,0.41136348247528076,0.2888152599334717,7.662204482920086,4678.280451168053,0.022937235693410003,0.0059141983016374475,0.2170313706134329,4033.0
DJI_20250929094723_0001_D.JPG,part 2_pre_def_rgb,Pre_Defoliation,0.09661465883255005,0.1167132705450058,1071.4510498046875,6.9777021408081055,0.7716734936575053,-0.025804413482546806,0.43510594964027405,0.4216715395450592,0.3116225302219391,7.631798554659453,4143.322345890412,0.024135677701119067,0.006051345641992384,0.22986229807602276,4505.0
DJI_20250929094725_0002_D.JPG,part 2_pre_def_rgb,Pre_Defoliation,0.09843997657299042,0.11667735874652863,641.4334716796875,6.465263366699219,0.7820600468793087,-0.016541611403226852,0.43098485469818115,0.42379212379455566,0.31815940141677856,7.589680049620608,3827.3470408818494,0.025027886127234656,0.006254286495174807,0.22863213891605946,5262.0
DJI_20250929094727_0003_D.JPG,part 2_pre_def_rgb,Pre_Defoliation,0.09122323244810104,0.11095704883337021,858.1317138671875,6.755922317504883,0.7744230091613813,-0.019190598279237747,0.39557743072509766,0.38717326521873474,0.2875458598136902,7.522097033316931,3480.839836105675,0.026802566872964756,0.006688424407604843,0.2456288955732582,5059.0
DJI_20250929094729_0004_D.JPG,part 2_pre_def_rgb,Pre_Defoliation,0.08875574916601181,0.11474522948265076,1603.8515625,7.380786418914795,0.7404627512485829,-0.03709223121404648,0.4259820282459259,0.40531280636787415,0.29588782787323,7.599115899573491,4041.556059656311,0.024302454910643013,0.006228404544804461,0.22070782613796391,5174.0
DJI_20250929094731_0005_D.JPG,part 2_pre_def_rgb,Pre_Defoliation,0.09392784535884857,0.11634102463722229,1076.321044921875,6.982232570648193,0.7648787706437479,-0.02998489700257778,0.4295574128627777,0.4130210280418396,0.3025567829608917,7.590888918285602,3831.6257491438355,0.02514821244560195,0.006254734957707024,0.23525280883007965,4536.0
DJI_20250929094733_0006_D.JPG,part 2_pre_def_rgb,Pre_Defoliation,0.09849042445421219,0.11833260208368301,845.109619140625,6.7406487464904785,0.7830254006189294,-0.02491704188287258,0.44267377257347107,0.42924270033836365,0.31732118129730225,7.5966524566606495,3827.6630534491196,0.024686087026477333,0.0062104123645516,0.23112247598065289,4513.0
DJI_20250929094735_0007_D.JPG,part 2_pre_def_rgb,Pre_Defoliation,0.09873056411743164,0.11900917440652847,760.8153076171875,6.635704040527344,0.7851523003033367,-0.024159235879778862,0.4489091634750366,0.4356367886066437,0.3236338496208191,7.605125700161047,3862.1149782901166,0.024263744339699193,0.0061474578496360285,0.22735211525264565,5344.0
DJI_20250929094737_0008_D.JPG,part 2_pre_def_rgb,Pre_Defoliation,0.0929933488368988,0.11787089705467224,776.8182373046875,6.656492710113525,0.7610102701688268,-0.03154107555747032,0.4555782973766327,0.4372014105319977,0.3258311450481415,7.609147073061722,3915.5248096563114,0.024123294884139654,0.006109387393181856,0.22208707229984226,4689.0
DJI_20250929094739_0009_D.JPG,part 2_pre_def_rgb,Pre_Defoliation,0.09210637211799622,0.11608307808637619,871.50146484375,6.771364212036133,0.7669794347672887,-0.034535858780145645,0.44616562128067017,0.4263450503349304,0.31441810727119446,7.597909130112513,3939.8658268101767,0.023908571568633262,0.006181680435179119,0.2180902397194213,4908.0
DJI_20250929094741_0010_D.JPG,part 2_pre_def_rgb,Pre_Defoliation,0.08476007729768753,0.11481219530105591,1307.4111328125,7.176568984985352,0.7340720941722585,-0.04725034162402153,0.45182666182518005,0.42302006483078003,0.30945342779159546,7.62174655349375,4219.218260763209,0.023170909366762308,0.006062090588372202,0.21178141870922632,4600.0
DJI_20250929094743_0011_D.JPG,part 2_pre_def_rgb,Pre_Defoliation,0.07921673357486725,0.11257125437259674,820.4617919921875,6.711085319519043,0.7112497893495113,-0.04596567898988724,0.4545977711677551,0.4263351857662201,0.3188558518886566,7.615643352910797,4110.428923067515,0.023462628607212432,0.006096157360229417,0.21702041346951984,4558.0
DJI_20250929094745_0012_D.JPG,part 2_pre_def_rgb,Pre_Defoliation,0.0785040408372879,0.1104341521859169,791.2369384765625,6.67486047744751,0.7188192752857187,-0.0466507226228714,0.4388938844203949,0.41121527552604675,0.3050326406955719,7.588247166955551,3995.0505710310667,0.024226327093376965,0.006281897495406544,0.22373355436761877,4953.0
DJI_20250929094747_0013_D.JPG,part 2_pre_def_rgb,Pre_Defoliation,0.07614240795373917,0.10733611136674881,781.002685546875,6.661858081817627,0.7243637876489873,-0.04696245491504669,0.4269571304321289,0.3999069035053253,0.29671424627304077,7.575692307558858,3948.4005511558216,0.024826362927166095,0.006384290518741503,0.23445557263805755,5166.0
DJI_20250929094749_0014_D.JPG,part 2_pre_def_rgb,Pre_Defoliation,0.07465861737728119,0.10770148783922195,1667.1142578125,7.4194488525390625,0.7200201266966939,-0.061391446739435196,0.44051456451416016,0.4036087393760681,0.2920442521572113,7.624811197851973,4404.223646190069,0.02315812460473108,0.006081342091495235,0.2101148482813096,4700.0
DJI_20250929094751_0015_D.JPG,part 2_pre_def_rgb,Pre_Defoliation,0.07823710143566132,0.10848595201969147,1789.4609375,7.490228176116943,0.7374345068480559,-0.0574951246380806,0.44636479020118713,0.41198447346687317,0.29936710000038147,7.666056169072274,4656.857528895548,0.022672269161733684,0.0058656185280739044,0.2243172725678218,4697.0
DJI_20250929094753_0016_D.JPG,part 2_pre_def_rgb,Pre_Defoliation,0.06823772192001343,0.10572007298469543,1858.461181640625,7.528041839599609,0.6988740252627386,-0.06254709511995316,0.42452549934387207,0.3886874318122864,0.28461164236068726,7.6394301209366375,4537.206694899705,0.023340068593278817,0.006056350543216019,0.22749350394730986,4489.0
DJI_20250929094755_0017_D.JPG,part 2_pre_def_rgb,Pre_Defoliation,0.07196757942438126,0.10926500707864761,2444.322998046875,7.801932334899902,0.6995064076048656,-0.06485772877931595,0.447191447019577,0.40845516324043274,0.29775136709213257,7.693607642213015,4920.61340738136,0.021573841477582904,0.0057005896469356125,0.21619366256811604,4579.0
DJI_20250929094757_0018_D.JPG,part 2_pre_def_rgb,Pre_Defoliation,0.07193320244550705,0.10587678104639053,2759.192138671875,7.923055648803711,0.7173500838771946,-0.05971907824277878,0.42372000217437744,0.38732191920280457,0.2789906859397888,7.665232490364714,4661.7745841487285,0.02350169408824581,0.005914527439260703,0.23069682753103793,4360.0
DJI_20250929094759_0019_D.JPG,part 2_pre_def_rgb,Pre_Defoliation,0.08016693592071533,0.1108013242483139,3813.527099609375,8.24657154083252,0.7341840261819408,-0.06138097867369652,0.45361465215682983,0.4155990481376648,0.29741641879081726,7.728717210397957,5351.592125580969,0.02147327432898143,0.0055612279422833704,0.21984930274393766,3305.0
DJI_20250929094801_0020_D.JPG,part 2_pre_def_rgb,Pre_Defoliation,0.08648795634508133,0.11505208164453506,4015.256591796875,8.298105239868164,0.7426096627294175,-0.058068931102752686,0.42807435989379883,0.3958747386932373,0.27718713879585266,7.671292138696566,5087.544585524707,0.023083434162647076,0.005856271943756627,0.20065491265682564,4380.0
DJI_20250929094803_0021_D.JPG,part 2_pre_def_rgb,Pre_Defoliation,0.0837494507431984,0.11643511056900024,3521.411865234375,8.166901588439941,0.726557042237338,-0.059235502034425735,0.4384445250034332,0.40485069155693054,0.28750738501548767,7.688691498024471,5230.762127721379,0.02275120989905493,0.005765293348328214,0.20180484844532298,3276.0
DJI_20250929094805_0022_D.JPG,part 2_pre_def_rgb,Pre_Defoliation,0.08148620277643204,0.11441965401172638,3635.3388671875,8.198732376098633,0.7262421197567178,-0.05956872180104256,0.42000812292099,0.38786453008651733,0.2742347717285156,7.656767989618655,5007.478068431996,0.02293405996732869,0.005967111089259406,0.2049608551026281,3363.0
DJI_20250929094807_0023_D.JPG,part 2_pre_def_rgb,Pre_Defoliation,0.08309981226921082,0.11713133007287979,3875.085693359375,8.262580871582031,0.7212081954530134,-0.06515131145715714,0.4426284730434418,0.4053066670894623,0.284885048866272,7.692326346353175,5226.016840447652,0.021921122191539688,0.0057470117370159385,0.20397213168949319,4528.0
DJI_20250929094809_0024_D.JPG,part 2_pre_def_rgb,Pre_Defoliation,0.07968651503324509,0.11254720389842987,3930.65625,8.276816368103027,0.7228234538254129,-0.06795380264520645,0.4179252088069916,0.3810094892978668,0.2644072473049164,7.638033276260686,4790.988090141878,0.02354410635652178,0.006077741849419487,0.21164629204081647,4144.0
DJI_20250929094811_0025_D.JPG,part 2_pre_def_rgb,Pre_Defoliation,0.08432620763778687,0.11289170384407043,3585.0703125,8.184812545776367,0.7446925173116402,-0.06137389317154884,0.43278151750564575,0.3983626365661621,0.2796175181865692,7.684634934409356,5048.232360720402,0.022634844596371436,0.005793566808345044,0.21501914537392702,4212.0
DJI_20250929094813_0026_D.JPG,part 2_pre_def_rgb,Pre_Defoliation,0.08195475488901138,0.10918717831373215,3984.38671875,8.290390014648438,0.7506558890216626,-0.06673870980739594,0.4164965748786926,0.3798849880695343,0.2613186240196228,7.644003764457707,4719.201695511253,0.023497168436794558,0.0060332715861283765,0.2184980993748969,3740.0
DJI_20250929094815_0027_D.JPG,part 2_pre_def_rgb,Pre_Defoliation,0.08145108073949814,0.10642893612384796,3190.27880859375,8.068177223205566,0.7587760823605111,-0.058681439608335495,0.41390538215637207,0.38216498494148254,0.26897352933883667,7.657130389323109,4746.331851608367,0.023122474978923394,0.005970642244049287,0.22558629611399028,4875.0
DJI_20250929094817_0028_D.JPG,part 2_pre_def_rgb,Pre_Defoliation,0.07758405059576035,0.09821821749210358,2828.99560546875,7.948030471801758,0.7762498755247113,-0.05363939329981804,0.373050719499588,0.34646180272102356,0.2422887533903122,7.540325660150382,3978.673556751469,0.026195204828050482,0.0066166930751132315,0.22806987452871408,5038.0
DJI_20250929094819_0029_D.JPG,part 2_pre_def_rgb,Pre_Defoliation,0.08628078550100327,0.10293124616146088,2432.7001953125,7.797168254852295,0.7903583356313386,-0.04683227837085724,0.4096508026123047,0.38321149349212646,0.2704913020133972,7.62623349293026,4259.574597144081,0.02427720152076502,0.006101611558263271,0.23979685163123748,5099.0
DJI_20250929094821_0030_D.JPG,part 2_pre_def_rgb,Pre_Defoliation,0.08129264414310455,0.09664275497198105,2568.48095703125,7.85145902633667,0.7973241642920612,-0.04550624638795853,0.37610530853271484,0.3520642817020416,0.24673056602478027,7.561208164263001,3856.147248807486,0.026208345535530624,0.006519626600096511,0.2600461568728262,5086.0
DJI_20250929094823_0031_D.JPG,part 2_pre_def_rgb,Pre_Defoliation,0.07735386490821838,0.09717278182506561,3009.8037109375,8.00996208190918,0.7729245181848822,-0.051550380885601044,0.3833513855934143,0.35583001375198364,0.250954806804657,7.595098922294504,4066.5188661937377,0.026138500105132485,0.006367519561462569,0.2649919997984982,5184.0
DJI_20250929094825_0032_D.JPG,part 2_pre_def_rgb,Pre_Defoliation,0.0747152790427208,0.0916445180773735,2706.12451171875,7.903642177581787,0.7909891380948004,-0.0448172502219677,0.3537859618663788,0.33078527450561523,0.2330693006515503,7.51655709320027,3631.1035500244616,0.02790888200686045,0.006825810671714883,0.2759333647404809,5041.0
DJI_20250929094827_0033_D.JPG,part 2_pre_def_rgb,Pre_Defoliation,0.0780806690454483,0.09558890014886856,2528.810791015625,7.835899829864502,0.7865874046327788,-0.04258858039975166,0.3746413588523865,0.3507358133792877,0.24874959886074066,7.575721070845841,3857.8732418052837,0.02641079480569389,0.006493161594838896,0.2840089765043621,4790.0
DJI_20250929094829_0034_D.JPG,part 2_pre_def_rgb,Pre_Defoliation,0.07356949150562286,0.0936255007982254,2930.90478515625,7.983407497406006,0.7774745208658884,-0.04421482980251312,0.35876697301864624,0.3354894816875458,0.23864249885082245,7.560046283633672,3904.2124243211833,0.027582352313002,0.006702901521253588,0.2945919293699236,5267.0
DJI_20250929094831_0035_D.JPG,part 2_pre_def_rgb,Pre_Defoliation,0.07782326638698578,0.09871191531419754,3417.406982421875,8.136929512023926,0.774459681496461,-0.04782199487090111,0.38257843255996704,0.3564433753490448,0.252485066652298,7.619513493762488,4424.086185940558,0.025409934991313384,0.0062787612771049855,0.25820047295728255,4737.0
DJI_20250929094833_0036_D.JPG,part 2_pre_def_rgb,Pre_Defoliation,0.08101419359445572,0.10111171007156372,3436.858642578125,8.142603874206543,0.7789655433250605,-0.0462663471698761,0.3762251138687134,0.3520998954772949,0.24696050584316254,7.598064120199183,4378.649576504403,0.025757333011872982,0.006383098795386468,0.24831368621833527,3856.0
DJI_20250929094835_0037_D.JPG,part 2_pre_def_rgb,Pre_Defoliation,0.0903083086013794,0.10671718418598175,3522.871337890625,8.167315483093262,0.7972700175414407,-0.04287106916308403,0.39495715498924255,0.3721517324447632,0.25903797149658203,7.640603829946693,4735.1609627262715,0.024686399284186172,0.0061419391136580005,0.23741910784731401,4508.0
DJI_20250929094837_0038_D.JPG,part 2_pre_def_rgb,Pre_Defoliation,0.09121233224868774,0.10654226690530777,3604.809814453125,8.190301895141602,0.8048796228207249,-0.041443247348070145,0.37384170293807983,0.35373663902282715,0.2424193173646927,7.5795151575834065,4438.073156188846,0.025750875837801526,0.006507554526889186,0.23342941282147986,4483.0
DJI_20250929094839_0039_D.JPG,part 2_pre_def_rgb,Pre_Defoliation,0.09605260193347931,0.11108838021755219,3651.280029296875,8.203106880187988,0.8022272937923216,-0.04313702508807182,0.39806172251701355,0.3764931857585907,0.25887206196784973,7.639845544882566,4863.553617294521,0.024455224361137076,0.0061268780859615075,0.2227900190638947,4624.0
DJI_20250929094841_0040_D.JPG,part 2_pre_def_rgb,Pre_Defoliation,0.1038433313369751,0.11038728803396225,3811.65771484375,8.246081352233887,0.8415880557342893,-0.0342898890376091,0.3802298605442047,0.36495447158813477,0.24583567678928375,7.603850595544982,4655.771900990705,0.02496521919129174,0.006335827696007731,0.21952061339000414,4152.0
DJI_20250929094843_0041_D.JPG,part 2_pre_def_rgb,Pre_Defoliation,0.10769011080265045,0.11356350034475327,3428.140869140625,8.14006519317627,0.8387471945184913,-0.0337943471968174,0.40174388885498047,0.38610583543777466,0.2627776861190796,7.649793312412847,4972.129208200833,0.02342872354345065,0.006050703440958977,0.21348074829634087,3822.0
DJI_20250929094845_0042_D.JPG,part 2_pre_def_rgb,Pre_Defoliation,0.10338857769966125,0.11029468476772308,2761.10546875,7.92374849319458,0.838924188804118,-0.026612430810928345,0.3746359646320343,0.36452817916870117,0.2510318458080292,7.597646828731067,4617.152305528376,0.025389264439349822,0.006360217243211362,0.2169398521069624,4561.0
DJI_20250929094847_0043_D.JPG,part 2_pre_def_rgb,Pre_Defoliation,0.08202609419822693,0.10901519656181335,2139.759033203125,7.668915748596191,0.7459125666421547,-0.043050531297922134,0.3935146927833557,0.3735315799713135,0.27152231335639954,7.641620959274848,4836.4688035102745,0.024039161125480612,0.006121258459434488,0.22547749730182762,4065.0
DJI_20250929094849_0044_D.JPG,part 2_pre_def_rgb,Pre_Defoliation,0.06614871323108673,0.09955611824989319,1235.3292236328125,7.11990213394165,0.7099317875417471,-0.03859099745750427,0.36658450961112976,0.3498298227787018,0.26692643761634827,7.582991019750691,4444.137272963551,0.02590452468840493,0.006453561951445351,0.22933356649418196,4057.0
DJI_20250929094851_0045_D.JPG,part 2_pre_def_rgb,Pre_Defoliation,0.06925542652606964,0.10100205987691879,1235.28662109375,7.119867324829102,0.7167508311119282,-0.03719223663210869,0.3818652331829071,0.3650824725627899,0.2790443003177643,7.630068549105072,4704.016473520059,0.025397183065374893,0.006182514019369301,0.233224083594049,4526.0
DJI_20250929094853_0046_D.JPG,part 2_pre_def_rgb,Pre_Defoliation,0.05614366754889488,0.09379073977470398,785.4449462890625,6.66752290725708,0.6830040483193921,-0.03465861827135086,0.36321353912353516,0.34789013862609863,0.2764230966567993,7.589984421430907,4435.680593352496,0.025972751948266103,0.006409168650114699,0.2363423552361831,4107.0
DJI_20250929094855_0047_D.JPG,part 2_pre_def_rgb,Pre_Defoliation,0.06764785200357437,0.09846904128789902,1123.3868408203125,7.024992942810059,0.7187055718969269,-0.03437100723385811,0.3790600001811981,0.36248841881752014,0.278268963098526,7.619975244242095,4590.849758439334,0.025012207905642136,0.006204455766327141,0.23445824302888998,4387.0
DJI_20250929094857_0048_D.JPG,part 2_pre_def_rgb,Pre_Defoliation,0.08144790679216385,0.10140842199325562,1741.0714111328125,7.462830066680908,0.768724147440022,-0.03045654110610485,0.3737923204898834,0.35884031653404236,0.26244038343429565,7.607656912595708,4435.872076045744,0.02564310128854179,0.0062872806030733865,0.24476777048395706,3907.0
DJI_20250929094859_0049_D.JPG,part 2_pre_def_rgb,Pre_Defoliation,0.09543662518262863,0.10468451678752899,2443.318359375,7.8015217781066895,0.8179730348224408,-0.024855660274624825,0.3733740746974945,0.3610728085041046,0.2533348500728607,7.616609370973982,4438.812259203767,0.02531528376197151,0.006264127180140745,0.25801636911409187,4176.0
DJI_20250929094901_0050_D.JPG,part 2_pre_def_rgb,Pre_Defoliation,0.09105277806520462,0.102381631731987,2491.734130859375,7.821135520935059,0.8089542256488035,-0.02612759917974472,0.3593684434890747,0.34645411372184753,0.24248698353767395,7.576878925790089,4180.922750275196,0.0263559434988231,0.006502384110650473,0.2661125170177261,4883.0
DJI_20250929094903_0051_D.JPG,part 2_pre_def_rgb,Pre_Defoliation,0.09776679426431656,0.10627173632383347,2528.697509765625,7.835855007171631,0.8165578465392039,-0.02116895094513893,0.37009015679359436,0.3594588339328766,0.2510606646537781,7.596670890466406,4374.589778773238,0.025784077989004214,0.006321245401601915,0.24635657451216922,4684.0
DJI_20250929094905_0052_D.JPG,part 2_pre_def_rgb,Pre_Defoliation,0.10642412304878235,0.11083582043647766,2170.4931640625,7.683170318603516,0.8280156532463155,-0.012942536734044552,0.37827056646347046,0.3726736605167389,0.2606526017189026,7.594847997394908,4285.793484741927,0.02553462914742951,0.006261149474488038,0.22812329197877793,4800.0
DJI_20250929094907_0053_D.JPG,part 2_pre_def_rgb,Pre_Defoliation,0.14366531372070312,0.122555673122406,2442.81396484375,7.8013153076171875,0.9050551329779085,-0.004302135668694973,0.419476181268692,0.4195196330547333,0.2758978605270386,7.6364248417216025,4384.0666432240705,0.02438973752962638,0.005974311306190209,0.2213748687806695,4544.0
DJI_20250929094909_0054_D.JPG,part 2_pre_def_rgb,Pre_Defoliation,0.13793329894542694,0.12656670808792114,1065.768310546875,6.972389221191406,0.8711189562459785,-0.006522758863866329,0.44679006934165955,0.4469694495201111,0.3092155456542969,7.63185708918884,4309.171584515656,0.02391661976226287,0.0059625219331100815,0.21100067373615225,4587.0
DJI_20250929094911_0055_D.JPG,part 2_pre_def_rgb,Pre_Defoliation,0.13283221423625946,0.12687790393829346,447.6605224609375,6.106266498565674,0.8547770743328125,-0.000352077855495736,0.4346129894256592,0.4395691752433777,0.3116931617259979,7.561319544418819,3806.8027993517617,0.025418837521258834,0.0063456138723217035,0.21322838828604807,4956.0
DJI_20250929094913_0056_D.JPG,part 2_pre_def_rgb,Pre_Defoliation,0.13713492453098297,0.12974613904953003,168.7039031982422,5.134055137634277,0.8645516400098048,0.0058557721786201,0.44256603717803955,0.4531233608722687,0.326545774936676,7.549126515003901,3641.522566046966,0.025966960134316278,0.006360482532218785,0.22254985648093553,5070.0
DJI_20250929094915_0057_D.JPG,part 2_pre_def_rgb,Pre_Defoliation,0.13874544203281403,0.1301506906747818,213.41104125976562,5.367895126342773,0.87051424571805,0.005139817483723164,0.43549105525016785,0.44570302963256836,0.3171694874763489,7.523820588778778,3545.002369740705,0.025683222965160693,0.006513593360239875,0.21718112046219393,4097.0
DJI_20250929094917_0058_D.JPG,part 2_pre_def_rgb,Pre_Defoliation,0.12659461796283722,0.12795160710811615,134.4111328125,4.908315658569336,0.8316120794650244,-0.00247433059848845,0.44586181640625,0.4505254626274109,0.3285945951938629,7.522288049369442,3535.939269661203,0.026012031389486486,0.006516897342014037,0.21867411040034787,4614.0
DJI_20250929094919_0059_D.JPG,part 2_pre_def_rgb,Pre_Defoliation,0.1301119029521942,0.12698058784008026,130.2180938720703,4.876860618591309,0.8479871388301621,0.0024590003304183483,0.43747127056121826,0.4459570348262787,0.32433104515075684,7.502476016628061,3462.612769080235,0.02665865032817345,0.006634054115088107,0.21419183765392058,4924.0
DJI_20250929094921_0060_D.JPG,part 2_pre_def_rgb,Pre_Defoliation,0.13638250529766083,0.12725932896137238,129.90245056152344,4.874452590942383,0.8674181144100255,0.005050556734204292,0.44226399064064026,0.4529513120651245,0.32725611329078674,7.5149055184496465,3545.6664437071913,0.02619071201080013,0.0065514617942803955,0.20856378885118296,4888.0
DJI_20250929094923_0061_D.JPG,part 2_pre_def_rgb,Pre_Defoliation,0.11643041670322418,0.12320201098918915,81.65423583984375,4.414666175842285,0.8032878232527499,0.003188753267750144,0.4321778118610382,0.44135352969169617,0.33409881591796875,7.507858955531017,3492.555876192514,0.025856056035314327,0.0065831386012633036,0.21096608922448984,4300.0
DJI_20250929094925_0062_D.JPG,part 2_pre_def_rgb,Pre_Defoliation,0.10287927091121674,0.11807454377412796,33.4385986328125,3.539177894592285,0.765558932346723,-0.0037090100813657045,0.4432961940765381,0.4468841850757599,0.34759286046028137,7.502270215482929,3490.469659674658,0.02592695278197795,0.006584825488563932,0.21109986291096158,4155.0
DJI_20250929094927_0063_D.JPG,part 2_pre_def_rgb,Pre_Defoliation,0.10288842767477036,0.11759169399738312,51.6561393737793,3.963782787322998,0.7689445644513895,-0.004565450828522444,0.43483710289001465,0.4380860924720764,0.3384467661380768,7.494982827643658,3453.947877170988,0.026225295702475372,0.0066509376888792045,0.2120815701983983,4713.0
DJI_20250929094929_0064_D.JPG,part 2_pre_def_rgb,Pre_Defoliation,0.10188525915145874,0.11764002591371536,54.08956527709961,4.008960247039795,0.7628061134601832,-0.0070744892582297325,0.4435635805130005,0.44493386149406433,0.34441882371902466,7.523357787869336,3583.5500206396778,0.025524460707098715,0.006470714976519766,0.21271907743765067,4563.0
DJI_20250929094931_0065_D.JPG,part 2_pre_def_rgb,Pre_Defoliation,0.10986261814832687,0.11864911019802094,71.18058013916016,4.279170989990234,0.7897872813064927,-0.00362958712503314,0.4362313151359558,0.4403771162033081,0.33466023206710815,7.511543197101132,3538.038871391879,0.025994702194157136,0.006545082367420681,0.21175834148768163,4836.0
DJI_20250929094933_0066_D.JPG,part 2_pre_def_rgb,Pre_Defoliation,0.10821643471717834,0.11614910513162613,42.088836669921875,3.7632639408111572,0.7917892269510065,-0.0026684864424169064,0.4397820234298706,0.4446098506450653,0.3412211537361145,7.505536645823245,3533.599708751223,0.026246108478826316,0.006557887923064639,0.2083435911667356,4044.0
DJI_20250929094935_0067_D.JPG,part 2_pre_def_rgb,Pre_Defoliation,0.1171761304140091,0.1170697957277298,66.8416976928711,4.217176914215088,0.820615022826853,-0.001284174621105194,0.4362224042415619,0.44208359718322754,0.3307686150074005,7.505450671178638,3522.5322896281796,0.025642972257202495,0.006559864141122255,0.21168324612062256,4515.0
DJI_20250929094937_0068_D.JPG,part 2_pre_def_rgb,Pre_Defoliation,0.11970815062522888,0.11660482734441757,57.949554443359375,4.076682090759277,0.8291994132426387,-0.0014741659397259355,0.4447353780269623,0.4503072500228882,0.3361709415912628,7.522168673821548,3622.356259937622,0.02521552164523861,0.006446129341110765,0.21268149506319833,3998.0
DJI_20250929094939_0069_D.JPG,part 2_pre_def_rgb,Pre_Defoliation,0.12111687660217285,0.1172458827495575,134.70323181152344,4.910470485687256,0.8328102498697797,-0.004093961790204048,0.43313083052635193,0.4368763864040375,0.3195050358772278,7.52152908322602,3595.0477502751955,0.02555293737466895,0.006475914625486739,0.21872736083804648,3731.0
DJI_20250929094941_0070_D.JPG,part 2_pre_def_rgb,Pre_Defoliation,0.12512145936489105,0.11734861880540848,188.89144897460938,5.246452808380127,0.8524151078530502,-0.0007417029119096696,0.42727378010749817,0.4331274628639221,0.31385982036590576,7.539553882594299,3740.5777810053814,0.02500789070845683,0.006423673591593987,0.22485496557461285,3843.0
DJI_20250929094943_0071_D.JPG,part 2_pre_def_rgb,Pre_Defoliation,0.1314626783132553,0.11825353652238846,530.2085571289062,6.2751545906066895,0.8740131503355087,-0.0017356149619445205,0.4214623272418976,0.42614585161209106,0.2993667423725128,7.58535528187871,4107.5178150990705,0.02385708194403656,0.0061739554247798,0.21981519807616354,3627.0
DJI_20250929094945_0072_D.JPG,part 2_pre_def_rgb,Pre_Defoliation,0.1318134218454361,0.11777723580598831,1263.4593505859375,7.142399787902832,0.8764439133498789,-0.010384231805801392,0.4128331243991852,0.41203781962394714,0.2794291079044342,7.607367897704703,4351.138327880381,0.023714543145737718,0.006096968492892262,0.2219884432760199,4060.0
DJI_20250929094947_0073_D.JPG,part 2_pre_def_rgb,Pre_Defoliation,0.13441140949726105,0.11966466158628464,1773.213623046875,7.481112480163574,0.8782513424181144,-0.013161123730242252,0.4194084703922272,0.4169256091117859,0.28003135323524475,7.636792766778917,4656.711296783268,0.02275749389038701,0.005938123281117481,0.21364407446487674,4387.0
DJI_20250929094949_0074_D.JPG,part 2_pre_def_rgb,Pre_Defoliation,0.13058076798915863,0.12198582291603088,1655.0023193359375,7.412161827087402,0.8561189179458897,-0.017559988424181938,0.43378153443336487,0.42833709716796875,0.2923119068145752,7.658747658242948,4880.337042104941,0.022202547193252004,0.005784610808752747,0.20201527027413713,3969.0
DJI_20250929094951_0075_D.JPG,part 2_pre_def_rgb,Pre_Defoliation,0.12098261713981628,0.11980275809764862,1091.3050537109375,6.9960455894470215,0.8369874490608818,-0.016463758423924446,0.42378896474838257,0.41867417097091675,0.2925768196582794,7.628694908763727,4631.86940817637,0.02310546121383768,0.005958450885248981,0.20152709335160773,4147.0
DJI_20250929094953_0076_D.JPG,part 2_pre_def_rgb,Pre_Defoliation,0.1056400015950203,0.12068535387516022,473.00445556640625,6.161216735839844,0.7808503864478965,-0.02186582237482071,0.43966346979141235,0.4298904538154602,0.3144773840904236,7.623958522964475,4508.723202819227,0.022638169901489192,0.005960299867977719,0.2013917453077144,4094.0
DJI_20250929094955_0077_D.JPG,part 2_pre_def_rgb,Pre_Defoliation,0.08746562898159027,0.1185549944639206,236.0599365234375,5.468313217163086,0.7199508035358642,-0.02664174512028694,0.42717045545578003,0.4136524498462677,0.3126687705516815,7.558184249882233,3999.5265640288644,0.024175199870320876,0.006342495916122854,0.2075656538894623,4612.0
DJI_20250929094957_0078_D.JPG,part 2_pre_def_rgb,Pre_Defoliation,0.11080829799175262,0.12293607741594315,521.9121704101562,6.259413719177246,0.7988706740049637,-0.021672485396265984,0.4358869791030884,0.4247145354747772,0.30273374915122986,7.5828162039013645,4014.913783482143,0.024147007373797127,0.006219088745681995,0.2285881309429125,4900.0
DJI_20250929094959_0079_D.JPG,part 2_pre_def_rgb,Pre_Defoliation,0.09553899616003036,0.11939974129199982,2024.6884765625,7.6136651039123535,0.7661275450409045,-0.03563449904322624,0.3935934007167816,0.37550729513168335,0.26188215613365173,7.582233213790923,4025.8231867661448,0.025762203422588628,0.0064574843168055,0.2702177942391722,4780.0
DJI_20250929095001_0080_D.JPG,part 2_pre_def_rgb,Pre_Defoliation,0.08240947127342224,0.11932623386383057,2384.466552734375,7.7771501541137695,0.7137777388393541,-0.04744330793619156,0.40809789299964905,0.3820103108882904,0.2735132873058319,7.630945311089298,4502.329390135763,0.023502176951699788,0.006063411662469252,0.2350891211982103,4632.0
DJI_20250929095003_0081_D.JPG,part 2_pre_def_rgb,Pre_Defoliation,0.0924563929438591,0.11058177798986435,2717.689697265625,7.907905101776123,0.8067277936084811,-0.03508582338690758,0.41550248861312866,0.39335811138153076,0.27875733375549316,7.6926499048720745,4755.950094025196,0.02358316940054544,0.0058409776729709,0.2662887364270253,4409.0
DJI_20250929095005_0082_D.JPG,part 2_pre_def_rgb,Pre_Defoliation,0.0724291205406189,0.10460058599710464,2417.882568359375,7.791060924530029,0.721528815071851,-0.051176220178604126,0.38519102334976196,0.3565269708633423,0.2554337680339813,7.616730265088054,4260.620176431017,0.026007715311227118,0.006337083636654689,0.2785580415146163,4412.0
DJI_20250929095007_0083_D.JPG,part 2_pre_def_rgb,Pre_Defoliation,0.10420835763216019,0.1128137856721878,3355.476318359375,8.118646621704102,0.8652936563562827,-0.026568220928311348,0.3762548863887787,0.3623771071434021,0.24429091811180115,7.615688449808813,4187.341307638209,0.025414270420036515,0.006330129896057302,0.29246032430964913,4326.0
DJI_20250929095009_0084_D.JPG,part 2_pre_def_rgb,Pre_Defoliation,0.11236106604337692,0.1191263198852539,3987.652099609375,8.291208267211914,0.8594814263719092,-0.03022352233529091,0.4040415287017822,0.3886231482028961,0.2608437240123749,7.676126952262276,4767.511168358611,0.023760957161392975,0.0059229799392964185,0.2611675899546084,4372.0
DJI_20250929095011_0085_D.JPG,part 2_pre_def_rgb,Pre_Defoliation,0.10569252073764801,0.11923864483833313,2879.893798828125,7.965856075286865,0.8246558258265159,-0.027684440836310387,0.39334434270858765,0.3806053102016449,0.26217377185821533,7.649269202639087,4683.209423923679,0.023966016114048964,0.006045379722260629,0.24891717634317304,3828.0
DJI_20250929095013_0086_D.JPG,part 2_pre_def_rgb,Pre_Defoliation,0.09996859729290009,0.12008067965507507,2417.8818359375,7.791060447692871,0.7859053758004718,-0.029085619375109673,0.40269848704338074,0.3890876770019531,0.2755082845687866,7.668861087720386,4929.363694043542,0.023382572742344027,0.0059270519352048485,0.23969755728732545,4478.0
DJI_20250929095015_0087_D.JPG,part 2_pre_def_rgb,Pre_Defoliation,0.093616783618927,0.11782244592905045,2573.546630859375,7.853428840637207,0.7680509755032632,-0.0372060164809227,0.38466960191726685,0.36756062507629395,0.25683483481407166,7.621472553066528,4614.292525379158,0.024844334162099947,0.006223852548249599,0.2469317578236326,4374.0
DJI_20250929095017_0088_D.JPG,part 2_pre_def_rgb,Pre_Defoliation,0.09304384887218475,0.1196971908211708,2694.964111328125,7.899511337280273,0.7548803888225021,-0.04224861040711403,0.3983824551105499,0.37786436080932617,0.26430249214172363,7.641668983022419,4774.772990306996,0.02431045076047897,0.006080119822172746,0.24082771555414556,4104.0
DJI_20250929095019_0089_D.JPG,part 2_pre_def_rgb,Pre_Defoliation,0.09872690588235855,0.11983795464038849,2782.527587890625,7.931474208831787,0.7812724055519809,-0.03521379083395004,0.3716138005256653,0.3564847707748413,0.242628812789917,7.581499931246712,4320.861561276908,0.025956231773102297,0.0064447189755955005,0.2503658044251511,4243.0
DJI_20250929095021_0090_D.JPG,part 2_pre_def_rgb,Pre_Defoliation,0.09869231283664703,0.12104152143001556,2619.84521484375,7.871252059936523,0.7733622882005087,-0.03415272384881973,0.3876480758190155,0.37150800228118896,0.2566755712032318,7.624275682322804,4588.129135579746,0.024608982137064903,0.006183427819879642,0.24738325405345934,4228.0
DJI_20250929095023_0091_D.JPG,part 2_pre_def_rgb,Pre_Defoliation,0.10205380618572235,0.119815893471241,2947.802001953125,7.98915433883667,0.7949796243527285,-0.030794566497206688,0.3686763048171997,0.35517072677612305,0.23961134254932404,7.584333985478587,4314.02956442637,0.02562306828002248,0.006450788323405545,0.25455533299425054,4224.0
DJI_20250929095025_0092_D.JPG,part 2_pre_def_rgb,Pre_Defoliation,0.09355952590703964,0.1205778494477272,2905.381591796875,7.974664211273193,0.7503420197934859,-0.04305221512913704,0.38959717750549316,0.36808454990386963,0.25301238894462585,7.630652925463066,4599.801259020303,0.024655382546611204,0.006152456987331723,0.24759923249462815,3753.0
DJI_20250929095027_0093_D.JPG,part 2_pre_def_rgb,Pre_Defoliation,0.11375459283590317,0.12081654369831085,3229.4560546875,8.080378532409668,0.843104691377884,-0.021732771769165993,0.363081693649292,0.3542678654193878,0.23169948160648346,7.57909930012034,4222.583758867417,0.02589160088690542,0.0064700438407385465,0.2582625400008017,4256.0
DJI_20250929095029_0094_D.JPG,part 2_pre_def_rgb,Pre_Defoliation,0.12039779126644135,0.12192846089601517,3667.804443359375,8.207621574401855,0.8638067990317737,-0.021411007270216942,0.37723466753959656,0.3676949739456177,0.23775754868984222,7.613319580404603,4396.5365092955,0.024925519740176903,0.006278234834412619,0.25933075330023536,3870.0
DJI_20250929095031_0095_D.JPG,part 2_pre_def_rgb,Pre_Defoliation,0.11031299084424973,0.11683196574449539,3105.79541015625,8.04134750366211,0.8576240635628275,-0.018990913406014442,0.34183332324028015,0.33425256609916687,0.21635878086090088,7.517125600948806,3815.41919566414,0.028522844177077115,0.006891850652214892,0.27202529522217217,4774.0
DJI_20250929095033_0096_D.JPG,part 2_pre_def_rgb,Pre_Defoliation,0.11348167061805725,0.1182420551776886,3347.683349609375,8.11632251739502,0.8579627320985385,-0.020834384486079216,0.3662014305591583,0.3563707768917084,0.23305852711200714,7.592814099231691,4241.116637108609,0.02592322372844617,0.00643165573587896,0.26718925127923604,4516.0
DJI_20250929095035_0097_D.JPG,part 2_pre_def_rgb,Pre_Defoliation,0.11286017298698425,0.11910684406757355,3462.711669921875,8.15009593963623,0.845423570257683,-0.026580654084682465,0.38664719462394714,0.3724755346775055,0.24544373154640198,7.639386833827763,4526.447021006605,0.02495789798492826,0.006160817809331715,0.26459863395602007,4052.0
DJI_20250929095037_0098_D.JPG,part 2_pre_def_rgb,Pre_Defoliation,0.10678219050168991,0.11565154045820236,3000.273681640625,8.006792068481445,0.8405529479578393,-0.024520253762602806,0.36201101541519165,0.34990522265434265,0.23101726174354553,7.579426359173159,4102.220439395793,0.02675075737848787,0.006534767766972494,0.2798419578650261,4219.0
DJI_20250929095039_0099_D.JPG,part 2_pre_def_rgb,Pre_Defoliation,0.11437584459781647,0.1185111552476883,3451.869384765625,8.146961212158203,0.8535012026227901,-0.02486514113843441,0.3850666880607605,0.3719153106212616,0.24438807368278503,7.637687032066007,4488.40335280088,0.025069179858298016,0.006179423108571773,0.2711726514559255,4409.0
DJI_20250929095041_0100_D.JPG,part 2_pre_def_rgb,Pre_Defoliation,0.11959461122751236,0.11936012655496597,3694.285400390625,8.214813232421875,0.8718138634831633,-0.019460178911685944,0.3761305809020996,0.36639565229415894,0.2370661050081253,7.6164123846124845,4386.151728381848,0.025551420608397303,0.0062911974999534746,0.2678052971927746,3785.0
DJI_20250929095043_0101_D.JPG,part 2_pre_def_rgb,Pre_Defoliation,0.12391412258148193,0.12330642342567444,4291.3349609375,8.364585876464844,0.8618780544320863,-0.023492328822612762,0.39484989643096924,0.3830236792564392,0.2472834289073944,7.656017486743278,4675.442342679795,0.024661525564306015,0.006028570434788644,0.25881596531087236,3780.0
DJI_20250929095045_0102_D.JPG,part 2_pre_def_rgb,Pre_Defoliation,0.10910199582576752,0.12028086185455322,2901.41064453125,7.973297119140625,0.8159888029690229,-0.024445557966828346,0.3764841854572296,0.365231990814209,0.24487784504890442,7.612881834089527,4403.402362860813,0.024947662934348788,0.006285208219537977,0.2626644908130369,4556.0
DJI_20250929095047_0103_D.JPG,part 2_pre_def_rgb,Pre_Defoliation,0.11713549494743347,0.12370625138282776,3229.555908203125,8.080409049987793,0.8298573130189663,-0.022641176357865334,0.3962642252445221,0.3856208026409149,0.2578418254852295,7.661888490861806,4761.259456029842,0.024087867754391437,0.005968346099005028,0.25358248931584715,4033.0
DJI_20250929095049_0104_D.JPG,part 2_pre_def_rgb,Pre_Defoliation,0.1039653792977333,0.12011045962572098,2294.6728515625,7.738781452178955,0.7909310177099611,-0.026546712964773178,0.38700053095817566,0.37452754378318787,0.25808918476104736,7.639757722284138,4580.105457283514,0.024878795375016815,0.006118054222249397,0.25894242324658184,4136.0
DJI_20250929095051_0105_D.JPG,part 2_pre_def_rgb,Pre_Defoliation,0.09989022463560104,0.12151993066072464,2336.169677734375,7.756695747375488,0.7661803034133039,-0.03406892716884613,0.4084814190864563,0.390636146068573,0.27290067076683044,7.6813930355710065,4892.9807439456945,0.023731555882733835,0.005877786821822576,0.25734695722839146,5003.0
DJI_20250929095053_0106_D.JPG,part 2_pre_def_rgb,Pre_Defoliation,0.09248731285333633,0.11882475763559341,2163.323974609375,7.679863452911377,0.746984059503018,-0.04008094593882561,0.39723217487335205,0.37741735577583313,0.26511529088020325,7.660814200225058,4727.032855308219,0.02485612374951298,0.006023350242933323,0.26309984781261886,4348.0
DJI_20250929095055_0107_D.JPG,part 2_pre_def_rgb,Pre_Defoliation,0.09991997480392456,0.12002469599246979,2327.9775390625,7.753184795379639,0.7739483753102308,-0.03386687859892845,0.40325722098350525,0.3860166072845459,0.2688559591770172,7.676067825459155,4849.541244954746,0.024050865339503236,0.005931908658421365,0.2599790547591028,4532.0
DJI_20250929095057_0108_D.JPG,part 2_pre_def_rgb,Pre_Defoliation,0.09564873576164246,0.11819612234830856,2132.028564453125,7.665297985076904,0.76867708620584,-0.03197867423295975,0.3830968737602234,0.36823999881744385,0.25773435831069946,7.6379482394004965,4541.081236240216,0.02567933429816176,0.006200216651743503,0.27548051467860823,4051.0
DJI_20250929095059_0109_D.JPG,part 2_pre_def_rgb,Pre_Defoliation,0.10049048066139221,0.11861671507358551,2640.701171875,7.879178524017334,0.7790639745534209,-0.03150010481476784,0.3978017568588257,0.38253140449523926,0.26677054166793823,7.67396372626895,4840.824834118151,0.024454888702810505,0.005977394021952564,0.2669159209625825,4132.0
DJI_20250929095101_0110_D.JPG,part 2_pre_def_rgb,Pre_Defoliation,0.09675991535186768,0.11676459014415741,2640.371826171875,7.879053592681885,0.7719591165701505,-0.03351276367902756,0.38077154755592346,0.3657703399658203,0.2540092468261719,7.629834597432675,4540.416107356898,0.025974090938543297,0.006250013977804398,0.2755779141327868,4524.0
DJI_20250929095103_0111_D.JPG,part 2_pre_def_rgb,Pre_Defoliation,0.1008339375257492,0.11872182786464691,2540.320068359375,7.8404388427734375,0.7752080652327114,-0.029867922887206078,0.3949197232723236,0.38138964772224426,0.2670256197452545,7.661713706092013,4802.899312775196,0.024489138280991335,0.006047434039684025,0.2691258497687003,4321.0
DJI_20250929095105_0112_D.JPG,part 2_pre_def_rgb,Pre_Defoliation,0.0945436879992485,0.11602216213941574,2126.86328125,7.6628737449646,0.758151168535711,-0.0314432792365551,0.37264248728752136,0.3600977063179016,0.25300920009613037,7.60451845845314,4302.752461472603,0.026107911836730863,0.006459922642370871,0.2956424673397678,4979.0
DJI_20250929095107_0113_D.JPG,part 2_pre_def_rgb,Pre_Defoliation,0.10543808341026306,0.1170024573802948,1763.8775634765625,7.475836753845215,0.8027546381407605,-0.018530160188674927,0.3750067949295044,0.36890238523483276,0.25735989212989807,7.594414751668153,4129.418419765167,0.02618360014773377,0.006475797318348456,0.2953298665760543,4992.0
DJI_20250929095109_0114_D.JPG,part 2_pre_def_rgb,Pre_Defoliation,0.10625916719436646,0.11799723654985428,1118.6214599609375,7.020745754241943,0.8016616972301376,-0.018625343218445778,0.3807072639465332,0.37469494342803955,0.26242348551750183,7.566842313439207,3864.8153207558707,0.026634197209196606,0.006627820863324731,0.30350546744384366,4742.0
DJI_20250929095111_0115_D.JPG,part 2_pre_def_rgb,Pre_Defoliation,0.09562847763299942,0.11607849597930908,1008.3718872070312,6.917083740234375,0.7669422358059871,-0.023542672395706177,0.3850262463092804,0.37576451897621155,0.2708742320537567,7.5781042310731195,3947.053793113992,0.02613003697678723,0.006562854899252874,0.2949434338881556,4633.0
DJI_20250929095113_0116_D.JPG,part 2_pre_def_rgb,Pre_Defoliation,0.08743974566459656,0.11070679128170013,826.9962158203125,6.719008445739746,0.7669937973006098,-0.020034443587064743,0.34834834933280945,0.34195220470428467,0.2481163591146469,7.504444191046711,3459.772749510764,0.030117075739118905,0.007271211219431693,0.3458937070983049,5596.0
DJI_20250929095115_0117_D.JPG,part 2_pre_def_rgb,Pre_Defoliation,0.09140481054782867,0.11128044128417969,510.6894836425781,6.237718105316162,0.7826153024175017,-0.014136062934994698,0.3545551896095276,0.3509996831417084,0.2560393512248993,7.46527777383304,3252.456064242907,0.030128301269044627,0.007451750935477514,0.3364967667431736,5788.0
DJI_20250929095117_0118_D.JPG,part 2_pre_def_rgb,Pre_Defoliation,0.09874331206083298,0.1178130954504013,68.23771667480469,4.237545967102051,0.7713300376106873,-0.012416555546224117,0.4306756556034088,0.42665308713912964,0.3238872289657593,7.485274247452791,3479.832226180284,0.026978410106738113,0.006862626379464822,0.2348064886455198,4673.0
DJI_20250929095119_0119_D.JPG,part 2_pre_def_rgb,Pre_Defoliation,0.10089707374572754,0.11684650182723999,428.6341552734375,6.062933921813965,0.802359093973098,-0.019153838977217674,0.39711907505989075,0.3890702426433563,0.28012439608573914,7.499607612272847,3496.330016970401,0.02726412957684187,0.006905492510318431,0.2592144408430095,4465.0
DJI_20250929095121_0120_D.JPG,part 2_pre_def_rgb,Pre_Defoliation,0.09621857106685638,0.1098656877875328,1646.5340576171875,7.407034873962402,0.836484042267978,-0.027083231136202812,0.344002366065979,0.3329316973686218,0.22564244270324707,7.45454746615682,3394.1639631237767,0.03013289033851237,0.0073587040127066055,0.28669987782649187,4673.0
DJI_20250929095123_0121_D.JPG,part 2_pre_def_rgb,Pre_Defoliation,0.0924365445971489,0.11465472728013992,2233.634033203125,7.711832523345947,0.7929536932775684,-0.04048917442560196,0.3694532811641693,0.3503929078578949,0.23889599740505219,7.5609771017673815,3937.6277366682984,0.02772618068291512,0.006730222450479207,0.28524070135555996,4355.0
DJI_20250929095125_0122_D.JPG,part 2_pre_def_rgb,Pre_Defoliation,0.08331970125436783,0.11249574273824692,2212.925048828125,7.702522277832031,0.755679711676931,-0.04687458276748657,0.36769506335258484,0.34451040625572205,0.23800599575042725,7.5614606093100285,3904.7835127201565,0.028110376717123624,0.006735987928145172,0.29062319705539696,4352.0
DJI_20250929095127_0123_D.JPG,part 2_pre_def_rgb,Pre_Defoliation,0.08000785857439041,0.11254409700632095,1868.6180419921875,7.533489227294922,0.7368279770659067,-0.046552661806344986,0.3825318217277527,0.3572242558002472,0.2519088387489319,7.602712297885763,4044.076034277153,0.027031664568972828,0.00648554010560021,0.2981152696342421,4585.0
DJI_20250929095129_0124_D.JPG,part 2_pre_def_rgb,Pre_Defoliation,0.07399351894855499,0.10923585295677185,1774.7725830078125,7.481990814208984,0.7223195204062873,-0.04611179977655411,0.37294426560401917,0.347564697265625,0.24819156527519226,7.584839381212097,3913.4311131665845,0.02807276658257677,0.0065701048774997476,0.2980743189510166,4878.0
DJI_20250929095131_0125_D.JPG,part 2_pre_def_rgb,Pre_Defoliation,0.07754816114902496,0.1106787770986557,1942.7012939453125,7.572349548339844,0.7296166448356161,-0.04661509022116661,0.39750558137893677,0.3698715567588806,0.2646893858909607,7.641067574848141,4241.802378913894,0.025734683136391465,0.006228453800793317,0.29339166684150586,4112.0
DJI_20250929095133_0126_D.JPG,part 2_pre_def_rgb,Pre_Defoliation,0.07153177261352539,0.10543876141309738,1518.24169921875,7.325966835021973,0.7175709317645617,-0.046241503208875656,0.375660240650177,0.34894779324531555,0.2507036328315735,7.577306019988361,3686.543297455969,0.02879389625558012,0.006671784051228627,0.3286863784559414,5316.0
DJI_20250929095135_0127_D.JPG,part 2_pre_def_rgb,Pre_Defoliation,0.08458705246448517,0.10805170983076096,617.1155395507812,6.426675319671631,0.7605067197505898,-0.02634177729487419,0.4007343053817749,0.38318300247192383,0.28104469180107117,7.559831896539419,3305.2573232632094,0.028596295393636666,0.006658227791299175,0.3321720353148911,5126.0
DJI_20250929095137_0128_D.JPG,part 2_pre_def_rgb,Pre_Defoliation,0.08051198720932007,0.10160737484693527,725.5238647460938,6.588271141052246,0.774149594402059,-0.027065224945545197,0.3808635473251343,0.36315447092056274,0.26493340730667114,7.526826655382836,3162.1900684931506,0.02884450148381778,0.006909366585227334,0.34753726033241195,5136.0
DJI_20250929095139_0129_D.JPG,part 2_pre_def_rgb,Pre_Defoliation,0.08113392442464828,0.10066964477300644,1622.9090576171875,7.39259147644043,0.786940579327144,-0.039626672863960266,0.3685201406478882,0.3459235429763794,0.24219299852848053,7.541494165437628,3430.722598917564,0.028792582807514518,0.006905140261995697,0.347101796989312,5632.0
DJI_20250929095141_0130_D.JPG,part 2_pre_def_rgb,Pre_Defoliation,0.07322769612073898,0.09692146629095078,1963.8365478515625,7.583164215087891,0.7631846619634157,-0.047638900578022,0.35213080048561096,0.3276278078556061,0.22989706695079803,7.508102240136587,3435.90157167319,0.02962499055617512,0.007091649786630703,0.3357009334453916,5625.0
DJI_20250929095143_0131_D.JPG,part 2_pre_def_rgb,Pre_Defoliation,0.08367399126291275,0.10006538778543472,1813.4434814453125,7.503533840179443,0.801310389665104,-0.03796074539422989,0.3600422441959381,0.3402445614337921,0.23677287995815277,7.521657118262204,3409.8626200159006,0.02966517269920935,0.007145770579394639,0.36049706765164136,5993.0
DJI_20250929095145_0132_D.JPG,part 2_pre_def_rgb,Pre_Defoliation,0.09095615148544312,0.10570482164621353,551.1939697265625,6.313899517059326,0.7937812145724178,-0.02967807836830616,0.40139052271842957,0.38463371992111206,0.27692079544067383,7.509017872873833,3258.6984734283274,0.027983064655697807,0.006878993039244617,0.306415324693995,5097.0
DJI_20250929095147_0133_D.JPG,part 2_pre_def_rgb,Pre_Defoliation,0.10294774174690247,0.10995879024267197,290.7126159667969,5.675769329071045,0.8343879262799889,-0.01970985345542431,0.42011559009552,0.4088136553764343,0.29456400871276855,7.509738639154506,3269.4167494801854,0.02731903779821949,0.006816059694127212,0.2991461871560118,5116.0
DJI_20250929095149_0134_D.JPG,part 2_pre_def_rgb,Pre_Defoliation,0.09779085963964462,0.11343453824520111,93.6418685913086,4.550099849700928,0.7867167631828906,-0.01966780424118042,0.4506113529205322,0.43918922543525696,0.3299762010574341,7.510452002488068,3342.66614175636,0.026830102615347733,0.006678837043698767,0.25975037029218734,5321.0
DJI_20250929095151_0135_D.JPG,part 2_pre_def_rgb,Pre_Defoliation,0.1019158661365509,0.11663950979709625,87.45646667480469,4.482510566711426,0.7930145904188498,-0.01660561002790928,0.4473573863506317,0.43876639008522034,0.32825958728790283,7.494110111386222,3287.709370413405,0.02694428385955487,0.006760471874142778,0.24901201878247736,4888.0
DJI_20250929095153_0136_D.JPG,part 2_pre_def_rgb,Pre_Defoliation,0.09855415672063828,0.11814159154891968,71.68684387207031,4.286160469055176,0.7715362357140668,-0.013116689398884773,0.44978082180023193,0.4441005289554596,0.33986619114875793,7.512661357214359,3400.332012139188,0.02647341420935888,0.0066237766080010875,0.2353570019622615,4419.0
DJI_20250929095155_0137_D.JPG,part 2_pre_def_rgb,Pre_Defoliation,0.1050206869840622,0.12151559442281723,115.83110046386719,4.7607293128967285,0.7913688834758097,-0.011163655668497086,0.44685643911361694,0.44290098547935486,0.33392494916915894,7.510920789120821,3377.4104926002933,0.02672106001657849,0.006641224718470799,0.23518598411739594,4416.0
DJI_20250929095157_0138_D.JPG,part 2_pre_def_rgb,Pre_Defoliation,0.10106426477432251,0.12154539674520493,97.62551879882812,4.591330051422119,0.7669520980788676,-0.012401673942804337,0.45358794927597046,0.4487898647785187,0.3429275155067444,7.533366769170489,3470.435715050147,0.02577025629299329,0.006511588516485313,0.2360138774585457,4745.0
DJI_20250929095159_0139_D.JPG,part 2_pre_def_rgb,Pre_Defoliation,0.10647573322057724,0.12283632904291153,92.61449432373047,4.539185047149658,0.7895412032355915,-0.008073399774730206,0.44811344146728516,0.4467209279537201,0.33885276317596436,7.515955291100606,3418.4685894691775,0.026506831043958002,0.0066211117939826035,0.2333016709597546,5081.0
DJI_20250929095201_0140_D.JPG,part 2_pre_def_rgb,Pre_Defoliation,0.09665042161941528,0.12227959930896759,64.31714630126953,4.179254531860352,0.7447103747280693,-0.007673241663724184,0.45248308777809143,0.4513920247554779,0.35365059971809387,7.536573399770967,3473.975236209638,0.026256047323655038,0.006526418730284346,0.23988280800169864,4900.0
DJI_20250929095203_0141_D.JPG,part 2_pre_def_rgb,Pre_Defoliation,0.10173118859529495,0.12387296557426453,105.27950286865234,4.666072368621826,0.7653916567086435,-0.0061208163388073444,0.4461754560470581,0.4464714229106903,0.34503617882728577,7.543911081746378,3500.319635977251,0.026055331683537963,0.006494463028120789,0.2413552138183401,4609.0
DJI_20250929095205_0142_D.JPG,part 2_pre_def_rgb,Pre_Defoliation,0.10186216235160828,0.12305651605129242,96.3631362915039,4.5784478187561035,0.7671355555044888,-0.006208197679370642,0.4462560713291168,0.4465412497520447,0.34496426582336426,7.542253439579237,3481.73127140411,0.025999457374149666,0.006502836243901576,0.24243646638974584,5171.0
DJI_20250929095207_0143_D.JPG,part 2_pre_def_rgb,Pre_Defoliation,0.10421975702047348,0.12122569233179092,67.51239776611328,4.227014541625977,0.7913678302233661,-0.0006625432870350778,0.43612197041511536,0.44045063853263855,0.34055954217910767,7.513062039775182,3361.391125703278,0.026815118064855988,0.0066787561114168064,0.2433857140153778,4984.0
DJI_20250929095209_0144_D.JPG,part 2_pre_def_rgb,Pre_Defoliation,0.1019647940993309,0.11840786784887314,43.83568572998047,3.803004264831543,0.7687933748506297,-0.0006291416357271373,0.439721018075943,0.4442385137081146,0.34679126739501953,7.51657557606016,3414.386883102985,0.026504813564059128,0.006609334504154063,0.2345387001259016,4827.0
DJI_20250929095211_0145_D.JPG,part 2_pre_def_rgb,Pre_Defoliation,0.09701769798994064,0.11702274531126022,47.001190185546875,3.8712258338928223,0.749214991803781,-0.0030029723420739174,0.4346911609172821,0.4377436339855194,0.3437783420085907,7.515325900210313,3413.3308387353227,0.02681338059798609,0.0066394790003641005,0.23860283478530903,4326.0
DJI_20250929095213_0146_D.JPG,part 2_pre_def_rgb,Pre_Defoliation,0.09013529866933823,0.11301189661026001,34.85584259033203,3.5795066356658936,0.7437814539479731,-0.007121228147298098,0.43358200788497925,0.43209609389305115,0.3404748737812042,7.4661596952998295,3172.2770532656555,0.028121456990311006,0.006976353740451789,0.2511260625478353,5516.0
DJI_20250929095215_0147_D.JPG,part 2_pre_def_rgb,Pre_Defoliation,0.10323423892259598,0.11687100678682327,39.48484802246094,3.700927734375,0.8014705319116341,0.0015176946762949228,0.4252632260322571,0.4305551052093506,0.3326127529144287,7.4486525762163724,3138.177382736057,0.028851210353944855,0.007090243169898438,0.2482712193035051,5315.0
DJI_20250929095217_0148_D.JPG,part 2_pre_def_rgb,Pre_Defoliation,0.10444178432226181,0.11937011033296585,43.40333938598633,3.7933146953582764,0.7964182714403898,0.001031487830914557,0.4332336485385895,0.4384273290634155,0.33917927742004395,7.474139771011294,3238.7090149523,0.027784558744608733,0.0069229807860994134,0.24776430236501942,4041.0
DJI_20250929095219_0149_D.JPG,part 2_pre_def_rgb,Pre_Defoliation,0.09857427328824997,0.1214335560798645,80.49168395996094,4.400500774383545,0.7555148297944051,-0.003920878283679485,0.4294140338897705,0.4313308000564575,0.33467334508895874,7.4881731658922766,3328.459821428571,0.027321942305309432,0.006841713449232074,0.24018909957445508,4708.0
DJI_20250929095221_0150_D.JPG,part 2_pre_def_rgb,Pre_Defoliation,0.10790255665779114,0.12374023348093033,94.24622344970703,4.556465148925781,0.78921100859454,-0.0029080710373818874,0.43601739406585693,0.43884843587875366,0.3337770104408264,7.5011999062766845,3396.135472725049,0.02687578021870265,0.006751047419545261,0.2380797034523617,4017.0
DJI_20250929095223_0151_D.JPG,part 2_pre_def_rgb,Pre_Defoliation,0.10679782181978226,0.1249551773071289,128.20428466796875,4.861394882202148,0.780847944817232,-0.005356565583497286,0.43219858407974243,0.43296700716018677,0.32693761587142944,7.492811568184299,3385.17589209271,0.027097058861723082,0.006807565287945681,0.2356298913318442,4401.0
DJI_20250929095225_0152_D.JPG,part 2_pre_def_rgb,Pre_Defoliation,0.10717471688985825,0.12340765446424484,149.46144104003906,5.013706684112549,0.7935737238410393,-0.007958762347698212,0.4348958432674408,0.4335734248161316,0.32507631182670593,7.501174882003286,3428.1183800146773,0.02694336898796579,0.006756241064508725,0.23462166966963555,4520.0
DJI_20250929095227_0153_D.JPG,part 2_pre_def_rgb,Pre_Defoliation,0.10256356000900269,0.12211933732032776,168.3819580078125,5.1321563720703125,0.7744512554769127,-0.01287153735756874,0.4347319006919861,0.4295920431613922,0.3218885660171509,7.503314265105089,3418.988609955969,0.02698777867280723,0.00675923462688239,0.24334210889034602,4627.0
DJI_20250929095229_0154_D.JPG,part 2_pre_def_rgb,Pre_Defoliation,0.10130152106285095,0.11839893460273743,455.146240234375,6.1228132247924805,0.7955602058246776,-0.015702225267887115,0.4111495912075043,0.40381529927253723,0.2951795160770416,7.516638151718061,3489.6295101516635,0.02733533852443503,0.0068254200653327666,0.27283091695224676,5188.0
DJI_20250929095231_0155_D.JPG,part 2_pre_def_rgb,Pre_Defoliation,0.09907999634742737,0.11805668473243713,1682.1326904296875,7.428411960601807,0.787054378466158,-0.03444327041506767,0.4145539402961731,0.3944678008556366,0.27530160546302795,7.606378588272748,4024.9118532901184,0.02537506359492756,0.006291930667128096,0.2689403811797802,4384.0
DJI_20250929095233_0156_D.JPG,part 2_pre_def_rgb,Pre_Defoliation,0.1018260270357132,0.11911285668611526,2121.693359375,7.660440921783447,0.7958918845941723,-0.038384199142456055,0.42918676137924194,0.40651801228523254,0.2820231318473816,7.648597174798009,4404.1116415423185,0.023878412833074125,0.005996580630484543,0.24564115995991972,4592.0
DJI_20250929095235_0157_D.JPG,part 2_pre_def_rgb,Pre_Defoliation,0.08893176913261414,0.10756758600473404,1009.0279541015625,6.917733192443848,0.7859978705150596,-0.029477708041667938,0.37837710976600647,0.36265772581100464,0.25800657272338867,7.464679262867251,3387.819567178327,0.0286697811941018,0.0071526543890835315,0.2562104726400671,5014.0
DJI_20250929095237_0158_D.JPG,part 2_pre_def_rgb,Pre_Defoliation,0.09707807749509811,0.11665501445531845,281.0435791015625,5.642061710357666,0.7706324014921715,-0.021254170686006546,0.45090991258621216,0.438824862241745,0.3296617567539215,7.584756663590647,3728.3222006482392,0.02537345491872303,0.00628952883428572,0.2546319436370268,4681.0
DJI_20250929095239_0159_D.JPG,part 2_pre_def_rgb,Pre_Defoliation,0.0915236547589302,0.11335746943950653,353.82879638671875,5.871635437011719,0.7563591552532402,-0.02352529764175415,0.4301491677761078,0.4159122407436371,0.3101517856121063,7.566498044394588,3518.1570258989727,0.02629071317396863,0.00647009633746824,0.2793401730254514,4894.0
DJI_20250929095241_0160_D.JPG,part 2_pre_def_rgb,Pre_Defoliation,0.09344907104969025,0.11403479427099228,498.31353759765625,6.2132344245910645,0.7724902909274749,-0.022432105615735054,0.438791960477829,0.42488840222358704,0.31753575801849365,7.631893383869293,3826.915530210372,0.024828142623219848,0.006081250204602837,0.2852680319536262,4849.0
DJI_20250929095243_0161_D.JPG,part 2_pre_def_rgb,Pre_Defoliation,0.08749382197856903,0.10919957607984543,1001.3296508789062,6.9100823402404785,0.771772786637865,-0.031978197395801544,0.4242269992828369,0.4029470384120941,0.29417330026626587,7.646235116886566,3894.81886390044,0.024966788436831627,0.006078738091702932,0.30433615063368263,4878.0
DJI_20250929095245_0162_D.JPG,part 2_pre_def_rgb,Pre_Defoliation,0.08781613409519196,0.10709535330533981,1464.8233642578125,7.290172576904297,0.7871083815914452,-0.03575856611132622,0.4184255599975586,0.3947436511516571,0.28324562311172485,7.65287164121382,4079.387651357633,0.024918031655618032,0.006039967866333377,0.2882825619928979,4833.0
DJI_20250929095247_0163_D.JPG,part 2_pre_def_rgb,Pre_Defoliation,0.08202235400676727,0.10433609783649445,1280.4464111328125,7.155744552612305,0.7689903809326838,-0.037351854145526886,0.4084067642688751,0.3844274580478668,0.27842581272125244,7.623472521354784,3967.0661195878174,0.025241089344439385,0.006177695283029415,0.2793568183365255,4632.0
DJI_20250929095249_0164_D.JPG,part 2_pre_def_rgb,Pre_Defoliation,0.07577680051326752,0.1015118956565857,1065.6326904296875,6.972261905670166,0.7478239325765236,-0.03420891612768173,0.39721807837486267,0.3751109838485718,0.2772270441055298,7.608007413183746,3854.5571604390907,0.025806975864391762,0.006280869514052252,0.284139314086182,4505.0
DJI_20250929095251_0165_D.JPG,part 2_pre_def_rgb,Pre_Defoliation,0.07383619248867035,0.09917530417442322,755.5,6.628702640533447,0.7413423127891656,-0.026872729882597923,0.3799109160900116,0.3636312782764435,0.2735154628753662,7.510930784456972,3429.058368242417,0.02893221272794268,0.006828975364435518,0.2593771862729289,4648.0
DJI_20250929095253_0166_D.JPG,part 2_pre_def_rgb,Pre_Defoliation,0.07825449109077454,0.10627207159996033,157.30978393554688,5.064553737640381,0.7244870181848821,-0.01653161086142063,0.42004990577697754,0.40979069471359253,0.3212769627571106,7.5349479927776555,3418.8189823874754,0.0276344708879015,0.0066801985276392865,0.2732227507602537,4811.0
DJI_20250929095255_0167_D.JPG,part 2_pre_def_rgb,Pre_Defoliation,0.07841525226831436,0.10275086015462875,115.91808319091797,4.761473655700684,0.7547762125808132,-0.00604604184627533,0.3868310749530792,0.38391926884651184,0.3025922179222107,7.4604839159929135,3053.724448844178,0.02984078321625481,0.007193355382096449,0.294004909884938,4382.0
DJI_20250929095257_0168_D.JPG,part 2_pre_def_rgb,Pre_Defoliation,0.07876861840486526,0.10452672839164734,358.24505615234375,5.884004592895508,0.7493680006587615,-0.017497053369879723,0.39154356718063354,0.38059085607528687,0.2908695340156555,7.533450928312396,3362.87941077544,0.027982460021869795,0.006798804572943976,0.3133178977707629,4793.0
DJI_20250929095259_0169_D.JPG,part 2_pre_def_rgb,Pre_Defoliation,0.07801605015993118,0.10296225547790527,953.1552734375,6.86082649230957,0.7571254921561418,-0.025985999032855034,0.37404492497444153,0.35952022671699524,0.26697948575019836,7.545868582269668,3629.2900371514197,0.02758339449734352,0.006723662819720482,0.2895716424308334,4531.0
DJI_20250929095301_0170_D.JPG,part 2_pre_def_rgb,Pre_Defoliation,0.09320174902677536,0.11262132227420807,1590.3184814453125,7.372318267822266,0.7898787706437479,-0.03175784647464752,0.41947558522224426,0.4009315073490143,0.2891857326030731,7.648226244918775,4354.072571397995,0.02405922825253297,0.006020388729737878,0.2450309420473712,4024.0
DJI_20250929095303_0171_D.JPG,part 2_pre_def_rgb,Pre_Defoliation,0.09529381990432739,0.11045907437801361,2029.950439453125,7.6162590980529785,0.8128844371418942,-0.028799094259738922,0.39634957909584045,0.3802797794342041,0.26891615986824036,7.631311544710668,4205.298659949853,0.025609438694810055,0.006196273481976744,0.2761110803293123,4153.0
DJI_20250929095305_0172_D.JPG,part 2_pre_def_rgb,Pre_Defoliation,0.10019656270742416,0.11054176837205887,3209.8271484375,8.074283599853516,0.837079560774581,-0.03244774416089058,0.38070714473724365,0.36384230852127075,0.2467808723449707,7.620486358445852,4233.993177440069,0.02574001348463444,0.006312777119503651,0.2804392115609423,3939.0
DJI_20250929095307_0173_D.JPG,part 2_pre_def_rgb,Pre_Defoliation,0.10777301341295242,0.11443217098712921,3727.91943359375,8.22387409210205,0.8455738023562215,-0.03136661648750305,0.39872291684150696,0.38213181495666504,0.2577676475048065,7.67448596078847,4662.821787854697,0.02453518328336642,0.005976490273829754,0.26476766306421,4176.0
DJI_20250929095309_0174_D.JPG,part 2_pre_def_rgb,Pre_Defoliation,0.1089288517832756,0.11511500179767609,3950.245361328125,8.28178596496582,0.843679144835616,-0.0321822464466095,0.3974149227142334,0.3809584975242615,0.25557318329811096,7.67666421760919,4742.846738931017,0.024387654956384352,0.005943870584437277,0.2565741874963932,3587.0
DJI_20250929095311_0175_D.JPG,part 2_pre_def_rgb,Pre_Defoliation,0.11449651420116425,0.11685802042484283,2971.384033203125,7.997119426727295,0.8510580878297638,-0.021083928644657135,0.4134651720523834,0.40239661931991577,0.27683159708976746,7.7189175381611435,5025.1975905088075,0.0232653566928335,0.005685129671169275,0.25281945640665127,4048.0
DJI_20250929095313_0176_D.JPG,part 2_pre_def_rgb,Pre_Defoliation,0.10713164508342743,0.11452209949493408,2579.826904296875,7.855865001678467,0.8292380005821613,-0.019657760858535767,0.39749690890312195,0.38795432448387146,0.2712801694869995,7.696045697310259,4894.431201076321,0.02396776822948081,0.005823516964831227,0.25419596001953515,4508.0
DJI_20250929095315_0177_D.JPG,part 2_pre_def_rgb,Pre_Defoliation,0.10013168305158615,0.11574961245059967,2503.18408203125,7.825718402862549,0.7897362943132028,-0.029348235577344894,0.41451936960220337,0.3986533582210541,0.2826557159423828,7.724747608670295,5061.8566918419765,0.023556636099660976,0.0056682636570210025,0.2585458450166859,4889.0
DJI_20250929095317_0178_D.JPG,part 2_pre_def_rgb,Pre_Defoliation,0.09961318969726562,0.11644018441438675,2447.742431640625,7.803329944610596,0.783485049560315,-0.03042544424533844,0.4042587876319885,0.3888659179210663,0.2738598585128784,7.698403887162333,4903.307053418542,0.023940543545431917,0.005799370463220918,0.2576607733049134,4556.0
DJI_20250929095319_0179_D.JPG,part 2_pre_def_rgb,Pre_Defoliation,0.10868287831544876,0.12171385437250137,2773.292236328125,7.9281511306762695,0.7947107098538468,-0.027105409651994705,0.4200160503387451,0.40650612115859985,0.28431329131126404,7.734712355643212,5215.718264585372,0.02277506596759362,0.0055782120000243685,0.2518106993928321,4304.0
DJI_20250929095321_0180_D.JPG,part 2_pre_def_rgb,Pre_Defoliation,0.10314345359802246,0.1190180629491806,2729.585693359375,7.912271499633789,0.7818696475625824,-0.030909685418009758,0.4065532386302948,0.3914838433265686,0.27327102422714233,7.702562186567361,5015.022504892369,0.02351410590812764,0.005761536186842068,0.24864448432590314,4331.0
DJI_20250929095323_0181_D.JPG,part 2_pre_def_rgb,Pre_Defoliation,0.10415288805961609,0.1196785420179367,2694.489501953125,7.899334907531738,0.7805736204307994,-0.030737310647964478,0.41956692934036255,0.4042365550994873,0.2847532629966736,7.729833286535139,5278.941050788893,0.022757246854016443,0.005599995597263782,0.24528704758499909,3832.0
DJI_20250929095325_0182_D.JPG,part 2_pre_def_rgb,Pre_Defoliation,0.10398697108030319,0.11664015054702759,2218.412109375,7.704997539520264,0.7947623670986916,-0.02482539229094982,0.40246260166168213,0.39073875546455383,0.27502793073654175,7.694618591658446,5037.329569777397,0.023433865519270118,0.00578144614656313,0.2418331833797454,4876.0
DJI_20250929095327_0183_D.JPG,part 2_pre_def_rgb,Pre_Defoliation,0.1028473824262619,0.11792320013046265,2335.874755859375,7.756569862365723,0.7823766449888164,-0.029366521164774895,0.41666409373283386,0.4017046391963959,0.2838978171348572,7.7182217183080635,5267.9696252751955,0.02293228971104357,0.005635006949066862,0.23531792981074687,4513.0
DJI_20250929095329_0184_D.JPG,part 2_pre_def_rgb,Pre_Defoliation,0.09452588856220245,0.1138557717204094,2416.911865234375,7.790659427642822,0.77238807756534,-0.03515593707561493,0.3947944641113281,0.3769482672214508,0.264576256275177,7.668314166625648,4834.176423373288,0.02405758433876766,0.00593331042451577,0.24442316539518494,4574.0
DJI_20250929095331_0185_D.JPG,part 2_pre_def_rgb,Pre_Defoliation,0.09596060961484909,0.11344023048877716,2004.1900634765625,7.603494167327881,0.7760241922511261,-0.029182180762290955,0.40632933378219604,0.390889436006546,0.2794889509677887,7.695016188465644,5048.648521587573,0.02350695343712438,0.005776626040153131,0.23942440530742112,5008.0
DJI_20250929095333_0186_D.JPG,part 2_pre_def_rgb,Pre_Defoliation,0.08725296705961227,0.10943830013275146,2092.239013671875,7.646467685699463,0.7595797139749364,-0.03332260996103287,0.38445016741752625,0.36685892939567566,0.2620147168636322,7.6462606189900955,4734.315576840753,0.02465978165739149,0.006053651933809151,0.23444728657261726,4728.0
DJI_20250929095335_0187_D.JPG,part 2_pre_def_rgb,Pre_Defoliation,0.08899819850921631,0.11086925864219666,2254.81396484375,7.721266269683838,0.7589421611208138,-0.03297542408108711,0.39615514874458313,0.3776189088821411,0.2700845003128052,7.679049353532226,4921.862780546721,0.02392163059159868,0.005876534023195204,0.2368812634667653,3598.0
DJI_20250929095337_0188_D.JPG,part 2_pre_def_rgb,Pre_Defoliation,0.07965605705976486,0.10470295697450638,2033.1656494140625,7.6178412437438965,0.7487154628948739,-0.03514225780963898,0.36808788776397705,0.3491036593914032,0.2504633963108063,7.605279574911825,4394.452750428082,0.025776271328678855,0.006298640141516119,0.24504509462227914,4084.0
DJI_20250929095339_0189_D.JPG,part 2_pre_def_rgb,Pre_Defoliation,0.09025806188583374,0.10739976167678833,2306.95947265625,7.744119167327881,0.785108207326041,-0.025215353816747665,0.37498530745506287,0.3602120578289032,0.25518080592155457,7.635776115931183,4528.042789108367,0.025067902263090778,0.00614632419402154,0.2522590637624859,3974.0
DJI_20250929095341_0190_D.JPG,part 2_pre_def_rgb,Pre_Defoliation,0.09782765060663223,0.10265151411294937,2697.92529296875,7.900609016418457,0.8461633364739406,-0.017331300303339958,0.34688469767570496,0.3372701406478882,0.22982797026634216,7.538890293300831,4005.3393774461847,0.02770369164198529,0.006650921214949824,0.2373540640849234,3681.0
DJI_20250929095343_0191_D.JPG,part 2_pre_def_rgb,Pre_Defoliation,0.11410345882177353,0.11131923645734787,1702.6422119140625,7.440523624420166,0.8641534627110334,-0.010122215375304222,0.39879798889160156,0.39279597997665405,0.27269044518470764,7.605156005788959,4231.916623348826,0.025078641728953344,0.00622696187520318,0.2180733669011626,4441.0
DJI_20250929095345_0192_D.JPG,part 2_pre_def_rgb,Pre_Defoliation,0.10367314517498016,0.1113613098859787,401.99755859375,5.99893045425415,0.8101692480926556,-0.0039682649075984955,0.40602633357048035,0.4044864773750305,0.2992735803127289,7.537374650847038,3599.139057913406,0.026317705857796934,0.006609730144504521,0.23784667184397792,4548.0
DJI_20250929095347_0193_D.JPG,part 2_pre_def_rgb,Pre_Defoliation,0.09985888004302979,0.11128532886505127,86.78237915039062,4.474860668182373,0.7958321364555566,0.0063384599052369595,0.4071190357208252,0.413078248500824,0.31917861104011536,7.502494189164349,3380.7456656678087,0.026991765615790222,0.006750629223353805,0.24062906940366935,4312.0
DJI_20250929095349_0194_D.JPG,part 2_pre_def_rgb,Pre_Defoliation,0.10936854779720306,0.11538125574588776,96.37615203857422,4.5785813331604,0.8258840618010234,0.011962584219872952,0.4082282483577728,0.41882702708244324,0.3200572431087494,7.498928454621322,3364.058291799168,0.027314117775789886,0.006783720811490786,0.23546383546804778,4726.0
DJI_20250929095351_0195_D.JPG,part 2_pre_def_rgb,Pre_Defoliation,0.1104385182261467,0.11765320599079132,74.46569061279297,4.323678016662598,0.8174152419033612,0.010004936717450619,0.4183235168457031,0.42834484577178955,0.32792767882347107,7.498882382823621,3364.798755503914,0.026943478057505587,0.006768051418980963,0.2328153104732884,4654.0
DJI_20250929095353_0196_D.JPG,part 2_pre_def_rgb,Pre_Defoliation,0.10972844064235687,0.11819802969694138,62.842098236083984,4.156412601470947,0.8091745947850599,0.009267613291740417,0.42073383927345276,0.4306490123271942,0.33083575963974,7.484886323863037,3338.748685176125,0.027327439204637764,0.0068425584313199445,0.2236221663301123,4678.0
DJI_20250929095355_0197_D.JPG,part 2_pre_def_rgb,Pre_Defoliation,0.11239343136548996,0.11998167634010315,49.95708084106445,3.930983781814575,0.812788208168643,0.011277093552052975,0.427227258682251,0.438981831073761,0.3383430242538452,7.497323266630186,3370.641301522749,0.026760811074644748,0.0067617769516022195,0.22684122249958982,4563.0
DJI_20250929095357_0198_D.JPG,part 2_pre_def_rgb,Pre_Defoliation,0.10856557637453079,0.11933793872594833,58.19633483886719,4.080859661102295,0.7963034190489322,0.010770704597234726,0.41924551129341125,0.4308716356754303,0.33393219113349915,7.481037761458082,3303.6010579745603,0.027108270987412964,0.006872485595482802,0.2254598458928657,4339.0
DJI_20250929095359_0199_D.JPG,part 2_pre_def_rgb,Pre_Defoliation,0.10186023265123367,0.11705289781093597,24.46511459350586,3.237309455871582,0.7719034378159757,0.010663403198122978,0.42246899008750916,0.43439701199531555,0.34446486830711365,7.459948706349719,3248.294409705235,0.027156493004120916,0.006960850917959927,0.21850017064946184,4752.0
DJI_20250929095401_0200_D.JPG,part 2_pre_def_rgb,Pre_Defoliation,0.10529034584760666,0.11898554116487503,23.95455551147461,3.2170562744140625,0.7786558871066581,0.014145318418741226,0.42089733481407166,0.4356797933578491,0.3451719284057617,7.467347802099326,3271.8026617539144,0.02725475050589745,0.00690580137394232,0.21977650905598714,4438.0
DJI_20250929095403_0201_D.JPG,part 2_pre_def_rgb,Pre_Defoliation,0.10359130054712296,0.12009886652231216,21.59328269958496,3.117652654647827,0.7651172365719888,0.01150869857519865,0.4266554117202759,0.44012728333473206,0.3500077426433563,7.475189618821311,3285.670881237769,0.027151201657529735,0.006866083688934394,0.22522838379150437,4750.0
DJI_20250929095405_0202_D.JPG,part 2_pre_def_rgb,Pre_Defoliation,0.10348367691040039,0.12231048941612244,24.60848617553711,3.2429237365722656,0.7570171029046787,0.011097675189375877,0.4254665970802307,0.43870770931243896,0.34846511483192444,7.465524220736296,3276.000561857877,0.027389224804430505,0.006920032726150576,0.21977747428508862,4166.0
DJI_20250929095407_0203_D.JPG,part 2_pre_def_rgb,Pre_Defoliation,0.10241904854774475,0.12361962348222733,28.41206932067871,3.3814051151275635,0.7518933648926065,0.01208458747714758,0.4293198585510254,0.4434215724468231,0.35510435700416565,7.489737842100351,3345.974464132828,0.026832801821057812,0.006790098175798891,0.22555082956261643,4536.0
DJI_20250929095409_0204_D.JPG,part 2_pre_def_rgb,Pre_Defoliation,0.10360278189182281,0.12449562549591064,25.218921661376953,3.266481399536133,0.7627373648006863,0.017297539860010147,0.4239165484905243,0.4417428970336914,0.3559664785861969,7.4698263808112975,3259.409093688845,0.02787010443772993,0.006909248179750609,0.22782130714535467,5028.0
DJI_20250929095411_0205_D.JPG,part 2_pre_def_rgb,Pre_Defoliation,0.10750868171453476,0.12461631000041962,37.488983154296875,3.65037202835083,0.7788797511260226,0.021509632468223572,0.4185793399810791,0.4393102526664734,0.35253244638442993,7.488781497181011,3368.1082703950588,0.027349813231531392,0.006826438270501699,0.22419062277478224,4768.0
DJI_20250929095413_0206_D.JPG,part 2_pre_def_rgb,Pre_Defoliation,0.10345561057329178,0.12097110599279404,17.619956970214844,2.924233913421631,0.7664404567668597,0.019031036645174026,0.4210999608039856,0.4399670958518982,0.35537856817245483,7.457025410711377,3263.3712428143353,0.02762906446757,0.00696872089266615,0.21817934348949145,5020.0
DJI_20250929095415_0207_D.JPG,part 2_pre_def_rgb,Pre_Defoliation,0.10165111720561981,0.12035421282052994,18.0002384185791,2.9444515705108643,0.7545189796090327,0.015193965286016464,0.4304465651512146,0.44673338532447815,0.36136913299560547,7.491387219223976,3312.1375940251955,0.02687583898266036,0.006778619880255964,0.23227252539220564,5116.0
DJI_20250929095417_0208_D.JPG,part 2_pre_def_rgb,Pre_Defoliation,0.11010782420635223,0.12265099585056305,23.776084899902344,3.209878921508789,0.7883242657872966,0.02147274650633335,0.4236677885055542,0.4446396231651306,0.3555035889148712,7.499039326690906,3330.7058731347843,0.026787279152408805,0.006727250723665806,0.23484323313289945,4329.0
DJI_20250929095419_0209_D.JPG,part 2_pre_def_rgb,Pre_Defoliation,0.10991939902305603,0.12238455563783646,21.66981315612793,3.1210341453552246,0.7873880201152067,0.02264000102877617,0.4233994483947754,0.4451747536659241,0.3570306599140167,7.506921508954033,3374.2845599926613,0.026831674454768365,0.00667003318988516,0.2315455798058292,4996.0
DJI_20250929095421_0210_D.JPG,part 2_pre_def_rgb,Pre_Defoliation,0.1066923439502716,0.1202264055609703,22.678329467773438,3.164560317993164,0.779053059028097,0.019481860101222992,0.42279037833213806,0.4419991970062256,0.3545157313346863,7.498156072151463,3376.6411601027394,0.02664753304987858,0.006723009872742765,0.22552324734064677,4563.0
DJI_20250929095423_0211_D.JPG,part 2_pre_def_rgb,Pre_Defoliation,0.10186156630516052,0.11770851165056229,22.139387130737305,3.141536235809326,0.7684559031926954,0.016593629494309425,0.424302875995636,0.4410647749900818,0.3559650480747223,7.490521792798869,3367.7601478412425,0.026473034637620844,0.006775245156811633,0.22006133551749404,4992.0
DJI_20250929095425_0212_D.JPG,part 2_pre_def_rgb,Pre_Defoliation,0.09677571058273315,0.11459606140851974,13.33629035949707,2.6627941131591797,0.759308214220057,0.015624871477484703,0.42101895809173584,0.4367372393608093,0.35567981004714966,7.4536206697668455,3235.448259387231,0.02721536990649439,0.006994248119098263,0.2175997560872211,4692.0
DJI_20250929095427_0213_D.JPG,part 2_pre_def_rgb,Pre_Defoliation,0.09923704713582993,0.11646655946969986,13.574522972106934,2.6792750358581543,0.7664948428930355,0.015405019745230675,0.4244982600212097,0.4400261640548706,0.3563169538974762,7.468243343834005,3296.784219820205,0.027235099123263093,0.006919589379597353,0.2225728568131517,4347.0
DJI_20250929095429_0214_D.JPG,part 2_pre_def_rgb,Pre_Defoliation,0.09690067172050476,0.1163816899061203,15.261282920837402,2.7887868881225586,0.7542190420381776,0.013973443768918514,0.42127111554145813,0.4354683756828308,0.3527650237083435,7.465676676453297,3290.1225347052346,0.02716666390430499,0.006943925619911397,0.2209658057882066,4316.0
DJI_20250929095431_0215_D.JPG,part 2_pre_def_rgb,Pre_Defoliation,0.09584108740091324,0.11658405512571335,13.248815536499023,2.6566736698150635,0.7475991589300487,0.01320623978972435,0.42504802346229553,0.43870577216148376,0.35652247071266174,7.487508351398398,3364.759670070939,0.026707918409333394,0.006813627675598671,0.22649697150619866,4715.0
DJI_20250929095433_0216_D.JPG,part 2_pre_def_rgb,Pre_Defoliation,0.09748456627130508,0.11624568700790405,13.204693794250488,2.6535725593566895,0.7600886264056133,0.017462274059653282,0.41922232508659363,0.4357801675796509,0.3548535406589508,7.4927041468286,3382.9305245535716,0.026665106712600115,0.006774268857430647,0.23019449064984432,4763.0
DJI_20250929095435_0217_D.JPG,part 2_pre_def_rgb,Pre_Defoliation,0.09166598320007324,0.11290550976991653,12.405471801757812,2.595663070678711,0.739006629745381,0.01241630781441927,0.4260021150112152,0.4389118254184723,0.3601555824279785,7.513827913893565,3460.4195167257826,0.02626004213499137,0.006662301019209832,0.2349848419404888,4041.0
DJI_20250929095437_0218_D.JPG,part 2_pre_def_rgb,Pre_Defoliation,0.09005569666624069,0.11231137067079544,14.11318588256836,2.7155675888061523,0.7358000984312284,0.011076770722866058,0.4186706244945526,0.43002113699913025,0.35131600499153137,7.5065466058602475,3426.0554672211347,0.02703365644315609,0.0067201191958818456,0.23811767913345522,4416.0
DJI_20250929095439_0219_D.JPG,part 2_pre_def_rgb,Pre_Defoliation,0.09038790315389633,0.11228660494089127,19.215166091918945,3.0064330101013184,0.7393604746913013,0.010483368299901485,0.4202677309513092,0.43123099207878113,0.35180631279945374,7.527103399095087,3517.155756941047,0.026548524766665898,0.006617683239361673,0.23931270599598542,5208.0
DJI_20250929095441_0220_D.JPG,part 2_pre_def_rgb,Pre_Defoliation,0.08956346660852432,0.11220158636569977,21.67569351196289,3.121293544769287,0.7310434188957319,0.009186974726617336,0.4260626435279846,0.4360370934009552,0.35644805431365967,7.541208634459742,3584.6643759173185,0.02656588226982303,0.006522185047266875,0.24002929113044308,4836.0
DJI_20250929095443_0221_D.JPG,part 2_pre_def_rgb,Pre_Defoliation,0.0945868119597435,0.11312120407819748,29.85513687133789,3.4293031692504883,0.7518084344455679,0.010467414744198322,0.42290619015693665,0.43404561281204224,0.35059818625450134,7.542387855798784,3584.4220240643344,0.026418111706571705,0.006524595275048009,0.24275504279710147,4812.0
DJI_20250929095445_0222_D.JPG,part 2_pre_def_rgb,Pre_Defoliation,0.10374607145786285,0.11597428470849991,39.709869384765625,3.706470489501953,0.7796666264515734,0.012853617779910564,0.43270343542099,0.44613686203956604,0.35582423210144043,7.5711028591382385,3716.0628287059685,0.02552910707449498,0.006335242004792396,0.24352891528911763,4992.0
DJI_20250929095447_0223_D.JPG,part 2_pre_def_rgb,Pre_Defoliation,0.10096724331378937,0.11690186709165573,55.153385162353516,4.028087139129639,0.7611784075589055,0.009726935997605324,0.43175008893013,0.4434231221675873,0.3541289269924164,7.5879573552730175,3824.47125351639,0.02513001536773181,0.0062291357216601164,0.2396894158477252,5084.0
DJI_20250929095449_0224_D.JPG,part 2_pre_def_rgb,Pre_Defoliation,0.10430694371461868,0.11743810772895813,89.82710266113281,4.508957862854004,0.774357468134326,0.01025348249822855,0.43453094363212585,0.44646912813186646,0.3541002571582794,7.619543786152633,4012.9267329684444,0.024460115446399228,0.006054853005743528,0.23458011416599786,5076.0
DJI_20250929095451_0225_D.JPG,part 2_pre_def_rgb,Pre_Defoliation,0.10470644384622574,0.11984237283468246,111.0234603881836,4.718708515167236,0.768845462971474,0.008411380462348461,0.43229439854621887,0.4428881108760834,0.3487754166126251,7.613618402709798,4014.869580173679,0.02428867192977966,0.006073123834147973,0.2299007757160073,4694.0
DJI_20250929095453_0226_D.JPG,part 2_pre_def_rgb,Pre_Defoliation,0.10645552724599838,0.12291134893894196,168.83807373046875,5.13484525680542,0.764874031007752,0.006450001150369644,0.43621426820755005,0.4455474615097046,0.34842512011528015,7.637115725841057,4122.419535836594,0.024008497769066363,0.0059438681266232255,0.2342295865026983,5142.0
DJI_20250929095455_0227_D.JPG,part 2_pre_def_rgb,Pre_Defoliation,0.10748819261789322,0.12458471953868866,256.5326843261719,5.551146507263184,0.7667407294634924,0.0055290949530899525,0.4362632930278778,0.4448089003562927,0.3458663821220398,7.653675983762552,4273.516125703278,0.023520581487925643,0.005858595182093789,0.2302247660600967,4915.0
DJI_20250929095457_0228_D.JPG,part 2_pre_def_rgb,Pre_Defoliation,0.10589287430047989,0.1253402829170227,370.43792724609375,5.917381763458252,0.7593457483071361,-0.00024360576935578138,0.4353921413421631,0.4392019510269165,0.33711880445480347,7.663581722679471,4385.909517948874,0.022742559631563086,0.00580862060845366,0.22824862632686194,4684.0
DJI_20250929095459_0229_D.JPG,part 2_pre_def_rgb,Pre_Defoliation,0.11944554001092911,0.12846755981445312,822.4888305664062,6.713550090789795,0.8121079028403346,-0.001895891036838293,0.4352771043777466,0.43769609928131104,0.3206695318222046,7.674422118827951,4536.038733794032,0.02267822344282989,0.005756692431020206,0.22345874082474815,4676.0
DJI_20250929095501_0230_D.JPG,part 2_pre_def_rgb,Pre_Defoliation,0.1311950534582138,0.12709909677505493,1859.39990234375,7.5285468101501465,0.8789662614517265,-0.00445933872833848,0.41625139117240906,0.4157121181488037,0.28397777676582336,7.667646191211275,4498.832321734344,0.023659497998959115,0.005861230935636845,0.2382041619056579,4417.0
DJI_20250929095503_0231_D.JPG,part 2_pre_def_rgb,Pre_Defoliation,0.12503066658973694,0.12259131669998169,3685.44775390625,8.212418556213379,0.8980174916505806,-0.012829798273742199,0.372871994972229,0.36805158853530884,0.23820056021213531,7.613410960638393,4225.994966212083,0.026049689467023605,0.0062878672766860004,0.26926819310059924,4169.0
DJI_20250929095505_0232_D.JPG,part 2_pre_def_rgb,Pre_Defoliation,0.11938148736953735,0.12423699349164963,3415.563232421875,8.136390686035156,0.8653714534117719,-0.020712772384285927,0.3973633646965027,0.3870828151702881,0.25742077827453613,7.671617084148308,4566.513025929551,0.024669994653964022,0.005967658858025943,0.2710195671308149,2937.0
DJI_20250929095507_0233_D.JPG,part 2_pre_def_rgb,Pre_Defoliation,0.10728040337562561,0.11966384202241898,3143.103515625,8.05328369140625,0.8404126260072924,-0.024867163971066475,0.37491321563720703,0.36267364025115967,0.2431536167860031,7.61641135761027,4233.10644340142,0.026338052942954538,0.006293262688152362,0.2757242138140575,4483.0
DJI_20250929095509_0234_D.JPG,part 2_pre_def_rgb,Pre_Defoliation,0.10293357074260712,0.11848387122154236,3447.49755859375,8.1456937789917,0.8202485388516101,-0.03134887292981148,0.3927669823169708,0.37621453404426575,0.25672850012779236,7.66885929356232,4639.217416065314,0.02455893580365601,0.006008828346210403,0.2694019716932758,4256.0
DJI_20250929095511_0235_D.JPG,part 2_pre_def_rgb,Pre_Defoliation,0.09975004196166992,0.11660487949848175,3469.314208984375,8.152000427246094,0.8226002121824922,-0.03087264485657215,0.3743128776550293,0.3591572046279907,0.24425148963928223,7.629418780004133,4410.001911081213,0.025868918420162954,0.0062802874205947325,0.27766934454269643,3745.0
DJI_20250929095513_0236_D.JPG,part 2_pre_def_rgb,Pre_Defoliation,0.09278099983930588,0.11721409857273102,3278.457763671875,8.095433235168457,0.7820498973557619,-0.03810394927859306,0.39183467626571655,0.3717759847640991,0.2589362859725952,7.6718128611824286,4655.955766114237,0.0252681408264289,0.006030059963321418,0.27553489923950825,4006.0
DJI_20250929095515_0237_D.JPG,part 2_pre_def_rgb,Pre_Defoliation,0.08471512794494629,0.11485888808965683,3205.927001953125,8.073068618774414,0.754078337086742,-0.044315122067928314,0.3763301968574524,0.3533481955528259,0.2456510215997696,7.629932727452168,4357.10861821184,0.025768817948243438,0.00629187029871206,0.28553035741752975,4515.0
DJI_20250929095517_0238_D.JPG,part 2_pre_def_rgb,Pre_Defoliation,0.08809281140565872,0.11546427011489868,3385.862548828125,8.12765884399414,0.7687334352115697,-0.04189354553818703,0.3921448886394501,0.3689039647579193,0.25757020711898804,7.675029342572873,4628.808127446184,0.02499734515130836,0.006031123427516821,0.28129361959196464,4120.0
DJI_20250929095519_0239_D.JPG,part 2_pre_def_rgb,Pre_Defoliation,0.07877378165721893,0.11108741164207458,2932.23046875,7.983859539031982,0.7394511980267794,-0.04624568298459053,0.3784858286380768,0.3538843095302582,0.25050899386405945,7.636043130754242,4374.720905699609,0.026102706977110264,0.0062566499046351936,0.2853365132535041,4379.0
DJI_20250929095521_0240_D.JPG,part 2_pre_def_rgb,Pre_Defoliation,0.08036870509386063,0.11145710945129395,2996.2578125,8.005453109741211,0.746539682722064,-0.04343118146061897,0.3871406614780426,0.3630109131336212,0.2585125267505646,7.667096599372577,4560.733671722114,0.025342198106378822,0.006087974699998092,0.2862121986446213,4916.0
DJI_20250929095523_0241_D.JPG,part 2_pre_def_rgb,Pre_Defoliation,0.07626256346702576,0.10894200205802917,2612.19384765625,7.86832857131958,0.7353885639764685,-0.04337802901864052,0.37390297651290894,0.3505355715751648,0.2509056031703949,7.626950063114216,4326.369457864482,0.02601249334687454,0.006318963372551364,0.28752393361580497,5068.0
DJI_20250929095525_0242_D.JPG,part 2_pre_def_rgb,Pre_Defoliation,0.07781421393156052,0.11039368063211441,2839.234375,7.951642036437988,0.7331924847565646,-0.04658735543489456,0.3923673927783966,0.36589545011520386,0.2616092562675476,7.668867548187457,4531.961132430284,0.024862494123884336,0.00607107640484772,0.290050702605224,3840.0
DJI_20250929095527_0243_D.JPG,part 2_pre_def_rgb,Pre_Defoliation,0.0763135701417923,0.10775767266750336,2310.656982421875,7.745719909667969,0.7379671653338236,-0.041837625205516815,0.37538591027259827,0.35293954610824585,0.2541796565055847,7.627599092667011,4286.269810267857,0.025954255880456713,0.006324630810078115,0.29423083992942056,4628.0
DJI_20250929095529_0244_D.JPG,part 2_pre_def_rgb,Pre_Defoliation,0.07384280115365982,0.10732226073741913,2499.5,7.824245929718018,0.721607856880228,-0.04750016704201698,0.3800598680973053,0.3545229136943817,0.2551431357860565,7.6362755086677625,4296.81834408635,0.025795321876027483,0.006278814209784242,0.30129388923775396,4507.0
DJI_20250929095531_0245_D.JPG,part 2_pre_def_rgb,Pre_Defoliation,0.07381035387516022,0.10596602410078049,2273.97216796875,7.72972297668457,0.7236141591598493,-0.047299575060606,0.3822656273841858,0.35617271065711975,0.2562694251537323,7.623738182936105,4234.446730522261,0.025436442974130172,0.006267919285058241,0.2842357806749254,4632.0
DJI_20250929095533_0246_D.JPG,part 2_pre_def_rgb,Pre_Defoliation,0.07347724586725235,0.10520397871732712,2404.84375,7.785655975341797,0.7279380476912707,-0.04978035017848015,0.379667729139328,0.35282108187675476,0.25249725580215454,7.621068096354221,4184.0134922333655,0.026150802203955523,0.006333963787806281,0.29772702964499625,4560.0
DJI_20250929095535_0247_D.JPG,part 2_pre_def_rgb,Pre_Defoliation,0.08388663083314896,0.10865288227796555,2851.628662109375,7.955996036529541,0.768474047859791,-0.04422751069068909,0.39281460642814636,0.3682782053947449,0.25985515117645264,7.657384182495489,4424.190962879158,0.02488683386517977,0.006106540573233087,0.2898496593639832,4043.0
DJI_20250929095537_0248_D.JPG,part 2_pre_def_rgb,Pre_Defoliation,0.08598428964614868,0.11191406846046448,2580.626220703125,7.856174945831299,0.7604146559120017,-0.043618425726890564,0.41135722398757935,0.38641980290412903,0.27549803256988525,7.694507404977527,4673.128202972113,0.024002340080087295,0.005861952460468926,0.2833606231657863,4579.0
DJI_20250929095539_0249_D.JPG,part 2_pre_def_rgb,Pre_Defoliation,0.08840493857860565,0.11372017860412598,2255.86767578125,7.721733093261719,0.7647320334283175,-0.03925555199384689,0.40791642665863037,0.38565394282341003,0.27498650550842285,7.667413116340947,4473.959660897749,0.023816143291895638,0.005962328370072513,0.2752909146284915,4345.0
DJI_20250929095541_0250_D.JPG,part 2_pre_def_rgb,Pre_Defoliation,0.09534977376461029,0.11713382601737976,2048.31689453125,7.6252617835998535,0.7859949980083953,-0.03524880111217499,0.4184666872024536,0.3982970416545868,0.2827775478363037,7.678116121335606,4558.887035989482,0.023408343269402564,0.005860945541198999,0.2650547197691809,4070.0
DJI_20250929095543_0251_D.JPG,part 2_pre_def_rgb,Pre_Defoliation,0.09766819328069687,0.11919300258159637,2366.12646484375,7.769432067871094,0.7918387298158531,-0.03627460449934006,0.4195626378059387,0.39921027421951294,0.2811897397041321,7.683333282895889,4678.062373868641,0.022945938093938002,0.005830761084181777,0.25925641840389996,3468.0
DJI_20250929095545_0252_D.JPG,part 2_pre_def_rgb,Pre_Defoliation,0.10547378659248352,0.12152331322431564,3001.916015625,8.007339477539062,0.8255722990777339,-0.03332994878292084,0.4222440719604492,0.40402811765670776,0.2803383469581604,7.704436128726421,4777.740956763698,0.02301113220836423,0.00577640980899858,0.27713557253052495,4249.0
DJI_20250929095547_0253_D.JPG,part 2_pre_def_rgb,Pre_Defoliation,0.09160834550857544,0.1174810528755188,2461.85693359375,7.809077262878418,0.7759311230352054,-0.038158319890499115,0.40794768929481506,0.38766366243362427,0.27577126026153564,7.666063447232778,4576.808631971624,0.024566472821281972,0.006013062688474867,0.2729333621931057,3747.0
DJI_20250929095549_0254_D.JPG,part 2_pre_def_rgb,Pre_Defoliation,0.10352886468172073,0.11815618723630905,3305.06689453125,8.103514671325684,0.833814238824034,-0.03656420484185219,0.4065133035182953,0.38757142424583435,0.26510071754455566,7.674920459262414,4636.674195052593,0.024026433178443066,0.005970469742651252,0.27352416203279545,3723.0
DJI_20250929095551_0255_D.JPG,part 2_pre_def_rgb,Pre_Defoliation,0.10848229378461838,0.11837513744831085,3662.01708984375,8.206042289733887,0.8508709440205902,-0.03460513427853584,0.41711822152137756,0.39822468161582947,0.2708489000797272,7.706898566658933,4923.037338704746,0.022621142979866435,0.0057468102796846285,0.25558423429646004,3211.0
DJI_20250929095553_0256_D.JPG,part 2_pre_def_rgb,Pre_Defoliation,0.10698079317808151,0.1161457896232605,3824.705322265625,8.24949836730957,0.8532273569874682,-0.03335234895348549,0.4058329164981842,0.3880975842475891,0.2633814215660095,7.6928508861145,4881.32437545866,0.023680992121159608,0.005863603907129211,0.2584371508495912,3969.0
DJI_20250929095555_0257_D.JPG,part 2_pre_def_rgb,Pre_Defoliation,0.10543342679738998,0.11480975896120071,4322.96826171875,8.371929168701172,0.8488077661090174,-0.03485731780529022,0.3883587718009949,0.3708971440792084,0.24800212681293488,7.660728809161697,4684.247328308464,0.02515218133272628,0.00606420790280148,0.2603239753221362,4094.0
DJI_20250929095557_0258_D.JPG,part 2_pre_def_rgb,Pre_Defoliation,0.11975337564945221,0.11888320744037628,3547.301025390625,8.174223899841309,0.8758735292765879,-0.025191204622387886,0.41372090578079224,0.3997200131416321,0.2659657299518585,7.689102002641664,4702.793924290607,0.02360698728020035,0.005812299578804082,0.25059158828175376,4092.0
DJI_20250929095559_0259_D.JPG,part 2_pre_def_rgb,Pre_Defoliation,0.10280416160821915,0.11022739857435226,2115.504150390625,7.6575212478637695,0.85639582758832,-0.016446402296423912,0.3639321029186249,0.3545466959476471,0.24235714972019196,7.578460549418119,3869.968237830235,0.027163379984597353,0.006547895814859947,0.2914255326611807,4380.0
DJI_20250929095601_0260_D.JPG,part 2_pre_def_rgb,Pre_Defoliation,0.09934390336275101,0.11009927093982697,3781.3828125,8.238109588623047,0.8494482872200263,-0.026717375963926315,0.35665225982666016,0.34253692626953125,0.22907766699790955,7.578073507387877,4145.377778712085,0.02744953333477936,0.006625762388415072,0.2805511165633808,4635.0
DJI_20250929095603_0261_D.JPG,part 2_pre_def_rgb,Pre_Defoliation,0.11444023251533508,0.1143687292933464,4653.5595703125,8.445602416992188,0.8933162036185924,-0.01993829384446144,0.35987231135368347,0.34983545541763306,0.22535835206508636,7.600883139103092,4274.266970401175,0.026876913535846154,0.006450249874947111,0.2770197256309139,4656.0
DJI_20250929095605_0262_D.JPG,part 2_pre_def_rgb,Pre_Defoliation,0.11595909297466278,0.11593122035264969,4638.0458984375,8.44226360321045,0.892340173729203,-0.020479664206504822,0.36754512786865234,0.35704103112220764,0.23057788610458374,7.616841293219288,4356.089453889433,0.02636187014151382,0.006359614272492872,0.2778193964436972,4091.0
DJI_20250929095607_0263_D.JPG,part 2_pre_def_rgb,Pre_Defoliation,0.10874020308256149,0.1144309863448143,3806.56396484375,8.244745254516602,0.8704061437172534,-0.02341063879430294,0.3576899468898773,0.34656956791877747,0.22670899331569672,7.572549986104893,4031.306002323875,0.02762949693049663,0.006599810438555355,0.28222604733277745,4310.0
DJI_20250929095609_0264_D.JPG,part 2_pre_def_rgb,Pre_Defoliation,0.11407026648521423,0.11536462604999542,3103.2890625,8.040539741516113,0.87814065516132,-0.02109890803694725,0.3914361894130707,0.37939688563346863,0.25328731536865234,7.650652090598227,4395.234420865949,0.024698939105016186,0.006084726525542352,0.2761444396861873,5140.0
DJI_20250929095611_0265_D.JPG,part 2_pre_def_rgb,Pre_Defoliation,0.11075185239315033,0.11561387777328491,3089.864501953125,8.036206245422363,0.8641458505683733,-0.023967208340764046,0.3993888199329376,0.3855171501636505,0.26089364290237427,7.672478420961966,4569.819066475048,0.024584198123006416,0.0059813129601324596,0.27822318823905623,4454.0
DJI_20250929095613_0266_D.JPG,part 2_pre_def_rgb,Pre_Defoliation,0.10024523735046387,0.11365654319524765,3262.199951171875,8.090463638305664,0.8248332031130312,-0.030758891254663467,0.3777318000793457,0.3616304099559784,0.24528372287750244,7.612566776064612,4383.79503271771,0.02608795903134838,0.006320654314374507,0.2591557361199144,3728.0
DJI_20250929095615_0267_D.JPG,part 2_pre_def_rgb,Pre_Defoliation,0.08079193532466888,0.11217860132455826,2776.52294921875,7.929314613342285,0.7267879917731409,-0.04680740833282471,0.42139798402786255,0.3927253782749176,0.28326088190078735,7.6842129976094045,4809.480292930528,0.023201952771747053,0.005789423636434867,0.23398655248038816,4652.0
DJI_20250929095617_0268_D.JPG,part 2_pre_def_rgb,Pre_Defoliation,0.08556388318538666,0.10405965149402618,2289.691162109375,7.736608982086182,0.7837688532187395,-0.03717769682407379,0.4065747857093811,0.3842039704322815,0.2762692868709564,7.670192017374915,4704.60728045499,0.023836229018820456,0.005898116791935704,0.24348891620012433,3732.0
DJI_20250929095619_0269_D.JPG,part 2_pre_def_rgb,Pre_Defoliation,0.10858167707920074,0.10882236063480377,4322.01904296875,8.371708869934082,0.8671149692067286,-0.03368324786424637,0.4110543131828308,0.3909148573875427,0.2621937096118927,7.694616254871726,4831.589958414872,0.023536795204801023,0.005805070170153246,0.25631650396074585,4750.0
DJI_20250929095621_0270_D.JPG,part 2_pre_def_rgb,Pre_Defoliation,0.10770794004201889,0.10613492131233215,3776.358154296875,8.236780166625977,0.8772401243220884,-0.026921680197119713,0.39022958278656006,0.37438663840293884,0.25083571672439575,7.652834651494155,4531.684201473827,0.024438852895768796,0.00602457069281097,0.2569131919688696,4430.0
DJI_20250929095623_0271_D.JPG,part 2_pre_def_rgb,Pre_Defoliation,0.11108842492103577,0.10951147228479385,4454.873046875,8.401978492736816,0.8730132307656954,-0.030778223648667336,0.4066036641597748,0.3884902894496918,0.2592885494232178,7.694456218491694,4848.056487738504,0.023558656110890603,0.005793322840620123,0.2507640668537057,3902.0
DJI_20250929095625_0272_D.JPG,part 2_pre_def_rgb,Pre_Defoliation,0.10963639616966248,0.10839501023292542,4059.98486328125,8.309181213378906,0.8751192090265649,-0.026005424559116364,0.39350780844688416,0.37848010659217834,0.25381597876548767,7.669076721619415,4696.778563019813,0.024159890817103458,0.00593161927590896,0.24702432761372137,4209.0
DJI_20250929095627_0273_D.JPG,part 2_pre_def_rgb,Pre_Defoliation,0.10941607505083084,0.10965590924024582,4369.0029296875,8.382518768310547,0.8707619994178386,-0.02836092934012413,0.4015587270259857,0.3851138651371002,0.2592529356479645,7.693048847059885,4900.416978809932,0.023439180299513418,0.005809507093163021,0.2464903615361819,3262.0
DJI_20250929095629_0274_D.JPG,part 2_pre_def_rgb,Pre_Defoliation,0.10377910733222961,0.107219398021698,4471.42919921875,8.40568733215332,0.8603113892974231,-0.03416862711310387,0.39167043566703796,0.37223508954048157,0.24902066588401794,7.662090003530124,4686.373287671233,0.024414560908973666,0.005982436371463947,0.24679720684286574,4438.0
DJI_20250929095631_0275_D.JPG,part 2_pre_def_rgb,Pre_Defoliation,0.10686042904853821,0.11078887432813644,4564.40380859375,8.426261901855469,0.8568933936176731,-0.03546864539384842,0.41406121850013733,0.3934887945652008,0.26605597138404846,7.707836827552343,5090.2537457191775,0.022594698124005965,0.00569564981612199,0.22796429440441865,3683.0
DJI_20250929095633_0276_D.JPG,part 2_pre_def_rgb,Pre_Defoliation,0.10427647083997726,0.11077441275119781,4275.9638671875,8.36099910736084,0.843921057771854,-0.0378517247736454,0.41397178173065186,0.3923848271369934,0.2665214240550995,7.693986888059003,4973.707084760274,0.022922579324670123,0.005730318939676524,0.22345638284959696,3899.0
DJI_20250929095635_0277_D.JPG,part 2_pre_def_rgb,Pre_Defoliation,0.11519642174243927,0.11517388373613358,4336.60546875,8.375078201293945,0.8685608933112725,-0.031832773238420486,0.4321497082710266,0.4130794405937195,0.2788127660751343,7.73268234813053,5215.558895700831,0.021972530038945812,0.005518586437410192,0.22606609224830734,3126.0
DJI_20250929095637_0278_D.JPG,part 2_pre_def_rgb,Pre_Defoliation,0.10534502565860748,0.11015673726797104,4330.3955078125,8.373644828796387,0.8576613103992401,-0.034612078219652176,0.39871031045913696,0.3795522153377533,0.25504904985427856,7.665159647747149,4734.520016664628,0.023527015631987988,0.005936423044776115,0.23792730761158865,3873.0
DJI_20250929095639_0279_D.JPG,part 2_pre_def_rgb,Pre_Defoliation,0.10473251342773438,0.11421480029821396,4531.18505859375,8.418959617614746,0.835744611177498,-0.038553670048713684,0.4108152687549591,0.38942816853523254,0.2633086144924164,7.69525239694564,4980.561640013453,0.023396544209000465,0.005778999624988584,0.23595725228388556,3406.0
DJI_20250929095641_0280_D.JPG,part 2_pre_def_rgb,Pre_Defoliation,0.10147642344236374,0.11363109201192856,3658.518310546875,8.205086708068848,0.8282024140546006,-0.03386937826871872,0.39520326256752014,0.37719330191612244,0.2577069401741028,7.655578423677467,4707.962523697406,0.02427098336351774,0.0060019324213493935,0.24099350335399272,3628.0
DJI_20250929095643_0281_D.JPG,part 2_pre_def_rgb,Pre_Defoliation,0.09927451610565186,0.11764483153820038,3700.154541015625,8.216400146484375,0.7974094777399884,-0.03872018679976463,0.4098358452320099,0.38815584778785706,0.26720133423805237,7.6850734489817345,4891.492604115703,0.023725083251232758,0.005830771732513319,0.23908631314181372,3838.0
DJI_20250929095645_0282_D.JPG,part 2_pre_def_rgb,Pre_Defoliation,0.09193310886621475,0.11726963520050049,3196.763916015625,8.070206642150879,0.7655295370285259,-0.039205677807331085,0.3971531391143799,0.3761724531650543,0.2632586658000946,7.65987507116714,4685.975859222113,0.02414830419918277,0.005983829963092595,0.24477289776638803,3424.0
DJI_20250929095647_0283_D.JPG,part 2_pre_def_rgb,Pre_Defoliation,0.09906104952096939,0.1211874857544899,3699.63134765625,8.216259002685547,0.7892704216073781,-0.036121293902397156,0.4156297743320465,0.39520859718322754,0.2757262885570526,7.708645968772665,5048.667024675881,0.023241122565087112,0.005703277290180679,0.2398149738092633,4132.0
DJI_20250929095649_0284_D.JPG,part 2_pre_def_rgb,Pre_Defoliation,0.08576574921607971,0.1173337996006012,2875.43115234375,7.964305400848389,0.747454911220394,-0.04055081307888031,0.40676283836364746,0.3834002614021301,0.2742718756198883,7.678181675344061,4805.3502132766625,0.023480280872945403,0.005858189336507034,0.24034067175915041,3091.0
DJI_20250929095651_0285_D.JPG,part 2_pre_def_rgb,Pre_Defoliation,0.08169308304786682,0.11854669451713562,3026.284912109375,8.015421867370605,0.7199824011091706,-0.0486077256500721,0.4243272542953491,0.3947376012802124,0.28345492482185364,7.708845270960833,4977.329799107143,0.02255209906701302,0.005669735115378664,0.24090611504615037,3740.0
DJI_20250929095653_0286_D.JPG,part 2_pre_def_rgb,Pre_Defoliation,0.08030767738819122,0.11375841498374939,2522.255859375,7.833305358886719,0.7364840901430891,-0.041790954768657684,0.40340903401374817,0.37896105647087097,0.27420541644096375,7.672079536423059,4716.531169734589,0.023624014540465622,0.005887330645128681,0.24394082745407755,4401.0
DJI_20250929095655_0287_D.JPG,part 2_pre_def_rgb,Pre_Defoliation,0.0777517631649971,0.11158154159784317,2671.024169921875,7.890591621398926,0.7265960604528603,-0.047190748155117035,0.4124806523323059,0.38446226716041565,0.27869218587875366,7.693792373313466,4840.554079776174,0.023327992381272596,0.00577656028650643,0.24554126913798696,4704.0
DJI_20250929095657_0288_D.JPG,part 2_pre_def_rgb,Pre_Defoliation,0.07107425481081009,0.10662072896957397,2084.7431640625,7.642880439758301,0.711819934047247,-0.04467340558767319,0.39637112617492676,0.3705138564109802,0.2735823094844818,7.664056542054855,4659.7930222602745,0.02398448999819243,0.005935629352438289,0.24065116321086194,4585.0
DJI_20250929095659_0289_D.JPG,part 2_pre_def_rgb,Pre_Defoliation,0.06982944905757904,0.10535911470651627,1812.8800048828125,7.503223419189453,0.7076503948739161,-0.044252730906009674,0.4036611020565033,0.37756988406181335,0.28164923191070557,7.683941234175726,4752.174978595891,0.023451544778092682,0.005826211214534009,0.24477902295104714,3779.0
DJI_20250929095701_0290_D.JPG,part 2_pre_def_rgb,Pre_Defoliation,0.0638609305024147,0.10266301780939102,1633.9835205078125,7.399387836456299,0.688022652587554,-0.04508749395608902,0.3962858021259308,0.3702631890773773,0.28037965297698975,7.676579261109019,4730.445931690314,0.023832632444760797,0.005883508021085363,0.2444354673919506,3462.0
DJI_20250929095703_0291_D.JPG,part 2_pre_def_rgb,Pre_Defoliation,0.07117486000061035,0.1090329959988594,2327.18212890625,7.752842903137207,0.7043428470754052,-0.04807094484567642,0.4141635596752167,0.385409951210022,0.2854814827442169,7.728710507410123,5194.977812347113,0.02301253800977122,0.005660807723072452,0.2422480236820415,4468.0
DJI_20250929095705_0292_D.JPG,part 2_pre_def_rgb,Pre_Defoliation,0.06891337037086487,0.10559786111116409,1898.7203369140625,7.549461841583252,0.7056617106351687,-0.04164104163646698,0.3976898789405823,0.3735694885253906,0.2805357277393341,7.695916265506314,4979.84064640411,0.02360446286412406,0.0058265434420117345,0.24143739112667945,3427.0
DJI_20250929095707_0293_D.JPG,part 2_pre_def_rgb,Pre_Defoliation,0.07277798652648926,0.10787372291088104,2242.779541015625,7.715917110443115,0.7174277851824616,-0.042076896876096725,0.4052322208881378,0.38095778226852417,0.28390535712242126,7.722771096623779,5214.527148819716,0.02304946672898226,0.005696106995999316,0.23902047027513085,4089.0
DJI_20250929095709_0294_D.JPG,part 2_pre_def_rgb,Pre_Defoliation,0.06946638971567154,0.10183682292699814,1907.6318359375,7.554141998291016,0.7216316029353188,-0.039810117334127426,0.381672203540802,0.3596193194389343,0.26809999346733093,7.6516969216648345,4627.454007919521,0.02482734286192962,0.0060471985021027744,0.2459398876693201,3926.0
DJI_20250929095711_0295_D.JPG,part 2_pre_def_rgb,Pre_Defoliation,0.07911363989114761,0.10461892932653427,2247.92333984375,7.718206882476807,0.7604767020559488,-0.035459306091070175,0.3979628086090088,0.3768301010131836,0.2765837609767914,7.6946740848741815,4961.232838490705,0.023441550767292863,0.005807191259894121,0.24093532592680716,4236.0
DJI_20250929095713_0296_D.JPG,part 2_pre_def_rgb,Pre_Defoliation,0.08448111265897751,0.10235288739204407,2803.0537109375,7.938821315765381,0.8036427214511138,-0.03431650996208191,0.3788764476776123,0.3592780828475952,0.25519859790802,7.649295005707809,4600.4397665423185,0.02506066720203696,0.0060742747589082715,0.2496744609679289,4244.0
DJI_20250929095715_0297_D.JPG,part 2_pre_def_rgb,Pre_Defoliation,0.0851818099617958,0.10392585396766663,2955.083251953125,7.9916205406188965,0.7990014209332965,-0.03657618910074234,0.38887423276901245,0.36747005581855774,0.26088404655456543,7.672150211312984,4714.47878317637,0.02435627739105073,0.005948927842165967,0.2514130890578679,4033.0
DJI_20250929095717_0298_D.JPG,part 2_pre_def_rgb,Pre_Defoliation,0.07954850792884827,0.10021505504846573,2868.193115234375,7.961786270141602,0.7902648834145295,-0.03755190223455429,0.36547741293907166,0.3446826636791229,0.24433943629264832,7.615079258253767,4337.670365245841,0.025976955521535908,0.006270679445545589,0.25755769361518605,3942.0
DJI_20250929095719_0299_D.JPG,part 2_pre_def_rgb,Pre_Defoliation,0.08769846707582474,0.10374414920806885,3166.873046875,8.060815811157227,0.8141218651377271,-0.03399526700377464,0.38379430770874023,0.36385706067085266,0.25622138381004333,7.668142912922537,4658.2772711289135,0.024489186156294467,0.005957438206088755,0.2543829908059465,4016.0
DJI_20250929095722_0300_D.JPG,part 2_pre_def_rgb,Pre_Defoliation,0.07778440415859222,0.09923979640007019,2690.05029296875,7.897686958312988,0.7859608151790912,-0.03570101782679558,0.3587372899055481,0.33902356028556824,0.24152541160583496,7.5931661687202405,4148.21769508317,0.02633678111482541,0.006372994247679759,0.2645290421967616,4603.0
DJI_20250929095723_0301_D.JPG,part 2_pre_def_rgb,Pre_Defoliation,0.08526556938886642,0.1040600836277008,3080.5166015625,8.033177375793457,0.8019218027085823,-0.03346306458115578,0.3739526867866516,0.3547740578651428,0.250329852104187,7.64028537282894,4406.943898299904,0.02515658479752336,0.006104425377711961,0.2636888068219457,3689.0
DJI_20250929095725_0302_D.JPG,part 2_pre_def_rgb,Pre_Defoliation,0.08472700417041779,0.10304645448923111,2870.475341796875,7.962581157684326,0.8066759927383031,-0.02908162772655487,0.362846314907074,0.3460872769355774,0.24460124969482422,7.612530673815668,4266.033833781801,0.02592560947017913,0.006259353185505425,0.264418893073612,3545.0
DJI_20250929095727_0303_D.JPG,part 2_pre_def_rgb,Pre_Defoliation,0.09376629441976547,0.10742495954036713,3335.197998046875,8.112586975097656,0.8303821199865183,-0.024778198450803757,0.37373265624046326,0.3590928316116333,0.2506866455078125,7.648008528327403,4524.062373868641,0.024557415847026923,0.006066021639458333,0.2573815852311864,4808.0
DJI_20250929095729_0304_D.JPG,part 2_pre_def_rgb,Pre_Defoliation,0.09891493618488312,0.10767113417387009,3715.059814453125,8.220418930053711,0.8551539472071575,-0.018557129427790642,0.3554233908653259,0.34494540095329285,0.23555251955986023,7.607944104565947,4304.083246697652,0.025993310362776054,0.0063034643392555776,0.2610135150383141,4707.0
DJI_20250929095731_0305_D.JPG,part 2_pre_def_rgb,Pre_Defoliation,0.10474120080471039,0.11289919167757034,4268.31689453125,8.359209060668945,0.8528357864540246,-0.021456439048051834,0.3755936920642853,0.3633972406387329,0.24645958840847015,7.661361056769112,4691.637945664139,0.024510089340668128,0.005976284329683073,0.24770974210662666,2992.0
DJI_20250929095733_0306_D.JPG,part 2_pre_def_rgb,Pre_Defoliation,0.11086233705282211,0.11360061168670654,4623.58837890625,8.439142227172852,0.8782044726843766,-0.014277984388172626,0.35529807209968567,0.34734484553337097,0.22852930426597595,7.608448278519537,4378.171653314579,0.025263501886436297,0.006281488765049348,0.24897989913120064,4129.0
DJI_20250929095735_0307_D.JPG,part 2_pre_def_rgb,Pre_Defoliation,0.12067373842000961,0.11950930207967758,5058.64990234375,8.529052734375,0.8854558285075221,-0.014543585479259491,0.3795730173587799,0.371883749961853,0.24352075159549713,7.671718258549441,4848.162862340998,0.023776480300297075,0.005918354095076837,0.23774707377471838,3550.0
DJI_20250929095737_0308_D.JPG,part 2_pre_def_rgb,Pre_Defoliation,0.10369962453842163,0.11430571973323822,3899.110595703125,8.268759727478027,0.8397610457456262,-0.018376924097537994,0.3579690754413605,0.34905800223350525,0.2364473193883896,7.616789948256862,4522.104157748287,0.024951875851454176,0.006225074757654039,0.23849110456139097,4497.0
DJI_20250929095739_0309_D.JPG,part 2_pre_def_rgb,Pre_Defoliation,0.10173971951007843,0.11583759635686874,3302.00390625,8.102587699890137,0.8160870426969391,-0.016396883875131607,0.3753542900085449,0.3671407997608185,0.2571875751018524,7.672397429018521,4947.506723183709,0.023615225391539162,0.00591242385400816,0.22991474493116848,3396.0
DJI_20250929095741_0310_D.JPG,part 2_pre_def_rgb,Pre_Defoliation,0.08832348138093948,0.11031406372785568,2538.69677734375,7.839799880981445,0.7781585125777492,-0.022405246272683144,0.35889333486557007,0.34824833273887634,0.2492799162864685,7.61551025602642,4642.439950006115,0.024506088320180263,0.00623726201418076,0.22809541954928003,3542.0
DJI_20250929121455_0030_D.JPG,part3_post_def_rgb,Post_Defoliation,0.014898543246090412,0.050434816628694534,389.8026123046875,5.968202590942383,0.5565001953304531,-0.050374142825603485,0.3849940598011017,0.36242592334747314,0.3249592185020447,7.715245402684742,5550.9495436338075,0.024062463984596064,0.0058620172562804445,0.27638140229795893,3105.0
DJI_20250929121459_0032_D.JPG,part3_post_def_rgb,Post_Defoliation,0.014497804455459118,0.04988637939095497,386.793701171875,5.960473537445068,0.5550601119894598,-0.05046664923429489,0.3850325047969818,0.3618714511394501,0.32421261072158813,7.710739857581279,5472.785515533269,0.024198884369408306,0.005895045900136256,0.281001075128469,3159.0
DJI_20250929121501_0033_D.JPG,part3_post_def_rgb,Post_Defoliation,0.014488968066871166,0.053297434002161026,528.9736938476562,6.2728271484375,0.5425513987192451,-0.05588727444410324,0.413154274225235,0.385653018951416,0.343662828207016,7.775832824562016,5716.800773605675,0.02298855592955709,0.0054950607241824505,0.2797039781948242,2969.0
DJI_20250929121503_0034_D.JPG,part3_post_def_rgb,Post_Defoliation,0.0157626885920763,0.0511869341135025,521.9495239257812,6.259484767913818,0.5638718613077183,-0.05697453022003174,0.39369407296180725,0.3661259710788727,0.3227951228618622,7.722696512839341,5370.700713215509,0.02430814087620561,0.005821127651996866,0.28819426177198226,2876.0
DJI_20250929121505_0035_D.JPG,part3_post_def_rgb,Post_Defoliation,0.014870383776724339,0.052672646939754486,530.2776489257812,6.275284767150879,0.5486899933357845,-0.05618831887841225,0.4138472080230713,0.38480275869369507,0.3408879339694977,7.770940812996372,5544.600599315068,0.023417601934644757,0.005533224033506153,0.28818104806930733,3248.0
DJI_20250929121507_0036_D.JPG,part3_post_def_rgb,Post_Defoliation,0.01656455732882023,0.05113661661744118,506.6568603515625,6.229805946350098,0.5716793822961669,-0.054185979068279266,0.39494743943214417,0.3681975305080414,0.32488301396369934,7.726624582641516,5284.807890472113,0.024457521150435743,0.005800972989725503,0.29318674031857456,3115.0
DJI_20250929121509_0037_D.JPG,part3_post_def_rgb,Post_Defoliation,0.01631031185388565,0.05350911244750023,528.435546875,6.271811485290527,0.5576044347672887,-0.05566251277923584,0.4139670729637146,0.38509050011634827,0.3399035930633545,7.770899131197838,5519.395326259785,0.023125527805287985,0.005531356423128698,0.28589571929964913,3388.0
DJI_20250929121511_0038_D.JPG,part3_post_def_rgb,Post_Defoliation,0.018866505473852158,0.05501943081617355,413.2446594238281,6.026456832885742,0.5784591204001593,-0.0496843047440052,0.41746675968170166,0.3914579153060913,0.3465825319290161,7.7840929128616425,5445.884280210372,0.0232488794131009,0.0054858430912054085,0.3021085231831109,3135.0
DJI_20250929121513_0039_D.JPG,part3_post_def_rgb,Post_Defoliation,0.01776602678000927,0.05591963231563568,387.5886535644531,5.962521553039551,0.5634860836627141,-0.05218321457505226,0.4280019700527191,0.3995741009712219,0.3533802032470703,7.786911858176735,5507.080766114237,0.022662312926821488,0.005428831784021306,0.28622270153265317,3038.0
DJI_20250929121515_0040_D.JPG,part3_post_def_rgb,Post_Defoliation,0.01900012046098709,0.05326756462454796,316.7583923339844,5.76129150390625,0.5880889117412752,-0.04968694597482681,0.40726953744888306,0.3809163272380829,0.33556297421455383,7.742515374624606,5233.534540881848,0.02409847913872959,0.00572657135797955,0.2985560859803235,3397.0
DJI_20250929121517_0041_D.JPG,part3_post_def_rgb,Post_Defoliation,0.021053951233625412,0.05617719888687134,495.5256042480469,6.207634925842285,0.598146562950026,-0.05099862068891525,0.4321063756942749,0.4034785032272339,0.35379669070243835,7.805237511517849,5512.26121422456,0.02254585583500654,0.005355941397348743,0.3051941388090611,3161.0
DJI_20250929121519_0042_D.JPG,part3_post_def_rgb,Post_Defoliation,0.017435705289244652,0.04810554161667824,382.84234619140625,5.950232028961182,0.591178962910194,-0.05146558955311775,0.3877352178096771,0.36173197627067566,0.31829309463500977,7.710522514363732,5075.74203079134,0.025582065462976273,0.005956828186113171,0.3096301286625398,3569.0
DJI_20250929121521_0043_D.JPG,part3_post_def_rgb,Post_Defoliation,0.015007778070867062,0.050314754247665405,337.5599060058594,5.824700832366943,0.5552203021111008,-0.05365001782774925,0.4069560766220093,0.37828874588012695,0.3346135914325714,7.7418604302645155,5266.571539414141,0.024191411382856055,0.00571453100909787,0.2952853013979991,3408.0
DJI_20250929121523_0044_D.JPG,part3_post_def_rgb,Post_Defoliation,0.017247674986720085,0.05196116119623184,290.25457763671875,5.674197673797607,0.5717419550663357,-0.05097842961549759,0.40679237246513367,0.37945467233657837,0.334869384765625,7.740999381551304,5177.072273269326,0.02456689959545183,0.0057468789157830834,0.3063762215321974,3416.0
DJI_20250929121525_0045_D.JPG,part3_post_def_rgb,Post_Defoliation,0.02029581181704998,0.05326840654015541,280.2023010253906,5.639074325561523,0.601020074991574,-0.04337763041257858,0.414606511592865,0.39083608984947205,0.34676986932754517,7.764972138026599,5292.646048648483,0.024201577693855805,0.005607076455098211,0.30512739388219584,3144.0
DJI_20250929121527_0046_D.JPG,part3_post_def_rgb,Post_Defoliation,0.021627066656947136,0.05137227475643158,212.689208984375,5.364522457122803,0.6274192729877134,-0.037989385426044464,0.39787471294403076,0.3772852420806885,0.3350687026977539,7.730525883188363,5052.665916248778,0.025050337640265482,0.00588022516059644,0.32343871367449,3447.0
DJI_20250929121529_0047_D.JPG,part3_post_def_rgb,Post_Defoliation,0.02203209139406681,0.05491410195827484,373.1586608886719,5.924679756164551,0.6127557009682263,-0.043804045766592026,0.4165501892566681,0.3924034535884857,0.34622466564178467,7.785338724873329,5306.2552592955,0.024574518809530675,0.005564348509732148,0.3292327354056492,3491.0
DJI_20250929121531_0048_D.JPG,part3_post_def_rgb,Post_Defoliation,0.01689317636191845,0.050713129341602325,445.0169677734375,6.1003570556640625,0.5722329622054723,-0.05328946188092232,0.3858259320259094,0.3590185344219208,0.3153179883956909,7.719444441854107,5098.002618181263,0.025798258345616058,0.005982404015283982,0.3235101556166908,3582.0
DJI_20250929121533_0049_D.JPG,part3_post_def_rgb,Post_Defoliation,0.02001027576625347,0.054313741624355316,555.4158325195312,6.321516036987305,0.5934933894046635,-0.05146775394678116,0.4049859046936035,0.37859588861465454,0.33219558000564575,7.766086681308137,5408.681598581214,0.023535337666923485,0.005606735782901517,0.30174056713638253,3280.0
DJI_20250929121535_0050_D.JPG,part3_post_def_rgb,Post_Defoliation,0.019519006833434105,0.052237845957279205,409.0384216308594,6.016251087188721,0.5974558687226155,-0.048358842730522156,0.38809147477149963,0.3638586699962616,0.3201068341732025,7.713803668788192,5193.17400012231,0.02504345769627295,0.00591010818029936,0.29793002576996563,3377.0
DJI_20250929121537_0051_D.JPG,part3_post_def_rgb,Post_Defoliation,0.019644249230623245,0.051828015595674515,259.443115234375,5.562384605407715,0.6060295351135214,-0.0379084087908268,0.3797668218612671,0.3603496551513672,0.321288138628006,7.706370111631253,4929.156441108122,0.02752928469176879,0.0062700567970351345,0.35689232308267715,3835.0
DJI_20250929121539_0052_D.JPG,part3_post_def_rgb,Post_Defoliation,0.016462184488773346,0.04520266130566597,24.47580909729004,3.23772931098938,0.594150666804547,-0.012794476933777332,0.36150985956192017,0.35613009333610535,0.3342881500720978,7.5866719862583185,4385.162778253424,0.029854270587013076,0.007037461013294536,0.3285304252665777,3635.0
DJI_20250929121541_0053_D.JPG,part3_post_def_rgb,Post_Defoliation,0.0198080874979496,0.04943040758371353,27.733137130737305,3.358051061630249,0.6162329181603702,-0.014729044400155544,0.3867705464363098,0.3794417679309845,0.3523049056529999,7.611494584542882,4671.029805222603,0.02905388151085287,0.006794727710641671,0.32022990953383834,3622.0
DJI_20250929121543_0054_D.JPG,part3_post_def_rgb,Post_Defoliation,0.01939035952091217,0.049315229058265686,9.070829391479492,2.309643030166626,0.6042631350154732,-0.011788060888648033,0.41154229640960693,0.40623462200164795,0.3815366327762604,7.575301548237436,4723.509972021771,0.027718242783722504,0.006862927061073342,0.28767038701311515,3351.0
DJI_20250929121545_0055_D.JPG,part3_post_def_rgb,Post_Defoliation,0.022142114117741585,0.04959975555539131,4.622594356536865,1.7267931699752808,0.6343869209026565,-0.008708967827260494,0.42437469959259033,0.4212961792945862,0.39607563614845276,7.531236853947935,4695.526709271036,0.028043918085823356,0.007050783338430185,0.2667349578983307,3152.0
DJI_20250929121547_0056_D.JPG,part3_post_def_rgb,Post_Defoliation,0.021986667066812515,0.0518278069794178,5.265011310577393,1.8349803686141968,0.618781980574195,-0.0120841758325696,0.43758857250213623,0.43218883872032166,0.4048023521900177,7.53624031287005,4716.185420743641,0.02792249411942423,0.006947212621755066,0.2665301599039433,3159.0
DJI_20250929121549_0057_D.JPG,part3_post_def_rgb,Post_Defoliation,0.02065887488424778,0.05027558282017708,5.654708385467529,1.8953245878219604,0.6132310529460429,-0.010151078924536705,0.4316055178642273,0.42752158641815186,0.4027787744998932,7.5392971845717245,4801.833900287427,0.02790895036703739,0.006967701988760964,0.26540385420278895,3047.0
DJI_20250929121551_0058_D.JPG,part3_post_def_rgb,Post_Defoliation,0.01958559639751911,0.049158357083797455,4.487306594848633,1.7024375200271606,0.6060765005974814,-0.009410637430846691,0.4349638521671295,0.4313324987888336,0.40811553597450256,7.543777564775475,4836.189361393102,0.027664949648669734,0.006931430176064537,0.2633420863659481,2978.0
DJI_20250929121553_0059_D.JPG,part3_post_def_rgb,Post_Defoliation,0.020363079383969307,0.04830280691385269,4.400857448577881,1.6865577697753906,0.6213964882648527,-0.009445774368941784,0.4325611889362335,0.4289730489253998,0.40502190589904785,7.519897398725117,4830.7563180344905,0.02811569141609517,0.007101546931512485,0.25843956990978145,3128.0
DJI_20250929121555_0060_D.JPG,part3_post_def_rgb,Post_Defoliation,0.019883880391716957,0.048087239265441895,4.2752275466918945,1.6630218029022217,0.6180890840916751,-0.009062319993972778,0.4379434287548065,0.43439847230911255,0.4109695255756378,7.536900653396137,4902.545762750735,0.027944312302988328,0.00698604043398428,0.26231973126206115,2997.0
DJI_20250929121557_0061_D.JPG,part3_post_def_rgb,Post_Defoliation,0.02018859051167965,0.04745924845337868,5.14052152633667,1.8149096965789795,0.6286514825964397,-0.00839458778500557,0.4320704936981201,0.42882463335990906,0.4053901731967926,7.5465037457987645,4885.985533115216,0.028127378133455113,0.006973438718986863,0.2699997071724487,3138.0
DJI_20250929121559_0062_D.JPG,part3_post_def_rgb,Post_Defoliation,0.017383286729454994,0.046620141714811325,8.038174629211426,2.2014572620391846,0.5917465702270429,-0.012720231898128986,0.4270457923412323,0.42018985748291016,0.39595064520835876,7.567790620594251,4864.743173617906,0.02852172042013746,0.006914324050774448,0.2843307989219046,3227.0
DJI_20250929121601_0063_D.JPG,part3_post_def_rgb,Post_Defoliation,0.01790156401693821,0.045489538460969925,5.925424575805664,1.9351993799209595,0.6079663706069798,-0.009511245414614677,0.4189665913581848,0.4143173396587372,0.39176642894744873,7.5535750110682605,4830.940511863992,0.02892169606504217,0.007047235253926003,0.28595354114453003,3338.0
DJI_20250929121603_0064_D.JPG,part3_post_def_rgb,Post_Defoliation,0.020595528185367584,0.04705549776554108,4.427516937255859,1.6914817094802856,0.6312743205564237,-0.008167438209056854,0.43171894550323486,0.42822176218032837,0.4041290283203125,7.5332135276193135,4825.316379494863,0.02880424645014465,0.007069141330963894,0.27197038603489204,3129.0
DJI_20250929121605_0065_D.JPG,part3_post_def_rgb,Post_Defoliation,0.021251384168863297,0.04601551964879036,2.772233247756958,1.327667236328125,0.647935337959984,-0.004011251498013735,0.42242833971977234,0.42230114340782166,0.400922566652298,7.459747604826875,4550.570698538406,0.03091292730046176,0.0076488470448530625,0.2825010534307749,3521.0
DJI_20250929121607_0066_D.JPG,part3_post_def_rgb,Post_Defoliation,0.018681442365050316,0.04688369110226631,3.914633274078369,1.5922170877456665,0.6043544807273953,-0.0067690289579331875,0.44705769419670105,0.44482287764549255,0.42390668392181396,7.556402045121395,4737.768698018591,0.027370218172780156,0.006860022937026808,0.28572642721451785,3505.0
DJI_20250929121609_0067_D.JPG,part3_post_def_rgb,Post_Defoliation,0.019672898575663567,0.046517714858055115,2.6756951808929443,1.3017423152923584,0.6234365424977786,-0.003548107575625181,0.42425066232681274,0.4244605004787445,0.40499740839004517,7.44951268852718,4717.830831090998,0.02970264158480622,0.007621840404090997,0.2597272451225679,3555.0
DJI_20250929121611_0068_D.JPG,part3_post_def_rgb,Post_Defoliation,0.020678747445344925,0.0469372421503067,3.8372607231140137,1.5763485431671143,0.637202934935809,-0.00576159218326211,0.42093175649642944,0.4195239543914795,0.3974374234676361,7.472401318953041,4740.632934809199,0.029452654107537002,0.007512822670441682,0.26658244435269857,3526.0
DJI_20250929121613_0069_D.JPG,part3_post_def_rgb,Post_Defoliation,0.017620395869016647,0.044583190232515335,2.804673671722412,1.3362302780151367,0.6070618661335294,-0.0066946130245924,0.4096065163612366,0.40790805220603943,0.38858920335769653,7.447313773626181,4608.372939854452,0.02989710023959792,0.007766118173489142,0.2655071616595279,3672.0
DJI_20250929121615_0070_D.JPG,part3_post_def_rgb,Post_Defoliation,0.01975829154253006,0.046922169625759125,2.494414806365967,1.2511658668518066,0.6215347994607348,-0.007299537770450115,0.43207454681396484,0.4300030469894409,0.408173143863678,7.474907135726063,4725.937236270793,0.02938523965656401,0.007437732159415047,0.2669871610627869,3366.0
DJI_20250929121617_0071_D.JPG,part3_post_def_rgb,Post_Defoliation,0.020578525960445404,0.04593953490257263,2.547874927520752,1.2663488388061523,0.6389788621809602,-0.006683961022645235,0.4282054901123047,0.4266742467880249,0.4045644998550415,7.458401958758964,4700.0203377262715,0.029683755128032445,0.007567118098889728,0.2649882905927218,3215.0
DJI_20250929121619_0072_D.JPG,part3_post_def_rgb,Post_Defoliation,0.020220831036567688,0.047535404562950134,2.710777759552002,1.3112415075302124,0.6229669834084015,-0.00763572845607996,0.4349649250507355,0.43294018507003784,0.4106946289539337,7.479197681546033,4726.457719239237,0.028825100427692107,0.0073632994425834215,0.2654028616706099,3082.0
DJI_20250929121621_0073_D.JPG,part3_post_def_rgb,Post_Defoliation,0.02064494788646698,0.04898702725768089,3.404900550842285,1.4827176332473755,0.6155031099672151,-0.010916891507804394,0.43064361810684204,0.4264828860759735,0.40167734026908875,7.4613657585963065,4672.160049229453,0.029513406813095805,0.0074992141762784984,0.2646814889700646,3355.0
DJI_20250929121623_0074_D.JPG,part3_post_def_rgb,Post_Defoliation,0.021472714841365814,0.049048520624637604,2.408510446548462,1.2262753248214722,0.6290407072494408,-0.006868718657642603,0.4303847551345825,0.4291657507419586,0.40647396445274353,7.460055698206144,4641.634150256849,0.02931517772613511,0.007481737237889123,0.26501305889098753,3173.0
DJI_20250929121625_0075_D.JPG,part3_post_def_rgb,Post_Defoliation,0.018894262611865997,0.048679169267416,2.501797914505005,1.2532764673233032,0.5946932833134173,-0.008558022789657116,0.4265333414077759,0.4242870807647705,0.40314653515815735,7.449782974300067,4613.9542028498045,0.02916736579775126,0.007556278817527436,0.2622783976785898,3173.0
DJI_20250929121627_0076_D.JPG,part3_post_def_rgb,Post_Defoliation,0.02148304134607315,0.050569310784339905,3.0042803287506104,1.3873639106750488,0.6184896072708889,-0.008896767161786556,0.4312687814235687,0.42872077226638794,0.40468961000442505,7.466192372621735,4631.428598183709,0.028893409214195788,0.007418451487383012,0.2635270621884882,3041.0
DJI_20250929121629_0077_D.JPG,part3_post_def_rgb,Post_Defoliation,0.02156757563352585,0.050350915640592575,2.7246456146240234,1.314971685409546,0.6210650009958023,-0.008849927224218845,0.43000054359436035,0.42732471227645874,0.4030812382698059,7.452669818521311,4584.893151449364,0.02939925903795019,0.007508011815850172,0.26151083087489274,3009.0
DJI_20250929121631_0078_D.JPG,part3_post_def_rgb,Post_Defoliation,0.02249263972043991,0.051144666969776154,2.9340760707855225,1.369676113128662,0.6319406463522995,-0.009157916530966759,0.4332464933395386,0.4303891658782959,0.4050391912460327,7.465548731056705,4578.415319991438,0.029326114550010024,0.007408013419071825,0.26466117238478737,3071.0
DJI_20250929121633_0079_D.JPG,part3_post_def_rgb,Post_Defoliation,0.02073080651462078,0.04988696426153183,2.5621914863586426,1.2703759670257568,0.6171709830866807,-0.009060980752110481,0.42764633893966675,0.4249698519706726,0.40156254172325134,7.453524298105592,4572.625515991927,0.02968126564478734,0.007498090060911258,0.26116719250356674,3114.0
DJI_20250929121635_0080_D.JPG,part3_post_def_rgb,Post_Defoliation,0.022466549649834633,0.05084969475865364,2.931879997253418,1.3691177368164062,0.6370867420412415,-0.008174523711204529,0.43397465348243713,0.43181976675987244,0.4071982204914093,7.480301271875411,4612.445656494619,0.02868866448876017,0.007281701942178991,0.26222632961991005,3007.0
DJI_20250929121637_0081_D.JPG,part3_post_def_rgb,Post_Defoliation,0.019378019496798515,0.04700545594096184,18.216625213623047,2.955775737762451,0.6278423932193523,-0.017068948596715927,0.38264191150665283,0.37456271052360535,0.347105473279953,7.447962379074071,4190.3558012781305,0.03147421665498755,0.007900583552607417,0.27803400809381407,3331.0
DJI_20250929121639_0082_D.JPG,part3_post_def_rgb,Post_Defoliation,0.007560322526842356,0.04046798497438431,152.00347900390625,5.030460834503174,0.5154133920090694,-0.038941144943237305,0.337525337934494,0.31865397095680237,0.2922222912311554,7.52744720279422,4093.9551851455476,0.030550585820127072,0.007212959774433526,0.2914325743063914,3882.0
DJI_20250929121641_0083_D.JPG,part3_post_def_rgb,Post_Defoliation,0.016519207507371902,0.049084778875112534,470.4851989746094,6.155887603759766,0.5829227085056837,-0.05087308585643768,0.38178786635398865,0.3565331697463989,0.3147593140602112,7.674859860482505,5076.4479765472115,0.02420148873844334,0.005989205953502209,0.23143690770640757,3381.0
DJI_20250929121643_0084_D.JPG,part3_post_def_rgb,Post_Defoliation,0.01983306184411049,0.05269540846347809,521.0237426757812,6.2577128410339355,0.6007819441891106,-0.05003576725721359,0.4124736785888672,0.3855406641960144,0.3387746214866638,7.748512905374745,5569.4107792624745,0.02266272138334939,0.005572452627004599,0.2374557144708548,2891.0
DJI_20250929121645_0085_D.JPG,part3_post_def_rgb,Post_Defoliation,0.01784450002014637,0.048127975314855576,388.5866394042969,5.965086460113525,0.5995591659772651,-0.048092130571603775,0.3849372863769531,0.3607639968395233,0.3187461793422699,7.676529947555951,5140.921053235079,0.023805652076287997,0.0059854587659124775,0.23275357498207627,3177.0
DJI_20250929121647_0086_D.JPG,part3_post_def_rgb,Post_Defoliation,0.01645105704665184,0.05197954550385475,465.49005126953125,6.145236492156982,0.5677800502497166,-0.05326053872704506,0.4189998209476471,0.3895890712738037,0.34372732043266296,7.757621762423184,5580.75551155822,0.022552950884953227,0.005523552377724431,0.24000405151422155,3182.0
DJI_20250929121649_0087_D.JPG,part3_post_def_rgb,Post_Defoliation,0.014036411419510841,0.048135027289390564,339.5877380371094,5.830672740936279,0.5583974859821674,-0.051850296556949615,0.3893267810344696,0.36277255415916443,0.32218194007873535,7.683851748221181,5132.347037059688,0.024284631214633916,0.005943457042922843,0.23705398468163938,3369.0
DJI_20250929121651_0088_D.JPG,part3_post_def_rgb,Post_Defoliation,0.01591305620968342,0.050325699150562286,365.8678894042969,5.905001640319824,0.5688982692189846,-0.050724346190690994,0.4118821322917938,0.38429173827171326,0.3407883048057556,7.740408786003879,5512.301438661937,0.02260578599359331,0.005617982010073649,0.2413752057185626,3083.0
DJI_20250929121653_0089_D.JPG,part3_post_def_rgb,Post_Defoliation,0.01814371906220913,0.0476195402443409,389.6503601074219,5.967813014984131,0.6043157976376505,-0.04981237277388573,0.3825693130493164,0.3578176498413086,0.3149222731590271,7.675083817792127,5071.814151174169,0.024386748648844346,0.0060039389494551685,0.24012922176133267,3158.0
DJI_20250929121655_0090_D.JPG,part3_post_def_rgb,Post_Defoliation,0.016279054805636406,0.050513751804828644,371.43487548828125,5.920062065124512,0.5723258877960596,-0.05109776556491852,0.4123949706554413,0.384711354970932,0.34074866771698,7.741307935695336,5509.372863411203,0.02286068510318458,0.0056155501221706065,0.2419109300952903,3172.0
DJI_20250929121657_0091_D.JPG,part3_post_def_rgb,Post_Defoliation,0.015180906280875206,0.045398324728012085,276.1266174316406,5.62447452545166,0.5825095941722584,-0.046795379370450974,0.376910537481308,0.3537733852863312,0.3154553174972534,7.654657393481614,4998.066325984589,0.024382555627539354,0.006112812462060355,0.23315319070607798,3415.0
DJI_20250929121659_0092_D.JPG,part3_post_def_rgb,Post_Defoliation,0.016505222767591476,0.050681762397289276,363.3774719238281,5.898190498352051,0.5782399002665686,-0.048655152320861816,0.4072456955909729,0.3815585970878601,0.33936625719070435,7.734311529354487,5515.689262016878,0.022822102595924033,0.005649414017820173,0.23645236805152395,3013.0
DJI_20250929121701_0093_D.JPG,part3_post_def_rgb,Post_Defoliation,0.01479779276996851,0.048563431948423386,354.2185974121094,5.8727335929870605,0.5660912078316022,-0.049374859780073166,0.38699105381965637,0.36244451999664307,0.323100209236145,7.686143146441507,5295.180650684932,0.0238927296313647,0.005927604021971379,0.22890559473955782,3142.0
DJI_20250929121703_0094_D.JPG,part3_post_def_rgb,Post_Defoliation,0.014264595694839954,0.050868917256593704,456.7607116699219,6.126346588134766,0.5514918842111713,-0.05155596509575844,0.4032876789569855,0.37705108523368835,0.33654990792274475,7.735700598391701,5586.248574333416,0.023076469829480167,0.0056589357507389635,0.23671502161872188,3108.0
DJI_20250929121705_0095_D.JPG,part3_post_def_rgb,Post_Defoliation,0.013645878992974758,0.04612358286976814,375.3388671875,5.930490016937256,0.5619340683120385,-0.04911350831389427,0.36929425597190857,0.3465031087398529,0.31006601452827454,7.650109671184491,5110.735315251957,0.024171764846098936,0.006145971220816668,0.22750325999523144,3186.0
DJI_20250929121707_0096_D.JPG,part3_post_def_rgb,Post_Defoliation,0.014704934321343899,0.05017751455307007,378.4083557128906,5.938612937927246,0.5567623115635628,-0.049917224794626236,0.40246933698654175,0.37704047560691833,0.33690667152404785,7.7258388086847445,5611.921588337818,0.023112199935149454,0.005705559767332225,0.23346219462186793,2969.0
DJI_20250929121709_0097_D.JPG,part3_post_def_rgb,Post_Defoliation,0.012165805324912071,0.04608157277107239,336.4897155761719,5.821535110473633,0.5449387868829856,-0.0510919950902462,0.3758402466773987,0.35205763578414917,0.31610921025276184,7.663123233467205,5307.017604880137,0.024402013388972743,0.006070829752492451,0.22505330695910297,3072.0
DJI_20250929121711_0098_D.JPG,part3_post_def_rgb,Post_Defoliation,0.013114579021930695,0.0485355369746685,335.2955627441406,5.817990303039551,0.5491108634372032,-0.04898339509963989,0.3974752128124237,0.37330880761146545,0.3360278308391571,7.719471451275507,5668.650046630382,0.023449558183149633,0.005741160879007171,0.22838125150281594,2908.0
DJI_20250929121713_0099_D.JPG,part3_post_def_rgb,Post_Defoliation,0.011362134478986263,0.05027516931295395,361.9524230957031,5.8942718505859375,0.5244312436804853,-0.05162782594561577,0.4162220060825348,0.38962578773498535,0.35166749358177185,7.762761864577245,5903.226115306996,0.022367514325485838,0.0054944651754085085,0.2308200956204921,3051.0
DJI_20250929121715_0100_D.JPG,part3_post_def_rgb,Post_Defoliation,0.014524886384606361,0.048033688217401505,369.7583923339844,5.915550708770752,0.5686028319085701,-0.047802917659282684,0.39113572239875793,0.36858484148979187,0.331508994102478,7.711659123334805,5701.412476302594,0.023713557367010085,0.005803416541326702,0.23087244749023386,3170.0
DJI_20250929121717_0101_D.JPG,part3_post_def_rgb,Post_Defoliation,0.015742309391498566,0.0504295788705349,433.3820495605469,6.073924541473389,0.5735388516101357,-0.04627586156129837,0.41004684567451477,0.38759732246398926,0.34940555691719055,7.768761826106253,6017.575407442516,0.022374655806073757,0.005475154622689046,0.2333641195593168,3037.0
DJI_20250929121719_0102_D.JPG,part3_post_def_rgb,Post_Defoliation,0.01493803970515728,0.048278968781232834,387.8753662109375,5.963258743286133,0.5736054937647456,-0.047439225018024445,0.38816094398498535,0.36605459451675415,0.3290101885795593,7.709722276685757,5753.92466135641,0.023504461331285767,0.00582028999990501,0.2321972103185463,3083.0
DJI_20250929121721_0103_D.JPG,part3_post_def_rgb,Post_Defoliation,0.013955296017229557,0.05040866509079933,441.8276672363281,6.0931806564331055,0.5540314194778931,-0.048067331314086914,0.40706852078437805,0.3839748501777649,0.34692588448524475,7.765886328781811,5972.135239573142,0.022756976610083694,0.005504656378923575,0.2382134965250127,2854.0
DJI_20250929121723_0104_D.JPG,part3_post_def_rgb,Post_Defoliation,0.016221320256590843,0.04611669108271599,328.48687744140625,5.797536373138428,0.5991787982198119,-0.03975783661007881,0.37640076875686646,0.35894954204559326,0.3252769410610199,7.6933803725644365,5620.876463888209,0.024278800695102895,0.005928575594452601,0.240352816147089,2788.0
DJI_20250929121725_0105_D.JPG,part3_post_def_rgb,Post_Defoliation,0.01734473742544651,0.04939061030745506,402.4853210449219,6.000140190124512,0.5971215089469007,-0.04147528484463692,0.40324804186820984,0.3837314248085022,0.34687015414237976,7.762401648295996,5970.21309702177,0.02259625237351459,0.005525154919756649,0.24220391860406687,2580.0
DJI_20250929121727_0106_D.JPG,part3_post_def_rgb,Post_Defoliation,0.01663270592689514,0.045673418790102005,308.49365234375,5.73493766784668,0.6049117948953642,-0.037873201072216034,0.37811049818992615,0.3613399565219879,0.32793670892715454,7.697257538554068,5686.538741438356,0.0242736435952107,0.005910000035689512,0.2343513826762282,3022.0
DJI_20250929121729_0107_D.JPG,part3_post_def_rgb,Post_Defoliation,0.01915258914232254,0.04766656830906868,312.1305847167969,5.746620178222656,0.6257728000428961,-0.03533264994621277,0.3998328745365143,0.38281384110450745,0.34664228558540344,7.749014366329787,5894.5884180834155,0.022952588904764825,0.005604489303362734,0.23699383199850704,2831.0
DJI_20250929121731_0108_D.JPG,part3_post_def_rgb,Post_Defoliation,0.015348425135016441,0.046710819005966187,371.2934875488281,5.919682502746582,0.5860936207372001,-0.04213571548461914,0.3824576437473297,0.3636776804924011,0.32954931259155273,7.713508594721171,5747.629842679795,0.02366834717450897,0.00581829985746962,0.2367769364313892,2817.0
DJI_20250929121733_0109_D.JPG,part3_post_def_rgb,Post_Defoliation,0.01516557577997446,0.04816785082221031,306.92791748046875,5.729865550994873,0.5756229988203573,-0.04024812579154968,0.399325430393219,0.38026654720306396,0.34604209661483765,7.74771107918124,5913.215761068982,0.02325143128381338,0.005620737094310056,0.23933259215465752,2681.0
DJI_20250929121735_0110_D.JPG,part3_post_def_rgb,Post_Defoliation,0.017187530174851418,0.0473017692565918,325.34332275390625,5.787950038909912,0.6055839614547905,-0.03804232180118561,0.38028255105018616,0.3634253740310669,0.32938066124916077,7.707012698675616,5741.79622905455,0.02407558052169833,0.005860550452600876,0.23678501333240812,2462.0
DJI_20250929121737_0111_D.JPG,part3_post_def_rgb,Post_Defoliation,0.016670579090714455,0.050249118357896805,382.218994140625,5.948606491088867,0.5855979218371786,-0.040005262941122055,0.4011847972869873,0.3821549415588379,0.3464544713497162,7.7574121430493745,5969.880633867417,0.023201731391530537,0.005570156258759268,0.23977224168437775,2898.0
DJI_20250929121739_0112_D.JPG,part3_post_def_rgb,Post_Defoliation,0.016361545771360397,0.04728424549102783,365.6178283691406,5.904319763183594,0.5979579350124092,-0.039036232978105545,0.37593573331832886,0.3593427836894989,0.32638826966285706,7.702175327542561,5776.332237646771,0.02443214017896678,0.005906064079160787,0.23195312760116754,2759.0
DJI_20250929121741_0113_D.JPG,part3_post_def_rgb,Post_Defoliation,0.01702737621963024,0.05007777363061905,414.8039245605469,6.030213832855225,0.5938803639274444,-0.04085942730307579,0.40377357602119446,0.38446810841560364,0.3481353223323822,7.75920259116321,6126.194372248043,0.022525711397202903,0.005547628802131972,0.232697285281473,2938.0
DJI_20250929121743_0114_D.JPG,part3_post_def_rgb,Post_Defoliation,0.015728287398815155,0.047987911850214005,421.788330078125,6.046871662139893,0.5855380779483408,-0.04195013642311096,0.3869163691997528,0.36870628595352173,0.3347678780555725,7.731248176130067,5986.863713154354,0.02345613642521522,0.005735812831471158,0.2316202002332052,3060.0
DJI_20250929121745_0115_D.JPG,part3_post_def_rgb,Post_Defoliation,0.016693677753210068,0.04876045137643814,433.9173278808594,6.075155735015869,0.5942476617795753,-0.04167357087135315,0.4096977710723877,0.39000144600868225,0.35361146926879883,7.7824600367893355,6195.372932210126,0.022582168998177433,0.005442023130513223,0.23954243821914797,2858.0
DJI_20250929121747_0116_D.JPG,part3_post_def_rgb,Post_Defoliation,0.01372101902961731,0.04567098617553711,360.5878601074219,5.890504837036133,0.5729645417777369,-0.04182108864188194,0.39077091217041016,0.3722805082798004,0.34006908535957336,7.740077572109859,6025.247068401419,0.023340330984740445,0.005689708270010707,0.23553851265111372,2897.0
DJI_20250929121749_0117_D.JPG,part3_post_def_rgb,Post_Defoliation,0.013322527520358562,0.046973492950201035,396.9548645019531,5.9863386154174805,0.5644092594294818,-0.04429489001631737,0.4107188582420349,0.3895973265171051,0.35515332221984863,7.781166305548096,6256.873838062622,0.022569758643657643,0.005436413732484433,0.23105874913613947,2999.0
DJI_20250929121751_0118_D.JPG,part3_post_def_rgb,Post_Defoliation,0.015021569095551968,0.04396830126643181,336.8715515136719,5.822665691375732,0.5978083731654258,-0.04104117676615715,0.38479581475257874,0.366750031709671,0.33368271589279175,7.721810883315297,5948.459779384786,0.023822669007893284,0.005796251665888761,0.2325147173174339,2740.0
DJI_20250929121753_0119_D.JPG,part3_post_def_rgb,Post_Defoliation,0.014808978885412216,0.04759746044874191,395.0281982421875,5.981485366821289,0.576977433587646,-0.0416506752371788,0.41378363966941833,0.39394545555114746,0.3592982888221741,7.795664318740941,6284.509127323874,0.022240130729334725,0.0053563293859854805,0.23580235664097798,2836.0
DJI_20250929121755_0120_D.JPG,part3_post_def_rgb,Post_Defoliation,0.014999361708760262,0.04468679428100586,417.30194091796875,6.036203384399414,0.5923689945460674,-0.04098774865269661,0.3821582794189453,0.36479660868644714,0.33243563771247864,7.730478215833092,5990.663095492906,0.023948686482213356,0.005766803380696374,0.2347718256645609,3025.0
DJI_20250929121757_0121_D.JPG,part3_post_def_rgb,Post_Defoliation,0.013748039491474628,0.04822949692606926,464.00128173828125,6.142040252685547,0.5637867393602353,-0.0443522147834301,0.4113925099372864,0.39021414518356323,0.3552877604961395,7.790134743663793,6269.842790637231,0.02251368473993142,0.0053996624856067505,0.23936934857602565,2731.0
DJI_20250929121759_0122_D.JPG,part3_post_def_rgb,Post_Defoliation,0.01551146525889635,0.045538529753685,335.72174072265625,5.819256782531738,0.5953568802279622,-0.03736409917473793,0.3894011676311493,0.3728821873664856,0.34085172414779663,7.741006199017039,6048.9114787182,0.023348609927645612,0.005699040922483648,0.23917119415276203,2702.0
DJI_20250929121801_0123_D.JPG,part3_post_def_rgb,Post_Defoliation,0.01465902104973793,0.0480765737593174,446.3276062011719,6.103291034698486,0.5727882177436652,-0.04272214323282242,0.4066508114337921,0.38686928153038025,0.3524287939071655,7.788472749663986,6276.188914200099,0.022817838921201677,0.0054319087305058095,0.24205136027825627,2801.0
DJI_20250929121803_0124_D.JPG,part3_post_def_rgb,Post_Defoliation,0.0167591143399477,0.04519971087574959,352.7099304199219,5.8684773445129395,0.6109050885498054,-0.03534354269504547,0.37640586495399475,0.36161139607429504,0.3300577700138092,7.719931383389622,5954.941776999754,0.024454762204679844,0.005841165878439822,0.2369726430513796,2633.0
DJI_20250929121805_0125_D.JPG,part3_post_def_rgb,Post_Defoliation,0.01810356043279171,0.04709804430603981,371.6064453125,5.920522689819336,0.6157334371265741,-0.03547113016247749,0.3947657644748688,0.3789437711238861,0.34501826763153076,7.7629360128268825,6084.421427806998,0.02318425050870363,0.005574083044203419,0.2444583671742022,2660.0
DJI_20250929121807_0126_D.JPG,part3_post_def_rgb,Post_Defoliation,0.01651635952293873,0.04473957046866417,328.2003479003906,5.796666622161865,0.6104708612923982,-0.03667256981134415,0.36812829971313477,0.352603018283844,0.32056134939193726,7.689668910490498,5701.547184595156,0.024806471770348486,0.006020817611617205,0.24153435738239992,2375.0
DJI_20250929121809_0127_D.JPG,part3_post_def_rgb,Post_Defoliation,0.017648499459028244,0.048511505126953125,460.5976257324219,6.134693622589111,0.6058319545301345,-0.03858272731304169,0.38918763399124146,0.3716743588447571,0.33651256561279297,7.746768980890096,6007.66522825954,0.024136769447711835,0.005677156808673512,0.24278646981300597,2633.0
DJI_20250929121811_0128_D.JPG,part3_post_def_rgb,Post_Defoliation,0.017114095389842987,0.04624276980757713,427.87432861328125,6.061163902282715,0.6079953350491774,-0.03850936517119408,0.37042930722236633,0.35417723655700684,0.32081109285354614,7.696854200283267,5726.162805008562,0.024827796909566307,0.005974067994848627,0.2419823907630284,2916.0
DJI_20250929121813_0129_D.JPG,part3_post_def_rgb,Post_Defoliation,0.016890790313482285,0.04784160107374191,463.2328796386719,6.14038610458374,0.5975853708980605,-0.04008202627301216,0.3855173587799072,0.36741504073143005,0.3324219286441803,7.733031230887793,5962.475706335616,0.023833539758189817,0.005743279499054079,0.23696421292553266,2740.0
DJI_20250929121815_0130_D.JPG,part3_post_def_rgb,Post_Defoliation,0.016270849853754044,0.045810550451278687,447.0914001464844,6.104997158050537,0.598504956031498,-0.04180000349879265,0.362973153591156,0.3454553484916687,0.31166669726371765,7.671251226868921,5511.293121636498,0.024673081096597525,0.006102628441109801,0.23664002237197027,2933.0
DJI_20250929121817_0131_D.JPG,part3_post_def_rgb,Post_Defoliation,0.017053036019206047,0.05031290650367737,412.45794677734375,6.024555683135986,0.5822572444618072,-0.04213644936680794,0.40665072202682495,0.3857937753200531,0.34788382053375244,7.77065863769753,5903.275394447163,0.02422176971378988,0.005554564039481435,0.2576754516839692,2815.0
DJI_20250929121819_0132_D.JPG,part3_post_def_rgb,Post_Defoliation,0.01636858657002449,0.047543954104185104,306.0678405761719,5.727068901062012,0.586405670711156,-0.03935868665575981,0.38056671619415283,0.36270594596862793,0.32847660779953003,7.713234318345824,5614.194880595646,0.02585812175855046,0.005969143395207305,0.2743299380838264,2889.0
DJI_20250929121821_0133_D.JPG,part3_post_def_rgb,Post_Defoliation,0.014792577363550663,0.04884639382362366,406.8959655761719,6.011012077331543,0.5650557170542636,-0.04449281096458435,0.3947819471359253,0.3743557035923004,0.33913683891296387,7.765319835865572,5924.931973153131,0.02356450728655307,0.005649114043281502,0.28388627482544093,2566.0
DJI_20250929121823_0134_D.JPG,part3_post_def_rgb,Post_Defoliation,0.015178067609667778,0.0458519384264946,377.5907287597656,5.936455726623535,0.582039747832215,-0.0415649376809597,0.3698323369026184,0.3524978458881378,0.3199853301048279,7.711840855844732,5714.396820725293,0.025521003467454575,0.0059916678291009945,0.281784344282495,2807.0
DJI_20250929121825_0135_D.JPG,part3_post_def_rgb,Post_Defoliation,0.017961274832487106,0.04883283004164696,424.3354797363281,6.052878379821777,0.5998708808254435,-0.04026651754975319,0.3902546167373657,0.37249302864074707,0.3367701470851898,7.761214816034528,5936.966231194961,0.023677030431828554,0.0056705840581494325,0.2794879705688879,3011.0
DJI_20250929121827_0136_D.JPG,part3_post_def_rgb,Post_Defoliation,0.01880480721592903,0.048436399549245834,395.51800537109375,5.982721328735352,0.6105542597358826,-0.0384422168135643,0.3730050325393677,0.35694435238838196,0.3220788240432739,7.720392114353657,5761.027680100293,0.02500269800000657,0.00592351945774339,0.278755302320034,3107.0
DJI_20250929121829_0137_D.JPG,part3_post_def_rgb,Post_Defoliation,0.018481159582734108,0.050406500697135925,398.0592041015625,5.989109992980957,0.5965978509820142,-0.03820408880710602,0.39240217208862305,0.3754483461380005,0.34001341462135315,7.765530832986388,5980.968857020547,0.02403295777892815,0.005629691699764474,0.27465586163204875,3045.0
DJI_20250929121831_0138_D.JPG,part3_post_def_rgb,Post_Defoliation,0.01642751507461071,0.04688234254717827,345.8726806640625,5.8489580154418945,0.5912109434843889,-0.03846181184053421,0.37103450298309326,0.3554014265537262,0.3233408033847809,7.714813234458918,5762.372416218199,0.024907589432466185,0.0059581272389536855,0.2786648588972949,3014.0
DJI_20250929121833_0139_D.JPG,part3_post_def_rgb,Post_Defoliation,0.01697036810219288,0.05035071074962616,462.8546447753906,6.139571189880371,0.5846206471949015,-0.04293861240148544,0.4019853472709656,0.3828704059123993,0.34678512811660767,7.788549913287743,6112.401938600782,0.023501908671160476,0.005522715882970393,0.28379120108597433,3018.0
DJI_20250929121835_0140_D.JPG,part3_post_def_rgb,Post_Defoliation,0.016946248710155487,0.04231087863445282,310.5140686035156,5.7414445877075195,0.6268806301130618,-0.03571712598204613,0.35346654057502747,0.3395809829235077,0.3087492287158966,7.665059241462297,5448.856653620352,0.025913419276866,0.006311626865433908,0.28220658312614494,2972.0
DJI_20250929121837_0141_D.JPG,part3_post_def_rgb,Post_Defoliation,0.017348676919937134,0.04879951849579811,446.36279296875,6.10336971282959,0.5991522275331679,-0.04053549841046333,0.39864861965179443,0.3808424770832062,0.3456876873970032,7.785523651147653,6053.608480613992,0.023501063269460068,0.005537039815044416,0.28263881416988,3022.0
DJI_20250929121839_0142_D.JPG,part3_post_def_rgb,Post_Defoliation,0.016417743638157845,0.04978383705019951,455.2294921875,6.122995853424072,0.5848943492048901,-0.04158424958586693,0.4199247658252716,0.39995822310447693,0.36357393860816956,7.818771172824667,6279.901648116438,0.02277134552204877,0.005311916839630434,0.27913245531160086,2998.0
DJI_20250929121841_0143_D.JPG,part3_post_def_rgb,Post_Defoliation,0.015829628333449364,0.047492142766714096,364.10150146484375,5.90017557144165,0.5870814279039127,-0.04113687574863434,0.39893531799316406,0.38023707270622253,0.3457092344760895,7.772579160138565,5961.685883225293,0.023828854417153215,0.0056107248442984915,0.2857951659501519,2933.0
DJI_20250929121843_0144_D.JPG,part3_post_def_rgb,Post_Defoliation,0.014779603108763695,0.04921221733093262,460.0704345703125,6.133550643920898,0.5673821602016117,-0.04472672939300537,0.4157060980796814,0.39480504393577576,0.35912439227104187,7.813177189578041,6184.083514249021,0.022845312459385106,0.005361775989159826,0.2854815051612462,2975.0
DJI_20250929121845_0145_D.JPG,part3_post_def_rgb,Post_Defoliation,0.014627432450652122,0.04648297652602196,348.1288146972656,5.855441093444824,0.5784214426877471,-0.04186176881194115,0.3984605371952057,0.37961238622665405,0.3461368680000305,7.7753491132917505,5938.144825556507,0.024194462434445715,0.00560267087202825,0.29122100727743233,2885.0
DJI_20250929121847_0146_D.JPG,part3_post_def_rgb,Post_Defoliation,0.015216775238513947,0.048466406762599945,486.40008544921875,6.189085483551025,0.5786441577044459,-0.04486893117427826,0.41660693287849426,0.3954753279685974,0.359127014875412,7.815920802612006,6123.008615154109,0.022723358721022397,0.0053357455923961775,0.28535365390980316,2888.0
DJI_20250929121849_0147_D.JPG,part3_post_def_rgb,Post_Defoliation,0.013163519091904163,0.04643078148365021,396.6877746582031,5.9856672286987305,0.5600015894536875,-0.045553456991910934,0.3938566744327545,0.37341710925102234,0.33981403708457947,7.765693097405257,5832.964587665117,0.024367698338241556,0.0056605257730488025,0.29378596925809947,2667.0
DJI_20250929121851_0148_D.JPG,part3_post_def_rgb,Post_Defoliation,0.016987541690468788,0.04870917275547981,398.2513732910156,5.989591121673584,0.5981714101326715,-0.03804413601756096,0.4052990972995758,0.38756421208381653,0.35284173488616943,7.793184041139121,5977.847885579746,0.02355167124381128,0.005462292027041093,0.28643865313229755,3082.0
DJI_20250929121853_0149_D.JPG,part3_post_def_rgb,Post_Defoliation,0.017683623358607292,0.04983047768473625,460.3177490234375,6.134087085723877,0.5985991742500842,-0.04265257716178894,0.38983702659606934,0.37090611457824707,0.33429157733917236,7.7552362391175835,5790.243624633073,0.02404658974792973,0.005692714783482691,0.2873578449546652,2820.0
DJI_20250929121855_0150_D.JPG,part3_post_def_rgb,Post_Defoliation,0.017743417993187904,0.05199578404426575,440.855712890625,6.0909833908081055,0.5888581690259521,-0.03982793912291527,0.40851891040802,0.38949185609817505,0.35272136330604553,7.794636753305672,5908.177512689579,0.02281005283240741,0.0054388666254026755,0.2846314602622046,2788.0
DJI_20250929121857_0151_D.JPG,part3_post_def_rgb,Post_Defoliation,0.017398875206708908,0.04945509880781174,392.3515625,5.974703788757324,0.5965562475104942,-0.039115626364946365,0.38140568137168884,0.3635560870170593,0.32830753922462463,7.724483592248937,5553.452800116193,0.0250461334603929,0.005872755988910856,0.288973359500934,2925.0
DJI_20250929121859_0152_D.JPG,part3_post_def_rgb,Post_Defoliation,0.020246949046850204,0.05344601348042488,487.0315246582031,6.190380096435547,0.6092038464779238,-0.038436755537986755,0.40046462416648865,0.3826100826263428,0.3445085883140564,7.781050247981985,5795.728909307729,0.023579689946979898,0.0055271997336117824,0.2887787456446861,2485.0
DJI_20250929121901_0153_D.JPG,part3_post_def_rgb,Post_Defoliation,0.0178748220205307,0.05070406571030617,382.22845458984375,5.948631286621094,0.5925369883108129,-0.040140967816114426,0.380861759185791,0.363166481256485,0.3275962769985199,7.723311610543234,5496.723516236545,0.025047199269492674,0.0058808431266107655,0.29182589947776194,3276.0
DJI_20250929121903_0154_D.JPG,part3_post_def_rgb,Post_Defoliation,0.019227420911192894,0.052628956735134125,506.1388854980469,6.228785037994385,0.5993296048196832,-0.04125138372182846,0.3961832821369171,0.37738940119743347,0.3393680453300476,7.769616838704693,5680.2846287915845,0.023688332096474772,0.005588613189362928,0.2931368750280467,2626.0
DJI_20250929121905_0155_D.JPG,part3_post_def_rgb,Post_Defoliation,0.01901279017329216,0.04959336295723915,392.23919677734375,5.9744181632995605,0.6127097408615988,-0.03807526081800461,0.3770039975643158,0.360187292098999,0.324357807636261,7.715976578147924,5495.346115918542,0.0251148890258001,0.005923953503200474,0.29056322036643906,2802.0
DJI_20250929121907_0156_D.JPG,part3_post_def_rgb,Post_Defoliation,0.01853152923285961,0.05213585123419762,483.47747802734375,6.183071136474609,0.5935765963477035,-0.041236456483602524,0.3971899151802063,0.3785601258277893,0.3413987457752228,7.772273601142017,5710.041023269327,0.023877478052544695,0.005584169494796632,0.29447167742837693,2434.0
DJI_20250929121909_0157_D.JPG,part3_post_def_rgb,Post_Defoliation,0.01720901019871235,0.0496855266392231,380.00958251953125,5.942824363708496,0.5894872958605264,-0.03952484950423241,0.37784144282341003,0.360284686088562,0.3255189061164856,7.716029308206455,5478.130412181998,0.024887827091604454,0.005911960544721094,0.29157698306869195,2880.0
DJI_20250929121911_0158_D.JPG,part3_post_def_rgb,Post_Defoliation,0.017622901126742363,0.05189281329512596,435.0149230957031,6.077676296234131,0.581386300441217,-0.04307221993803978,0.3958706259727478,0.3761899769306183,0.33888640999794006,7.757405794330939,5686.298839591487,0.023885478098147297,0.005642078822647413,0.28576675045937167,2870.0
DJI_20250929121913_0159_D.JPG,part3_post_def_rgb,Post_Defoliation,0.017516527324914932,0.04966110363602638,381.3731384277344,5.946396827697754,0.5924797775530839,-0.0407208576798439,0.37409210205078125,0.3567762076854706,0.3219437599182129,7.7051227102428,5459.061387750735,0.024651405063035096,0.00596775126992232,0.2871708902206634,2910.0
DJI_20250929121915_0160_D.JPG,part3_post_def_rgb,Post_Defoliation,0.01749691739678383,0.05278768017888069,466.2621765136719,6.146890640258789,0.5773320445353434,-0.0447208546102047,0.3962703347206116,0.3767339289188385,0.3397006094455719,7.761467186713942,5778.72243456458,0.023552855787506398,0.005594985229602786,0.27867152499082837,2884.0
DJI_20250929121917_0161_D.JPG,part3_post_def_rgb,Post_Defoliation,0.01654626429080963,0.050554804503917694,378.212646484375,5.93809700012207,0.578158416827527,-0.04370759055018425,0.3779160678386688,0.35897111892700195,0.32347992062568665,7.707281232563941,5470.093834087574,0.024629669944645625,0.00591562093388346,0.28352796987628714,2932.0
DJI_20250929121919_0162_D.JPG,part3_post_def_rgb,Post_Defoliation,0.01755356229841709,0.05203879252076149,465.5174865722656,6.1452956199646,0.5853002822716549,-0.045305415987968445,0.397468239068985,0.37687551975250244,0.33872923254966736,7.758396922827726,5711.1794696367415,0.023581171592426186,0.005601072250691761,0.27789143181543685,2803.0
DJI_20250929121921_0163_D.JPG,part3_post_def_rgb,Post_Defoliation,0.015798205509781837,0.04907042160630226,408.705810546875,6.015439510345459,0.5758571559886019,-0.04685759171843529,0.3743141293525696,0.35375717282295227,0.31740203499794006,7.691575701790456,5344.873906861546,0.024959945553146037,0.006006065210332018,0.2830503039167207,3093.0
DJI_20250929121923_0164_D.JPG,part3_post_def_rgb,Post_Defoliation,0.016217701137065887,0.05306018888950348,490.3206481933594,6.197096824645996,0.5607243600055152,-0.050370123237371445,0.4045540690422058,0.38103699684143066,0.3413022458553314,7.767880321822064,5700.062503822164,0.022808502304567893,0.005545117979769089,0.2801442308695683,2923.0
DJI_20250929121925_0165_D.JPG,part3_post_def_rgb,Post_Defoliation,0.01772693730890751,0.05014974996447563,465.7933044433594,6.145886421203613,0.5949363931274321,-0.04967336729168892,0.3790050745010376,0.35666221380233765,0.31659242510795593,7.701520650935033,5375.165897137965,0.024992618246131575,0.005951351148307607,0.28189516377479107,3143.0
DJI_20250929121927_0166_D.JPG,part3_post_def_rgb,Post_Defoliation,0.015910159796476364,0.05268382281064987,478.6258544921875,6.173006534576416,0.5595608033060637,-0.05150795727968216,0.4039405882358551,0.3789370357990265,0.3380233645439148,7.755933435539831,5567.162117019325,0.02339500773535095,0.005606905795896798,0.28223675620270666,2986.0
DJI_20250929121929_0167_D.JPG,part3_post_def_rgb,Post_Defoliation,0.014086935669183731,0.0507756806910038,515.6287841796875,6.247324466705322,0.5456326408677268,-0.05683518946170807,0.3804571330547333,0.35475385189056396,0.31496357917785645,7.701197641931954,5280.750309595156,0.02470520088972497,0.005960056597422591,0.2901907018390765,3086.0
DJI_20250929121931_0168_D.JPG,part3_post_def_rgb,Post_Defoliation,0.016852091997861862,0.0534844696521759,611.3270263671875,6.417266368865967,0.5650421683978307,-0.0560951828956604,0.39688095450401306,0.3703319728374481,0.3269309997558594,7.74072341060577,5496.608266572896,0.0236511744688512,0.005694896318993998,0.28114712822737487,2874.0
DJI_20250929121933_0169_D.JPG,part3_post_def_rgb,Post_Defoliation,0.01646900735795498,0.05258086323738098,612.3905639648438,6.419002056121826,0.562364369810338,-0.05761054903268814,0.37406033277511597,0.3484688401222229,0.3064083158969879,7.68512566634809,5210.479161570451,0.02525528726077941,0.00605353911370582,0.2883972466885361,3053.0
DJI_20250929121935_0170_D.JPG,part3_post_def_rgb,Post_Defoliation,0.018114952370524406,0.056807905435562134,696.56201171875,6.547591209411621,0.5635522470662132,-0.05510103330016136,0.4021435081958771,0.37562456727027893,0.33099067211151123,7.76142710579788,5576.7842236423685,0.02355373548843962,0.005586076983413975,0.2816714793770178,2744.0
DJI_20250929121937_0171_D.JPG,part3_post_def_rgb,Post_Defoliation,0.016895757988095284,0.05531785264611244,557.0872802734375,6.324515342712402,0.5551729536262524,-0.05657348036766052,0.3869471251964569,0.3602210581302643,0.3165992200374603,7.711493102841801,5298.945148147016,0.02453818354466504,0.005887294664464184,0.2847331089832356,3110.0
DJI_20250929121939_0172_D.JPG,part3_post_def_rgb,Post_Defoliation,0.017326634377241135,0.05679327994585037,562.8385620117188,6.334767818450928,0.553865723718479,-0.055174265056848526,0.4076833426952362,0.37982237339019775,0.33463481068611145,7.758225610268147,5553.174619312624,0.023418992162253013,0.005585283855923674,0.27611177052321645,2546.0
DJI_20250929121941_0173_D.JPG,part3_post_def_rgb,Post_Defoliation,0.01654745265841484,0.05405917018651962,491.8092346191406,6.200122356414795,0.5562013110120415,-0.05395118147134781,0.38846349716186523,0.362610399723053,0.3202098309993744,7.714528718276401,5315.852510396282,0.02448037861355326,0.005855587765846478,0.2814615732122631,2876.0
DJI_20250929121943_0174_D.JPG,part3_post_def_rgb,Post_Defoliation,0.018495220690965652,0.0558609813451767,567.2255859375,6.342518329620361,0.5707347106045286,-0.05427426099777222,0.40954357385635376,0.38186830282211304,0.33569782972335815,7.76143028761027,5531.531066536205,0.02337156666264633,0.005566725348178039,0.2798342433875315,2969.0
DJI_20250929121945_0175_D.JPG,part3_post_def_rgb,Post_Defoliation,0.017064174637198448,0.05253177508711815,413.8758239746094,6.027979373931885,0.5678310851181175,-0.05262523889541626,0.38855886459350586,0.36272069811820984,0.319818377494812,7.7063645077174305,5230.874797425391,0.024713445724215785,0.005908152620110434,0.28694129822622266,2770.0
DJI_20250929121947_0176_D.JPG,part3_post_def_rgb,Post_Defoliation,0.01572626270353794,0.05445536598563194,483.8204040527344,6.183778285980225,0.5450520115206667,-0.05479841306805611,0.41061797738075256,0.3827444314956665,0.33914458751678467,7.767137660491429,5536.348730277642,0.023357464188865196,0.005547650527341901,0.2838821475432138,2631.0
DJI_20250929121949_0177_D.JPG,part3_post_def_rgb,Post_Defoliation,0.01614549569785595,0.052805542945861816,472.8493347167969,6.160889625549316,0.555404334038055,-0.054588764905929565,0.39283856749534607,0.36632755398750305,0.32367104291915894,7.72748537257137,5310.522298495598,0.02389298732849046,0.005796384615945587,0.2900868837520965,2378.0
DJI_20250929121951_0178_D.JPG,part3_post_def_rgb,Post_Defoliation,0.01848786324262619,0.05563069134950638,579.985107421875,6.364725112915039,0.5692973561448662,-0.05413597449660301,0.4097924828529358,0.3823458254337311,0.3364112973213196,7.769792340667127,5516.533042594179,0.02345657340600754,0.005550939927492445,0.2899088409992079,2960.0
DJI_20250929121953_0179_D.JPG,part3_post_def_rgb,Post_Defoliation,0.019422253593802452,0.05201354995369911,432.2783508300781,6.071380138397217,0.5961255630113061,-0.048333678394556046,0.3793836236000061,0.3563075661659241,0.31380918622016907,7.6947049337251885,5135.157755931996,0.025363086821800832,0.006024066900697869,0.2982712102786429,3065.0
DJI_20250929121955_0180_D.JPG,part3_post_def_rgb,Post_Defoliation,0.020299451425671577,0.05427448824048042,572.7804565429688,6.3522467613220215,0.5960264136562797,-0.050679586827754974,0.3948827087879181,0.37057289481163025,0.3259636163711548,7.74270717519966,5421.0792410714275,0.024179072006491265,0.005717799137885359,0.2910115674875994,2903.0
DJI_20250929121957_0181_D.JPG,part3_post_def_rgb,Post_Defoliation,0.016088133677840233,0.0517202652990818,467.9298095703125,6.150453090667725,0.5581970328921163,-0.052841197699308395,0.3804785907268524,0.3556453287601471,0.314723938703537,7.701676629822245,5189.898987891391,0.025345496312139885,0.005978012329364642,0.2950827452469468,2946.0
DJI_20250929121959_0182_D.JPG,part3_post_def_rgb,Post_Defoliation,0.01670844294130802,0.05504853278398514,534.0957641601562,6.282445907592773,0.5546846753684469,-0.05311774089932442,0.3989981710910797,0.3730376064777374,0.3303685784339905,7.746515212030434,5431.261023116438,0.02381630007001933,0.005674474171658786,0.2884858611665536,2824.0
DJI_20250929122001_0183_D.JPG,part3_post_def_rgb,Post_Defoliation,0.015874966979026794,0.05186577886343002,422.7311096191406,6.049098968505859,0.5576064455219536,-0.05148017778992653,0.3724230229854584,0.34857499599456787,0.308851957321167,7.67782807081426,5065.5387873043055,0.025223471209784697,0.0061010069743031884,0.29332345664880033,3111.0
DJI_20250929122003_0184_D.JPG,part3_post_def_rgb,Post_Defoliation,0.018522724509239197,0.05472136661410332,565.1293334960938,6.338822364807129,0.5728758770720348,-0.052061449736356735,0.39338594675064087,0.36797112226486206,0.32403358817100525,7.732458176570914,5359.962194991438,0.024087076590196436,0.0057632455585792134,0.28687867099244607,2993.0
DJI_20250929122005_0185_D.JPG,part3_post_def_rgb,Post_Defoliation,0.01888573169708252,0.053206127136945724,520.2048950195312,6.256143093109131,0.584611503048687,-0.05068376287817955,0.3774120509624481,0.35341885685920715,0.31053999066352844,7.690007583274509,5146.044509081457,0.02460936145555638,0.006011206847351954,0.2880134017832292,3068.0
DJI_20250929122007_0186_D.JPG,part3_post_def_rgb,Post_Defoliation,0.02020123600959778,0.054663728922605515,571.412109375,6.349859237670898,0.5928097328185802,-0.050169847905635834,0.391819566488266,0.36715614795684814,0.3222915232181549,7.732663517391451,5356.538664995109,0.024435826424923274,0.005771296301885519,0.2889209601016277,2943.0
DJI_20250929122009_0187_D.JPG,part3_post_def_rgb,Post_Defoliation,0.02155582793056965,0.05768052861094475,704.5977172851562,6.559045314788818,0.591516290942795,-0.050695277750492096,0.41688746213912964,0.390726774930954,0.3430102467536926,7.788711821315115,5691.9018659796975,0.02316470526999016,0.005413758138657231,0.2778117896801194,2860.0
DJI_20250929122011_0188_D.JPG,part3_post_def_rgb,Post_Defoliation,0.019919196143746376,0.05519665777683258,583.8466796875,6.371349811553955,0.5819336087109722,-0.049567386507987976,0.3940894305706024,0.37037569284439087,0.3267427384853363,7.741008635737897,5467.589679397015,0.023991733175313102,0.005703636528770551,0.279000245823318,3015.0
DJI_20250929122013_0189_D.JPG,part3_post_def_rgb,Post_Defoliation,0.020339397713541985,0.05712719261646271,627.2029418945312,6.442863464355469,0.5818302942212826,-0.04757862165570259,0.41355615854263306,0.38898131251335144,0.3440670371055603,7.782690271997744,5720.105606347848,0.023123967009013167,0.005454255245759339,0.27259510629721,3233.0
DJI_20250929122015_0190_D.JPG,part3_post_def_rgb,Post_Defoliation,0.019309401512145996,0.052169185131788254,347.4541015625,5.853506565093994,0.5937797304439746,-0.039937134832143784,0.3927362859249115,0.37317776679992676,0.3343098759651184,7.731297574402348,5465.303972755626,0.023719703687262932,0.005745832761827535,0.2723070454134331,3246.0
DJI_20250929122017_0191_D.JPG,part3_post_def_rgb,Post_Defoliation,0.018710818141698837,0.052912045270204544,400.2944030761719,5.99469518661499,0.5843645632257867,-0.04176664352416992,0.4170679450035095,0.3943673372268677,0.3529559075832367,7.777059342662533,5667.149018468688,0.022499226750948932,0.005462767399563427,0.26719193807153585,3183.0
DJI_20250929122019_0192_D.JPG,part3_post_def_rgb,Post_Defoliation,0.019849281758069992,0.04880732297897339,270.09442138671875,5.602467060089111,0.6180393897263842,-0.03532325103878975,0.3907816708087921,0.37228381633758545,0.3339366316795349,7.714616021622589,5351.692728718201,0.024354450347668213,0.005831928526609549,0.2724527411153619,3438.0
DJI_20250929122021_0193_D.JPG,part3_post_def_rgb,Post_Defoliation,0.017778625711798668,0.05054064467549324,333.22747802734375,5.811821937561035,0.5827830089315807,-0.037933286279439926,0.4172804653644562,0.3958521783351898,0.35664528608322144,7.7744004601545855,5621.150696397994,0.022782972078682243,0.005481855762649756,0.27268389970301526,3202.0
DJI_20250929122023_0194_D.JPG,part3_post_def_rgb,Post_Defoliation,0.020370088517665863,0.04871224984526634,302.681396484375,5.715979099273682,0.6218041927107271,-0.03211287036538124,0.39938297867774963,0.3814750909805298,0.34319713711738586,7.741808595258848,5379.369652794766,0.02417488988868359,0.0056921200241263036,0.28367963029953286,3283.0
DJI_20250929122025_0195_D.JPG,part3_post_def_rgb,Post_Defoliation,0.02100304141640663,0.05034789815545082,334.8226318359375,5.816583156585693,0.6194699937953856,-0.03224232420325279,0.4158271253108978,0.39739471673965454,0.35795918107032776,7.7818080160499035,5511.325109313846,0.023424377122859025,0.005474909807887504,0.28591287693786716,3242.0
DJI_20250929122027_0196_D.JPG,part3_post_def_rgb,Post_Defoliation,0.017665795981884003,0.04681537300348282,265.48529052734375,5.5853190422058105,0.5993612023929895,-0.03472856804728508,0.39943957328796387,0.3798058331012726,0.3425063192844391,7.716987970495727,5271.558104513209,0.02513981045257519,0.005825396863662993,0.26461109467631444,2992.0
DJI_20250929122029_0197_D.JPG,part3_post_def_rgb,Post_Defoliation,0.01782597228884697,0.04931803047657013,214.35447692871094,5.37228536605835,0.5897434277047523,-0.032440319657325745,0.4358914792537689,0.41491538286209106,0.37611323595046997,7.769488406524602,5551.542013209393,0.023018405513477214,0.005470800354841409,0.2462847584392408,2952.0
DJI_20250929122031_0198_D.JPG,part3_post_def_rgb,Post_Defoliation,0.01715104654431343,0.04883367568254471,246.76905822753906,5.5124969482421875,0.5875716211661611,-0.03468632698059082,0.3829142451286316,0.3647354543209076,0.32940560579299927,7.6642322659373505,5101.544933341488,0.024585932339810875,0.006051860440032898,0.23006400870805258,2816.0
DJI_20250929122033_0199_D.JPG,part3_post_def_rgb,Post_Defoliation,0.01827310025691986,0.05329108610749245,284.28387451171875,5.65348482131958,0.5797076075466495,-0.03659970685839653,0.4213656187057495,0.40028131008148193,0.3609238862991333,7.758962711024801,5661.32210891634,0.022557229460036188,0.00550882808962891,0.23111781219117514,3201.0
DJI_20250929122035_0200_D.JPG,part3_post_def_rgb,Post_Defoliation,0.016000600531697273,0.04847827926278114,228.81060791015625,5.437255382537842,0.5742278223335479,-0.03779099881649017,0.3931918442249298,0.3734552264213562,0.33771800994873047,7.692018131427936,5356.336212695695,0.024133169065608164,0.005895201403249766,0.23209410048926815,3172.0
DJI_20250929122037_0201_D.JPG,part3_post_def_rgb,Post_Defoliation,0.01598181203007698,0.04876234009861946,251.71450805664062,5.532260417938232,0.5722806458160983,-0.04056708142161369,0.4143315553665161,0.39218419790267944,0.3540549874305725,7.739881835102253,5569.299424382339,0.02323915381459532,0.005623380419509037,0.23565555318698453,2963.0
DJI_20250929122039_0202_D.JPG,part3_post_def_rgb,Post_Defoliation,0.014256555587053299,0.04475664347410202,256.79949951171875,5.552182197570801,0.5742723940619542,-0.042588528245687485,0.38094574213027954,0.3601609766483307,0.32511964440345764,7.668371515303188,5258.9088337818,0.024631770647044065,0.006034220697792424,0.22812468865545946,3080.0
DJI_20250929122041_0203_D.JPG,part3_post_def_rgb,Post_Defoliation,0.01424073800444603,0.04882879555225372,318.0946350097656,5.7654876708984375,0.5594449455372736,-0.04730601981282234,0.4108438193798065,0.3854791820049286,0.3458738625049591,7.734673074858725,5569.8760969606155,0.023034056055619433,0.0056430691355912185,0.23540438617764484,2924.0
DJI_20250929122043_0204_D.JPG,part3_post_def_rgb,Post_Defoliation,0.016950419172644615,0.04796764627099037,353.7400817871094,5.87138557434082,0.5959829430554279,-0.04472611844539642,0.39156854152679443,0.36853542923927307,0.32855188846588135,7.68851713982245,5356.38264050269,0.023842125669461235,0.005906754776703495,0.23229731659924416,3069.0
DJI_20250929122045_0205_D.JPG,part3_post_def_rgb,Post_Defoliation,0.01505498681217432,0.05079928785562515,426.65985107421875,6.058328151702881,0.5623665720654472,-0.05116983503103256,0.40302637219429016,0.3763430416584015,0.33460474014282227,7.71153138505053,5482.039903375735,0.02346855317627002,0.0057619621511510654,0.2301049157596551,2871.0
DJI_20250929122047_0206_D.JPG,part3_post_def_rgb,Post_Defoliation,0.014737245626747608,0.04822566360235214,424.2865905761719,6.05276346206665,0.5680531777583724,-0.050704170018434525,0.3751858174800873,0.35082393884658813,0.3117247521877289,7.64906040196072,5125.112195755872,0.02485118313910069,0.006127391902528807,0.22881709953441765,2894.0
DJI_20250929122049_0207_D.JPG,part3_post_def_rgb,Post_Defoliation,0.015363838523626328,0.05241280049085617,491.31561279296875,6.199120044708252,0.5583933687226155,-0.05401642248034477,0.4022161364555359,0.37411627173423767,0.3306525647640228,7.7102731583211,5492.910806017612,0.023399795927191304,0.005765300316667678,0.2286387529620503,2961.0
DJI_20250929122051_0208_D.JPG,part3_post_def_rgb,Post_Defoliation,0.0172863956540823,0.04998890683054924,398.60748291015625,5.990482807159424,0.5841649240126237,-0.049743685871362686,0.38968369364738464,0.36444488167762756,0.32191967964172363,7.675691632485124,5263.20236821184,0.023931485112618014,0.005965142378784682,0.2276812055535011,2904.0
DJI_20250929122053_0209_D.JPG,part3_post_def_rgb,Post_Defoliation,0.015091460198163986,0.05341442674398422,405.6644592285156,6.007988452911377,0.5488952339369427,-0.052369650453329086,0.41278916597366333,0.38480573892593384,0.34173083305358887,7.731259670959926,5557.251161937377,0.022815990887971233,0.005638461732753229,0.22954904873012685,2898.0
DJI_20250929122055_0210_D.JPG,part3_post_def_rgb,Post_Defoliation,0.016155464574694633,0.04974755644798279,427.7616271972656,6.060901165008545,0.5738718708827405,-0.05127004161477089,0.38348060846328735,0.3583607077598572,0.3170853853225708,7.664799519705806,5209.772883286449,0.024289779859863133,0.006023021594698389,0.22697531161554496,2597.0
DJI_20250929122057_0211_D.JPG,part3_post_def_rgb,Post_Defoliation,0.015961123630404472,0.05150860920548439,478.8090515136719,6.1733880043029785,0.5669405601770996,-0.05348106101155281,0.3988083302974701,0.371574729681015,0.3283800184726715,7.704657887469843,5432.649599437378,0.022894239384556966,0.005788467826718658,0.22924309990803754,2931.0
DJI_20250929122059_0212_D.JPG,part3_post_def_rgb,Post_Defoliation,0.013939102180302143,0.0489024817943573,424.2577209472656,6.052695274353027,0.5533884567362196,-0.054314278066158295,0.3836677670478821,0.3570556044578552,0.3165043294429779,7.667402696522233,5180.824027641878,0.024031903877884685,0.0060165450210009075,0.2277651036908165,2906.0
DJI_20250929122101_0213_D.JPG,part3_post_def_rgb,Post_Defoliation,0.015181918628513813,0.05154448002576828,463.53509521484375,6.1410369873046875,0.5574037423016821,-0.05384325981140137,0.4058288037776947,0.3778674006462097,0.334724098443985,7.721946724232148,5451.60126054917,0.023063098687392883,0.00571070719455027,0.23832301487768376,2856.0
DJI_20250929122103_0214_D.JPG,part3_post_def_rgb,Post_Defoliation,0.015131687745451927,0.048478178679943085,442.590576171875,6.094902038574219,0.5693615566688115,-0.05278788134455681,0.3804824650287628,0.3549537658691406,0.31429341435432434,7.666492083151866,5103.3652878852745,0.024498290422532557,0.0060424858224023895,0.23461443199984058,2840.0
DJI_20250929122105_0215_D.JPG,part3_post_def_rgb,Post_Defoliation,0.014657817780971527,0.05222172662615776,448.500244140625,6.108136177062988,0.5507176479149432,-0.055564943701028824,0.4138314127922058,0.3842104971408844,0.33993178606033325,7.739240807830147,5574.871819960861,0.023123451474514695,0.0056155884943535515,0.2368241461625903,2865.0
DJI_20250929122107_0216_D.JPG,part3_post_def_rgb,Post_Defoliation,0.014275667257606983,0.04937291145324707,445.88079833984375,6.102292060852051,0.5571956291938597,-0.055700138211250305,0.3898961544036865,0.36208879947662354,0.3200058043003082,7.686478497874219,5250.99114787182,0.024318525518560487,0.005934922938524452,0.236742415170758,2997.0
DJI_20250929122109_0217_D.JPG,part3_post_def_rgb,Post_Defoliation,0.01719428412616253,0.05150920897722244,406.1470947265625,6.009174346923828,0.578675611652419,-0.050697971135377884,0.4102700650691986,0.38406845927238464,0.3406725823879242,7.7401697704359504,5573.5133087695685,0.022894390568989564,0.0056210983592776724,0.23925578424182056,2880.0
DJI_20250929122111_0218_D.JPG,part3_post_def_rgb,Post_Defoliation,0.013892069458961487,0.04812484607100487,357.682861328125,5.882438659667969,0.5567467521524649,-0.05275242403149605,0.3819979429244995,0.3564586043357849,0.31702715158462524,7.666171795523624,5153.428162457192,0.0245934075655502,0.006049325255087776,0.2371027351093949,3109.0
DJI_20250929122113_0219_D.JPG,part3_post_def_rgb,Post_Defoliation,0.015339691191911697,0.053678661584854126,529.65380859375,6.274109840393066,0.5520171220547232,-0.05820866674184799,0.4105539619922638,0.3803960084915161,0.3348982632160187,7.734700860571552,5577.111912915851,0.022836257798848552,0.005639284944383565,0.2379983249106159,3001.0
DJI_20250929122115_0220_D.JPG,part3_post_def_rgb,Post_Defoliation,0.014624983072280884,0.05023280903697014,490.2247619628906,6.196901798248291,0.5556670247724975,-0.05618523806333542,0.3748652935028076,0.34903863072395325,0.3085869252681732,7.655262040127133,5193.3264852923185,0.024460114828735228,0.006103185589928936,0.23078178372696306,3077.0
DJI_20250929122117_0221_D.JPG,part3_post_def_rgb,Post_Defoliation,0.016442254185676575,0.055080778896808624,514.97412109375,6.24605655670166,0.5565056052180041,-0.054919060319662094,0.4075537919998169,0.37948077917099,0.3349655270576477,7.72999977136401,5584.031154445939,0.023083383403848752,0.005659582396495776,0.2348503862770936,3051.0
DJI_20250929122119_0222_D.JPG,part3_post_def_rgb,Post_Defoliation,0.016407452523708344,0.051397502422332764,500.45574951171875,6.217515468597412,0.5716769885406134,-0.05299651622772217,0.377672016620636,0.35296547412872314,0.31185153126716614,7.660879165244782,5233.705303632583,0.02490607679664984,0.006065097978139324,0.2303000578705904,2973.0
DJI_20250929122121_0223_D.JPG,part3_post_def_rgb,Post_Defoliation,0.01778319664299488,0.05323130264878273,560.7245483398438,6.331011772155762,0.5794381664215461,-0.052366334944963455,0.38617411255836487,0.36140456795692444,0.31885188817977905,7.689674809160728,5427.987512995352,0.02380634045625998,0.005894364364002686,0.229771477212376,3120.0
DJI_20250929122123_0224_D.JPG,part3_post_def_rgb,Post_Defoliation,0.015215998515486717,0.04872192442417145,480.36199951171875,6.176619529724121,0.568277137527959,-0.05200253799557686,0.36332133412361145,0.3403990566730499,0.30226078629493713,7.630323979097436,5080.618785163893,0.02493109623791526,0.006243487992211619,0.22606914803258044,3028.0
DJI_20250929122125_0225_D.JPG,part3_post_def_rgb,Post_Defoliation,0.013866136781871319,0.05284828320145607,493.57037353515625,6.2036895751953125,0.5390507227226767,-0.05648889020085335,0.3960009813308716,0.3684505224227905,0.3270338773727417,7.705121312773792,5605.566704378669,0.023514351802108747,0.005803314589884778,0.227954736843073,2984.0
DJI_20250929122127_0226_D.JPG,part3_post_def_rgb,Post_Defoliation,0.013512363657355309,0.047984324395656586,449.3013916015625,6.109917163848877,0.5523921756748476,-0.0539059191942215,0.36474767327308655,0.34094902873039246,0.3036380410194397,7.632328143320776,5165.73327421722,0.024846909126248845,0.006244117969364015,0.22453501572204104,3089.0
DJI_20250929122129_0227_D.JPG,part3_post_def_rgb,Post_Defoliation,0.012046942487359047,0.049363862723112106,399.83306884765625,5.993545055389404,0.5317973561448662,-0.053123876452445984,0.38598477840423584,0.3613938093185425,0.32475584745407104,7.689245897539567,5520.276464652641,0.023884782052323732,0.005914837417046831,0.22966971553594864,3044.0
DJI_20250929122131_0228_D.JPG,part3_post_def_rgb,Post_Defoliation,0.013000686652958393,0.0470295213162899,388.98919677734375,5.966118812561035,0.5534499283788339,-0.05074166879057884,0.3683132231235504,0.3459186851978302,0.31052345037460327,7.644932687992887,5263.408489787183,0.02467148352298152,0.006177491316893553,0.22919034762264465,3042.0
DJI_20250929122133_0229_D.JPG,part3_post_def_rgb,Post_Defoliation,0.01110855583101511,0.04963301122188568,412.50762939453125,6.0246758460998535,0.5227525986610289,-0.05527747794985771,0.3954508602619171,0.3690031170845032,0.3314467966556549,7.707496170253622,5647.87315771771,0.023491022135533078,0.005805404865693412,0.23232854805015854,2787.0
DJI_20250929122135_0230_D.JPG,part3_post_def_rgb,Post_Defoliation,0.0150326918810606,0.050685781985521317,389.15582275390625,5.966546058654785,0.5642162748567576,-0.04617925360798836,0.4079483151435852,0.38537654280662537,0.34777212142944336,7.752847608927368,5845.221238227739,0.022856589761787487,0.005552202386689251,0.23515093962344352,2784.0
DJI_20250929122137_0231_D.JPG,part3_post_def_rgb,Post_Defoliation,0.015775419771671295,0.048733603209257126,375.2731628417969,5.9303154945373535,0.58193887497319,-0.04391045495867729,0.3852695822715759,0.3653627038002014,0.3296804130077362,7.701654620822333,5623.762704867906,0.02379821311609135,0.005859755832575322,0.23832869218983202,3066.0
DJI_20250929122139_0232_D.JPG,part3_post_def_rgb,Post_Defoliation,0.01656663790345192,0.05159550905227661,421.3182373046875,6.045759201049805,0.5791629802831143,-0.04470730572938919,0.40273812413215637,0.38131868839263916,0.3433326184749603,7.745510504945658,5828.157052654109,0.02305077997404239,0.005598763484835734,0.2376732920580514,2937.0
DJI_20250929122141_0233_D.JPG,part3_post_def_rgb,Post_Defoliation,0.01739288493990898,0.04927456006407738,406.067138671875,6.008978366851807,0.5990394337714864,-0.041932541877031326,0.38222163915634155,0.36340078711509705,0.32718706130981445,7.698206454038255,5625.639501284246,0.023837640699260327,0.005883444703485315,0.23477194726061534,2893.0
DJI_20250929122143_0234_D.JPG,part3_post_def_rgb,Post_Defoliation,0.016916761174798012,0.050399914383888245,396.276611328125,5.984632968902588,0.588838300854858,-0.04073920100927353,0.39858126640319824,0.37936219573020935,0.3432263433933258,7.738504082985824,5784.529067545254,0.022817271157051445,0.00564106632305765,0.23793986434895897,2932.0
DJI_20250929122145_0235_D.JPG,part3_post_def_rgb,Post_Defoliation,0.014800282195210457,0.04719073697924614,331.4249572753906,5.8064141273498535,0.5757831410668873,-0.04095769301056862,0.37819045782089233,0.35970768332481384,0.32642462849617004,7.681306534780577,5523.517111821184,0.024055459645223452,0.005981284261535859,0.23800899876605022,2731.0
DJI_20250929122147_0236_D.JPG,part3_post_def_rgb,Post_Defoliation,0.017537204548716545,0.05057145282626152,411.59075927734375,6.022456169128418,0.5937146681680302,-0.039345916360616684,0.4051463007926941,0.3856891393661499,0.3486948311328888,7.7517744695485025,5845.341177684686,0.02298601351915787,0.005580512252430072,0.24150989933855874,2745.0
DJI_20250929122149_0237_D.JPG,part3_post_def_rgb,Post_Defoliation,0.017254438251256943,0.04750652611255646,355.7345275878906,5.8769917488098145,0.6035239433005485,-0.03725753724575043,0.38127294182777405,0.3646262288093567,0.3307251036167145,7.702203110425766,5597.752117477984,0.024145854497917823,0.005878386405247666,0.24009373929322284,2771.0
DJI_20250929122151_0238_D.JPG,part3_post_def_rgb,Post_Defoliation,0.01717301271855831,0.050413332879543304,446.80194091796875,6.104351043701172,0.5894588580445507,-0.04084713011980057,0.4046831429004669,0.3851330876350403,0.3484100103378296,7.7628874670007155,5879.27690037916,0.022886085278049844,0.005527015374514062,0.24240337771670292,2315.0
DJI_20250929122153_0239_D.JPG,part3_post_def_rgb,Post_Defoliation,0.016537483781576157,0.047881830483675,383.8431091308594,5.952835559844971,0.5935840648650305,-0.040813758969306946,0.38345885276794434,0.3648079037666321,0.3296194076538086,7.708353350181466,5625.377763423434,0.02425116952306661,0.005861302593629615,0.24373430049766762,2638.0
DJI_20250929122155_0240_D.JPG,part3_post_def_rgb,Post_Defoliation,0.016871942207217216,0.05123613029718399,421.96014404296875,6.047277927398682,0.5829553593314336,-0.04019325226545334,0.410327672958374,0.3908449411392212,0.3544902205467224,7.7804171245372595,5952.5081259173185,0.0225459279920101,0.005443183367225054,0.24900675402855188,2565.0
DJI_20250929122157_0241_D.JPG,part3_post_def_rgb,Post_Defoliation,0.018221540376544,0.04838085547089577,375.5265197753906,5.930988311767578,0.6136480930385758,-0.0375138521194458,0.3836594521999359,0.3667401373386383,0.33159929513931274,7.714577931283353,5676.457665728962,0.024414126027321636,0.00583721541767615,0.24404107782662315,2892.0
DJI_20250929122159_0242_D.JPG,part3_post_def_rgb,Post_Defoliation,0.016269246116280556,0.05102250725030899,391.011474609375,5.9712910652160645,0.5775677815822533,-0.04141520708799362,0.4084515869617462,0.3882006108760834,0.35168036818504333,7.767023942636801,5912.318986209638,0.022965074452456033,0.005519377238441211,0.24787746859741686,2617.0
DJI_20250929122201_0243_D.JPG,part3_post_def_rgb,Post_Defoliation,0.01640632003545761,0.04695523902773857,355.8262634277344,5.877249240875244,0.5985507725127922,-0.03851291909813881,0.38092494010925293,0.36402183771133423,0.3307124078273773,7.712785877523375,5704.6708162610075,0.02406208117755066,0.00585093672994011,0.24335713654495358,2676.0
DJI_20250929122203_0244_D.JPG,part3_post_def_rgb,Post_Defoliation,0.014828216284513474,0.05013374611735344,389.5469665527344,5.967548370361328,0.5654382391917149,-0.04242696985602379,0.41057896614074707,0.3905430734157562,0.3556790053844452,7.778994248369416,6008.904984864238,0.022461326217444573,0.005462363569572893,0.24877632351981058,2755.0
DJI_20250929122205_0245_D.JPG,part3_post_def_rgb,Post_Defoliation,0.015069873072206974,0.04729604721069336,337.1831359863281,5.823587417602539,0.581258856895548,-0.041686054319143295,0.38772308826446533,0.36913734674453735,0.3354817032814026,7.721030677683375,5764.294428816047,0.02406485664412135,0.005800793553956617,0.24410476756548904,2735.0
DJI_20250929122207_0246_D.JPG,part3_post_def_rgb,Post_Defoliation,0.016159648075699806,0.048515211790800095,417.51336669921875,6.036708831787109,0.5897985319575941,-0.04150417074561119,0.4058193266391754,0.38650643825531006,0.3510339558124542,7.772307001839244,6026.4001918725535,0.02304300311456943,0.00550761271702704,0.25103944688378643,2825.0
DJI_20250929122209_0247_D.JPG,part3_post_def_rgb,Post_Defoliation,0.014008116908371449,0.04507341608405113,298.3388366699219,5.701576232910156,0.5787213323834911,-0.04040035977959633,0.3894580006599426,0.37133440375328064,0.33920273184776306,7.728505266740793,5814.877988931017,0.02362900611113795,0.005767154229254373,0.24717836166140028,2892.0
DJI_20250929122211_0248_D.JPG,part3_post_def_rgb,Post_Defoliation,0.01354697160422802,0.04714014008641243,320.63507080078125,5.7734174728393555,0.5653693947819959,-0.04307188838720322,0.41351786255836487,0.39240413904190063,0.35774338245391846,7.775615585229263,6075.4916982632085,0.022880256161945996,0.005485198601812721,0.25146103996026065,2482.0
DJI_20250929122213_0249_D.JPG,part3_post_def_rgb,Post_Defoliation,0.01266157254576683,0.04480244964361191,286.6983642578125,5.661912441253662,0.564327536614885,-0.04298156499862671,0.3929756283760071,0.37360841035842896,0.3415796458721161,7.734819702699852,5926.052019630626,0.02345272073708255,0.005746689529003236,0.2498526811978626,2754.0
DJI_20250929122215_0250_D.JPG,part3_post_def_rgb,Post_Defoliation,0.01309850811958313,0.04614655300974846,291.814208984375,5.679538249969482,0.5661303696724577,-0.04172999784350395,0.4170639216899872,0.396586537361145,0.3630106449127197,7.788069650484413,6111.269343964041,0.022530116582844605,0.005431754756481763,0.25717057654678505,3016.0
DJI_20250929122217_0251_D.JPG,part3_post_def_rgb,Post_Defoliation,0.01439033355563879,0.04384016618132591,296.1022033691406,5.694076061248779,0.5921832391151147,-0.039826665073633194,0.39259713888168335,0.37481391429901123,0.34264034032821655,7.742864018213758,5957.25084852006,0.02384986427207007,0.0057192054875048115,0.25361463447564025,2761.0
DJI_20250929122219_0252_D.JPG,part3_post_def_rgb,Post_Defoliation,0.014701527543365955,0.0455857589840889,290.3805847167969,5.674630165100098,0.5870671132457027,-0.03990965336561203,0.40705162286758423,0.3881893754005432,0.3546255826950073,7.771023223210236,6030.620027366683,0.023163628461185214,0.005546038022237207,0.25868843996085206,2918.0
DJI_20250929122221_0253_D.JPG,part3_post_def_rgb,Post_Defoliation,0.01594998873770237,0.04378615319728851,276.2900390625,5.625063896179199,0.6135793443790789,-0.03586903586983681,0.38747701048851013,0.37164023518562317,0.3398534059524536,7.728925566786363,5929.074360170011,0.024342048831980656,0.005804030100144373,0.25351770852734656,2779.0
DJI_20250929122223_0254_D.JPG,part3_post_def_rgb,Post_Defoliation,0.014173136092722416,0.04647780954837799,354.20550537109375,5.872696399688721,0.5753526001930325,-0.0427858904004097,0.41232654452323914,0.39227041602134705,0.3580411970615387,7.791329514103998,6162.956270639678,0.022953245688586407,0.0054293396844017575,0.2588067386438162,2745.0
DJI_20250929122225_0255_D.JPG,part3_post_def_rgb,Post_Defoliation,0.014642481692135334,0.043134454637765884,311.90911865234375,5.745913028717041,0.597888899102246,-0.03995930403470993,0.38197946548461914,0.3646547794342041,0.3326876163482666,7.717453856815811,5883.353420070939,0.024367656642056427,0.00587766441230001,0.25491958961480116,2794.0
DJI_20250929122227_0256_D.JPG,part3_post_def_rgb,Post_Defoliation,0.020538562908768654,0.04652125760912895,410.43719482421875,6.019656181335449,0.6557774726537365,-0.0364200733602047,0.399880975484848,0.3835721015930176,0.3467247188091278,7.77195984730679,6053.719430344912,0.023425440194585336,0.0055578250340119,0.26016162671064724,2943.0
DJI_20250929122229_0257_D.JPG,part3_post_def_rgb,Post_Defoliation,0.013712069019675255,0.04256238788366318,271.7632751464844,5.608604431152344,0.5900284282409535,-0.038027238100767136,0.37778380513191223,0.36184200644493103,0.3321881890296936,7.712103395960427,5822.199528345156,0.02428669340424774,0.00591481086580091,0.25640724061727915,2893.0
DJI_20250929122231_0258_D.JPG,part3_post_def_rgb,Post_Defoliation,0.015955381095409393,0.04564043506979942,383.63134765625,5.952285289764404,0.6067865842448754,-0.04118863865733147,0.4006452262401581,0.38208672404289246,0.34757283329963684,7.773544509276986,6112.515475935665,0.02283524043810574,0.005540124564520329,0.2548686054852462,2846.0
DJI_20250929122233_0259_D.JPG,part3_post_def_rgb,Post_Defoliation,0.014514590613543987,0.041934624314308167,274.8475646972656,5.619848251342773,0.606910963783436,-0.03803280368447304,0.37653008103370667,0.3606429994106293,0.33024126291275024,7.707814280985629,5837.3640686154595,0.024220323568025868,0.005934337068083577,0.2527343521640805,2805.0
DJI_20250929122235_0260_D.JPG,part3_post_def_rgb,Post_Defoliation,0.013008630834519863,0.04576125741004944,381.8878479003906,5.947741985321045,0.5723725660293532,-0.044792383909225464,0.40159085392951965,0.38109463453292847,0.3475898206233978,7.766868877018548,6121.870883531066,0.02326677478953614,0.005567941592374457,0.25295622331605416,3052.0
DJI_20250929122237_0261_D.JPG,part3_post_def_rgb,Post_Defoliation,0.012941831722855568,0.043653570115566254,345.4833679199219,5.847834587097168,0.5761162082146031,-0.0443560816347599,0.370775043964386,0.35227689146995544,0.32083696126937866,7.686487256664133,5670.153834393346,0.025241959662804292,0.006063477317102305,0.2548467957477063,2946.0
DJI_20250929122239_0262_D.JPG,part3_post_def_rgb,Post_Defoliation,0.01649283431470394,0.0479874424636364,405.225830078125,6.006909370422363,0.598188118546435,-0.0420977883040905,0.3953046500682831,0.3773934543132782,0.34298941493034363,7.756150096495096,5965.606217893836,0.02362766938522304,0.005645122348501501,0.2641687862079798,2795.0
DJI_20250929122241_0263_D.JPG,part3_post_def_rgb,Post_Defoliation,0.013261692598462105,0.04558322951197624,324.539306640625,5.785483360290527,0.5647192028985507,-0.044642124325037,0.3741203546524048,0.3559890687465668,0.324596107006073,7.694308495337231,5616.121330724071,0.025543848506441428,0.0060430781301821215,0.27210726351682046,2911.0
DJI_20250929122243_0264_D.JPG,part3_post_def_rgb,Post_Defoliation,0.011614304035902023,0.047217268496751785,332.8519592285156,5.810697555541992,0.5358620009498422,-0.0472133532166481,0.4016772508621216,0.3802826702594757,0.34727373719215393,7.774688448991546,5885.365746544766,0.023265825177983757,0.005595893157239411,0.2909793207163336,2450.0
DJI_20250929122245_0265_D.JPG,part3_post_def_rgb,Post_Defoliation,0.013316291384398937,0.04391007870435715,299.1537780761719,5.7042951583862305,0.5789618569415081,-0.0429842546582222,0.3777674734592438,0.3596501350402832,0.3282165229320526,7.7211881423093365,5709.226646587575,0.02508909190645669,0.005932942931578839,0.29230393155871065,2514.0
DJI_20250929122247_0266_D.JPG,part3_post_def_rgb,Post_Defoliation,0.013180864974856377,0.04450541362166405,302.7005310058594,5.7160420417785645,0.5738278736556669,-0.04326940327882767,0.39374879002571106,0.37467458844184875,0.3424195647239685,7.762393219513773,5869.545281158267,0.02393056465223735,0.005680866912382801,0.2934381973154893,2936.0
DJI_20250929122249_0267_D.JPG,part3_post_def_rgb,Post_Defoliation,0.013148908503353596,0.04170564189553261,290.3617248535156,5.674565315246582,0.5852940106321046,-0.04213752597570419,0.37290263175964355,0.3555816411972046,0.3251117467880249,7.709726423776337,5690.138331702544,0.02502129111948035,0.006001846012413706,0.2907537835019676,3054.0
DJI_20250929122251_0268_D.JPG,part3_post_def_rgb,Post_Defoliation,0.011506512761116028,0.0448288694024086,393.9293518066406,5.9787068367004395,0.5485400963630236,-0.04916933551430702,0.3972121477127075,0.3754723370075226,0.3422260582447052,7.769655857563006,5996.231026785714,0.023664409378388363,0.00562425778852382,0.2869843711814468,2578.0
DJI_20250929122253_0269_D.JPG,part3_post_def_rgb,Post_Defoliation,0.014392356388270855,0.04381858557462692,329.9517822265625,5.80197286605835,0.5895688271746791,-0.043895985931158066,0.37957221269607544,0.3605100214481354,0.3270554840564728,7.723080058186801,5736.196031066537,0.025101284968473116,0.005940694855419801,0.2897904137341277,2869.0
DJI_20250929122255_0270_D.JPG,part3_post_def_rgb,Post_Defoliation,0.0152393514290452,0.04635041207075119,406.0199279785156,6.008862018585205,0.5866706594509299,-0.04433305934071541,0.39598873257637024,0.3769278824329376,0.342627614736557,7.770684844292745,5966.746437744618,0.02357797794146719,0.0056290604359950785,0.28922093778446484,2508.0
DJI_20250929122257_0271_D.JPG,part3_post_def_rgb,Post_Defoliation,0.013262340798974037,0.045005135238170624,352.9276428222656,5.8690924644470215,0.5664170937126574,-0.04496648162603378,0.3818305432796478,0.363425612449646,0.3317583501338959,7.733591481153571,5803.511779904598,0.02463140443298612,0.0058544106929914646,0.28820241847964106,2656.0
DJI_20250929122259_0272_D.JPG,part3_post_def_rgb,Post_Defoliation,0.01257865596562624,0.043668147176504135,342.7483215332031,5.839909553527832,0.5627218532646996,-0.045063797384500504,0.38677215576171875,0.36709409952163696,0.33483731746673584,7.740180480032085,5823.656582528132,0.024663835678104783,0.005822842109974821,0.2896862449354725,2651.0
DJI_20250929122301_0273_D.JPG,part3_post_def_rgb,Post_Defoliation,0.015482420101761818,0.049781683832407,511.2293395996094,6.238772392272949,0.5744905130679904,-0.046320389956235886,0.4194710850715637,0.39815133810043335,0.3613492548465729,7.816574395899508,6220.65547792319,0.022859913969524675,0.0053394890900531145,0.2887150230298908,2850.0
DJI_20250929122303_0274_D.JPG,part3_post_def_rgb,Post_Defoliation,0.015057232230901718,0.04477859288454056,357.96185302734375,5.88321590423584,0.5922337473572938,-0.04284493997693062,0.3874063193798065,0.36860814690589905,0.33475273847579956,7.73860229471142,5782.29920651908,0.024816313026039937,0.005821238075040111,0.28796447628620947,2599.0
DJI_20250929122305_0275_D.JPG,part3_post_def_rgb,Post_Defoliation,0.01461665891110897,0.049504026770591736,473.9246520996094,6.163156032562256,0.5672945008732421,-0.045264750719070435,0.41664522886276245,0.3960670530796051,0.36087220907211304,7.81444611310176,6170.384887934199,0.02281427766634144,0.005361984420300938,0.2882279186835374,2694.0
DJI_20250929122307_0276_D.JPG,part3_post_def_rgb,Post_Defoliation,0.01632089726626873,0.04588223621249199,352.8812255859375,5.868961334228516,0.6037125233630543,-0.04215414077043533,0.38949647545814514,0.37093454599380493,0.33605167269706726,7.74448305427017,5764.492883133562,0.024494404132035758,0.00578354432602162,0.2936471320373215,2665.0
DJI_20250929122309_0277_D.JPG,part3_post_def_rgb,Post_Defoliation,0.015704263001680374,0.04864457994699478,450.6089172363281,6.11281681060791,0.5819451466127401,-0.04552043229341507,0.4097302258014679,0.38868775963783264,0.35194098949432373,7.790686815084829,6030.668660561398,0.022764175688252127,0.0054911891677052295,0.28862978768559094,2694.0
DJI_20250929122311_0278_D.JPG,part3_post_def_rgb,Post_Defoliation,0.01608956977725029,0.048701658844947815,379.2348937988281,5.940789222717285,0.5858992956613659,-0.041964393109083176,0.39975103735923767,0.3810845911502838,0.34632861614227295,7.773623352063102,5863.96246636497,0.023787504780431692,0.005614309713939552,0.29634637367233163,2686.0
DJI_20250929122313_0279_D.JPG,part3_post_def_rgb,Post_Defoliation,0.01734435372054577,0.04841533303260803,383.4478759765625,5.951808452606201,0.6010917919079573,-0.04148145765066147,0.4023037552833557,0.38294389843940735,0.34623968601226807,7.773810673925997,5869.853236607142,0.024194168905791402,0.005589811603722493,0.2909590757736176,2649.0
DJI_20250929122315_0280_D.JPG,part3_post_def_rgb,Post_Defoliation,0.01715533621609211,0.04916887730360031,373.3038635253906,5.925067901611328,0.5965990957349021,-0.03963259607553482,0.395224392414093,0.3774619400501251,0.3425441384315491,7.763821117600857,5816.222377232143,0.023779549310996746,0.005650996378489048,0.29049922005168827,2502.0
DJI_20250929122317_0281_D.JPG,part3_post_def_rgb,Post_Defoliation,0.016407711431384087,0.0520305410027504,415.7464904785156,6.032478332519531,0.5711765021294849,-0.0430300347507,0.41786834597587585,0.39693236351013184,0.359588623046875,7.802100896993987,5993.875745321673,0.02254681274830107,0.0053993121086611095,0.2855923803674589,2925.0
DJI_20250929122319_0282_D.JPG,part3_post_def_rgb,Post_Defoliation,0.01817774958908558,0.05044890567660332,380.5221862792969,5.944169044494629,0.5985906524803137,-0.037667982280254364,0.39771270751953125,0.38036856055259705,0.3448466658592224,7.767320351744104,5802.149614726028,0.02387634613747154,0.005620028791642678,0.2883914856472187,2551.0
DJI_20250929122321_0283_D.JPG,part3_post_def_rgb,Post_Defoliation,0.018475616350769997,0.05275224521756172,517.5116577148438,6.250962734222412,0.591166084505316,-0.04299287870526314,0.41919371485710144,0.39853018522262573,0.3593912124633789,7.807263556222769,6004.2565894080235,0.022978219780897167,0.005366957799755866,0.28350005647253607,2971.0
DJI_20250929122323_0284_D.JPG,part3_post_def_rgb,Post_Defoliation,0.01576474867761135,0.050039615482091904,425.79046630859375,6.05629301071167,0.5699218869687778,-0.043926551938056946,0.401425302028656,0.3805816173553467,0.3439731001853943,7.7648484908230335,5722.1032404293055,0.02387748355653818,0.00562128872877713,0.2883552308643217,2608.0
DJI_20250929122325_0285_D.JPG,part3_post_def_rgb,Post_Defoliation,0.017877275124192238,0.05096156895160675,410.3072509765625,6.019340515136719,0.5922299173484082,-0.03959086909890175,0.41520217061042786,0.39585888385772705,0.35863834619522095,7.791866649030163,5849.973642367905,0.02255977989388137,0.005427363651106633,0.2834594678084537,3114.0
DJI_20250929122327_0286_D.JPG,part3_post_def_rgb,Post_Defoliation,0.018968507647514343,0.049693990498781204,382.787109375,5.950088024139404,0.6127269759015841,-0.038866154849529266,0.40116000175476074,0.3827303647994995,0.34533220529556274,7.767171231818329,5671.062614664873,0.02362990837223323,0.005600942489382527,0.2904826572125445,2934.0
DJI_20250929122329_0287_D.JPG,part3_post_def_rgb,Post_Defoliation,0.0176058579236269,0.050379395484924316,440.57421875,6.090346336364746,0.5912248272665993,-0.04103816673159599,0.4107831120491028,0.3908320963382721,0.35327523946762085,7.78542658815993,5796.950281311155,0.023194616318550812,0.0054752119891520795,0.2878834138156545,2943.0
DJI_20250929122331_0288_D.JPG,part3_post_def_rgb,Post_Defoliation,0.015968525782227516,0.04776034504175186,340.89569091796875,5.834505558013916,0.5815440010570825,-0.039967622607946396,0.3871587812900543,0.36887219548225403,0.33461713790893555,7.736142885847641,5468.0954279293055,0.024672024229609207,0.005801664867273059,0.2989704576274987,2928.0
DJI_20250929122333_0289_D.JPG,part3_post_def_rgb,Post_Defoliation,0.019757116213440895,0.05222487822175026,517.947265625,6.251802444458008,0.6059356998958237,-0.04135065898299217,0.4080043435096741,0.3881106674671173,0.3484598696231842,7.786607415635736,5764.29195969912,0.023099987977321428,0.005489594673395585,0.2925448762438778,2626.0
DJI_20250929122335_0290_D.JPG,part3_post_def_rgb,Post_Defoliation,0.016638286411762238,0.05018327757716179,422.50634765625,6.0485687255859375,0.5752550785917824,-0.04387640208005905,0.3863382339477539,0.36640921235084534,0.3298419117927551,7.730550570809813,5512.283436276908,0.02459177347606136,0.005841337196418212,0.29378912125150486,2513.0
DJI_20250929122337_0291_D.JPG,part3_post_def_rgb,Post_Defoliation,0.017166411504149437,0.052491962909698486,432.16766357421875,6.071125030517578,0.5722622617734473,-0.043289702385663986,0.401618093252182,0.3815113604068756,0.34423816204071045,7.764844500285521,5709.338739145058,0.02349342697416435,0.0055971239439639164,0.286095373763469,2748.0
DJI_20250929122339_0292_D.JPG,part3_post_def_rgb,Post_Defoliation,0.015587421134114265,0.05064842104911804,389.5994873046875,5.967682838439941,0.560671122882005,-0.04472286254167557,0.37996479868888855,0.36108994483947754,0.3266276717185974,7.715321755019268,5489.138572498778,0.024481546511980343,0.005896144866074286,0.2858217736922971,2295.0
DJI_20250929122341_0293_D.JPG,part3_post_def_rgb,Post_Defoliation,0.01673797518014908,0.053685735911130905,455.40704345703125,6.123384952545166,0.5635951431657321,-0.04651730880141258,0.402088463306427,0.3807124197483063,0.34259840846061707,7.758753937535167,5721.269653559199,0.023280591736022236,0.005605525349810807,0.28067095214998267,2550.0
DJI_20250929122343_0294_D.JPG,part3_post_def_rgb,Post_Defoliation,0.017190612852573395,0.05200566351413727,427.4028015136719,6.06006383895874,0.5782399002665686,-0.045437607914209366,0.38047149777412415,0.3612833023071289,0.3249044418334961,7.710348254321042,5536.047020242172,0.024555505942442806,0.005901418167819277,0.28045646416487413,2882.0
DJI_20250929122345_0295_D.JPG,part3_post_def_rgb,Post_Defoliation,0.01767396181821823,0.05439108610153198,558.8245849609375,6.32762336730957,0.5763586477770628,-0.048404183238744736,0.40385979413986206,0.38151952624320984,0.3415052890777588,7.764295781836813,5758.650967771527,0.022991595990322376,0.005567695609724055,0.2785625224513449,2819.0
DJI_20250929122347_0296_D.JPG,part3_post_def_rgb,Post_Defoliation,0.015357020311057568,0.05098900943994522,432.5561218261719,6.072021484375,0.5630376374973189,-0.0484442375600338,0.3825300633907318,0.3612558841705322,0.32462459802627563,7.703402862640856,5483.773124082681,0.02460210929797965,0.005924062009595723,0.27640123716864323,2940.0
DJI_20250929122349_0297_D.JPG,part3_post_def_rgb,Post_Defoliation,0.013022912666201591,0.05257526412606239,482.4384460449219,6.180923938751221,0.5285824466862763,-0.052856720983982086,0.39913687109947205,0.37440359592437744,0.3366474509239197,7.741959417926296,5607.622798434442,0.02344004694832668,0.005687089993880737,0.27579521577187194,3011.0
DJI_20250929122351_0298_D.JPG,part3_post_def_rgb,Post_Defoliation,0.01661989651620388,0.051988184452056885,438.91705322265625,6.086585998535156,0.572465826745718,-0.049284741282463074,0.3829980194568634,0.36114615201950073,0.32267436385154724,7.7066734383736275,5412.665040973581,0.024816623540152502,0.005915458558698707,0.2817154830193079,2937.0
DJI_20250929122353_0299_D.JPG,part3_post_def_rgb,Post_Defoliation,0.015047614462673664,0.05369371548295021,515.549072265625,6.247170448303223,0.5458835064497349,-0.054552461951971054,0.40269291400909424,0.37674829363822937,0.3357560634613037,7.748184211665278,5550.27890319227,0.023638320600304342,0.005650618281122326,0.28176417783930297,3004.0
DJI_20250929122355_0300_D.JPG,part3_post_def_rgb,Post_Defoliation,0.0140420813113451,0.05218561366200447,532.0250854492188,6.278568267822266,0.5375825845665962,-0.05854019150137901,0.3869035243988037,0.3601960241794586,0.31944647431373596,7.708153303081688,5336.656085647015,0.024778299106589106,0.005898469736729544,0.28756611967675183,3018.0
DJI_20250929122357_0301_D.JPG,part3_post_def_rgb,Post_Defoliation,0.01596004143357277,0.054852958768606186,582.1329345703125,6.368415355682373,0.5482482975610503,-0.057560089975595474,0.40786731243133545,0.37966644763946533,0.33550551533699036,7.754213631832359,5529.55588383684,0.023193800398507214,0.005607279676074017,0.28071116352136655,2845.0
DJI_20250929122359_0302_D.JPG,part3_post_def_rgb,Post_Defoliation,0.016871441155672073,0.05328619107604027,596.2262573242188,6.392295837402344,0.5644251539663572,-0.05750996619462967,0.38510802388191223,0.3589482605457306,0.3159169852733612,7.702233281758996,5259.272030944227,0.024864761767075638,0.005930418495507689,0.2866534761597202,3106.0
DJI_20250929122401_0303_D.JPG,part3_post_def_rgb,Post_Defoliation,0.016647085547447205,0.05625230073928833,622.779296875,6.435796737670898,0.5484014979164752,-0.05823958292603493,0.4064178466796875,0.3777739703655243,0.3324830234050751,7.748923476617574,5476.9602762659015,0.023614037328052787,0.005635500156350676,0.28102701851721107,2491.0
DJI_20250929122403_0304_D.JPG,part3_post_def_rgb,Post_Defoliation,0.01599074713885784,0.053708747029304504,555.3577270507812,6.321411609649658,0.5505382119986518,-0.058132484555244446,0.3803892135620117,0.3540973365306854,0.3118147850036621,7.688547788317909,5197.436651479942,0.024965379244769666,0.00600844237388849,0.28300675516766466,2856.0
DJI_20250929122405_0305_D.JPG,part3_post_def_rgb,Post_Defoliation,0.016593242064118385,0.05615000054240227,593.2811279296875,6.387352466583252,0.5465721420473696,-0.05887821316719055,0.39600640535354614,0.3681331276893616,0.32366666197776794,7.720773924780711,5393.757873654598,0.024042428699710364,0.005777858782477318,0.2709320994807575,2808.0
DJI_20250929122407_0306_D.JPG,part3_post_def_rgb,Post_Defoliation,0.015461132861673832,0.054788023233413696,494.1012878417969,6.2047624588012695,0.5401073742991084,-0.05741404742002487,0.38654109835624695,0.3594890236854553,0.316975861787796,7.691998348195705,5249.346949149951,0.024453592402819205,0.00595641799685465,0.2722831430348922,3099.0
DJI_20250929122409_0307_D.JPG,part3_post_def_rgb,Post_Defoliation,0.017337840050458908,0.057261642068624496,571.98876953125,6.350866317749023,0.5510326182706744,-0.058558233082294464,0.40598127245903015,0.3766796588897705,0.33004018664360046,7.735170505285922,5448.923377109833,0.023472815815337587,0.005677958329446108,0.2674298854865414,3116.0
DJI_20250929122411_0308_D.JPG,part3_post_def_rgb,Post_Defoliation,0.01679646596312523,0.05238236114382744,410.0264892578125,6.018657684326172,0.5634392618040874,-0.05450950190424919,0.3843202292919159,0.3581766188144684,0.31523653864860535,7.678066726006668,5050.44567560543,0.024787792651542642,0.00605369537200489,0.28068560318067165,3218.0
DJI_20250929122413_0309_D.JPG,part3_post_def_rgb,Post_Defoliation,0.01781827211380005,0.058796677738428116,513.0969848632812,6.242412090301514,0.5531107810920122,-0.0563189871609211,0.4322861135005951,0.4020632207393646,0.35402193665504456,7.795288655010036,5510.531681904355,0.022480445821033642,0.005377052416345709,0.2912198875242152,2994.0
DJI_20250929122415_0310_D.JPG,part3_post_def_rgb,Post_Defoliation,0.016881462186574936,0.050054602324962616,343.39239501953125,5.8417816162109375,0.5779143973864019,-0.051852546632289886,0.3803250193595886,0.35488852858543396,0.31257057189941406,7.668728727956251,4910.661169123043,0.025627589908043372,0.0061459070416923405,0.29466135208902927,3418.0
DJI_20250929122417_0311_D.JPG,part3_post_def_rgb,Post_Defoliation,0.019250240176916122,0.05406631529331207,564.4417114257812,6.337607383728027,0.5887222994607347,-0.05575494095683098,0.40190163254737854,0.37376680970191956,0.3263816833496094,7.736595792260459,5284.7117745535725,0.0238823639897233,0.00573923620690498,0.29139125933146715,2966.0
DJI_20250929122419_0312_D.JPG,part3_post_def_rgb,Post_Defoliation,0.014939768239855766,0.05061977356672287,390.53851318359375,5.970083713531494,0.5530910086711401,-0.05673559010028839,0.38525068759918213,0.35744988918304443,0.3147093653678894,7.691120887567881,4941.409342129403,0.02529797793699694,0.006037399255705672,0.30580780464478746,3267.0
DJI_20250929122421_0313_D.JPG,part3_post_def_rgb,Post_Defoliation,0.01870465837419033,0.053583260625600815,523.956787109375,6.2633161544799805,0.58310147417042,-0.05456474795937538,0.4040999412536621,0.3766515851020813,0.330498605966568,7.748312400901417,5296.574421324609,0.024204997222886188,0.00567690397808388,0.2988760635673045,3007.0
DJI_20250929122424_0314_D.JPG,part3_post_def_rgb,Post_Defoliation,0.017477644607424736,0.05040154233574867,403.5469970703125,6.002768039703369,0.5829380285412262,-0.05349868908524513,0.377423495054245,0.3520089387893677,0.3091167211532593,7.676141455371449,4861.957058005137,0.025733141168758803,0.006127247060688292,0.30558976396067566,3389.0
DJI_20250929122425_0315_D.JPG,part3_post_def_rgb,Post_Defoliation,0.019017919898033142,0.053176555782556534,419.9285888671875,6.042463302612305,0.5885461190519962,-0.050667889416217804,0.3922058939933777,0.36707016825675964,0.32291653752326965,7.7081711724763515,5078.2995390472115,0.02545989260057347,0.005905940400528252,0.29768336240959486,2821.0
DJI_20250929122427_0316_D.JPG,part3_post_def_rgb,Post_Defoliation,0.018233230337500572,0.055258285254240036,413.4830017089844,6.027031898498535,0.5677821567546036,-0.05125366896390915,0.41943469643592834,0.3915235996246338,0.34537920355796814,7.757347865743704,5353.492634693004,0.02317822437536806,0.005578488944596335,0.28373993366795675,2561.0
DJI_20250929122429_0317_D.JPG,part3_post_def_rgb,Post_Defoliation,0.015776952728629112,0.05489388480782509,323.5131530761719,5.7823262214660645,0.5468376574133652,-0.05072183161973953,0.40756863355636597,0.3804849684238434,0.33762437105178833,7.731645266252674,5158.842542196673,0.024327469113784472,0.005766942076089028,0.2930863426065728,2695.0
DJI_20250929122431_0318_D.JPG,part3_post_def_rgb,Post_Defoliation,0.020561665296554565,0.057014498859643936,315.0371398925781,5.755859851837158,0.5857366639090603,-0.044545307755470276,0.41872358322143555,0.39466986060142517,0.3500545620918274,7.751337562360079,5227.462791248776,0.02383416258694458,0.005644606688928232,0.29416717837070344,2955.0
DJI_20250929122433_0319_D.JPG,part3_post_def_rgb,Post_Defoliation,0.024344341829419136,0.0536680594086647,181.65623474121094,5.207605838775635,0.6450714488157613,-0.03234133869409561,0.39649683237075806,0.3794976770877838,0.3381541669368744,7.693868449494607,4914.101795651907,0.02609154856483466,0.006104397257903669,0.3178038480156284,3158.0
DJI_20250929122435_0320_D.JPG,part3_post_def_rgb,Post_Defoliation,0.01921399123966694,0.0523870512843132,102.11443328857422,4.635839462280273,0.5920239107454729,-0.027560707181692123,0.39734533429145813,0.38288870453834534,0.3492181599140167,7.6847365697329035,4890.760415392613,0.026277679246102633,0.006195572027884675,0.3184380909594607,3249.0
DJI_20250929122437_0321_D.JPG,part3_post_def_rgb,Post_Defoliation,0.013718185015022755,0.04874477535486221,38.25151443481445,3.669990062713623,0.5385855681435181,-0.021720025688409805,0.3859747350215912,0.3755253851413727,0.3513578474521637,7.624740399644001,4756.571810787671,0.027643904796763836,0.006589101511739996,0.3111594017133291,3579.0
DJI_20250929122439_0322_D.JPG,part3_post_def_rgb,Post_Defoliation,0.012373470701277256,0.04666779935359955,10.445915222167969,2.4376327991485596,0.5270753860648957,-0.018087785691022873,0.4157915711402893,0.40647026896476746,0.3847755491733551,7.570938990575051,4684.699772963551,0.027027963792833478,0.006777056679296419,0.27946298896050936,3510.0
DJI_20250929122441_0323_D.JPG,part3_post_def_rgb,Post_Defoliation,0.015537571161985397,0.04539012536406517,6.686038017272949,2.039405345916748,0.576734946150075,-0.013886112719774246,0.42043352127075195,0.4139105975627899,0.39184999465942383,7.532264215049429,4664.645857540363,0.02726105108376398,0.006991387051526253,0.26645226897386226,3667.0
DJI_20250929122444_0324_D.JPG,part3_post_def_rgb,Post_Defoliation,0.014669409953057766,0.04566710442304611,18.852439880371094,2.9883270263671875,0.5685829158623648,-0.0173457320779562,0.41562792658805847,0.40628910064697266,0.38228094577789307,7.581826579849747,4778.0904094300395,0.027176429823386642,0.006704565902241638,0.26780540380881457,3768.0
DJI_20250929122445_0325_D.JPG,part3_post_def_rgb,Post_Defoliation,0.01054418459534645,0.044160936027765274,19.310365676879883,3.0111312866210938,0.5202550977418268,-0.018950510770082474,0.4047102928161621,0.39485061168670654,0.3744467496871948,7.5771046348337325,4758.067250947897,0.02689801589264594,0.0067048295502197645,0.2526138536705029,3601.0
DJI_20250929122447_0326_D.JPG,part3_post_def_rgb,Post_Defoliation,0.012800308875739574,0.0477631539106369,17.97092628479004,2.9429075717926025,0.5295844248858658,-0.015310412272810936,0.4248119592666626,0.4165010154247284,0.3953897953033447,7.607842987186102,4880.410813661938,0.025622161509054688,0.006447862834964832,0.25434961525698163,3556.0
DJI_20250929122450_0327_D.JPG,part3_post_def_rgb,Post_Defoliation,0.011978697963058949,0.04865546151995659,40.79573059082031,3.7327942848205566,0.5148665146153139,-0.019082652404904366,0.4064122140407562,0.3955916464328766,0.37279242277145386,7.628385701011628,4836.873658420988,0.02647449987589947,0.006419707243147541,0.2816697331866965,3827.0
DJI_20250929122451_0328_D.JPG,part3_post_def_rgb,Post_Defoliation,0.009041168726980686,0.04916469752788544,67.6589584350586,4.229151725769043,0.4824108756932316,-0.024189334362745285,0.3923909068107605,0.37861934304237366,0.3558066189289093,7.64567535962083,4751.317931292808,0.026780431096368296,0.006308247794324161,0.28101117357083455,3613.0
DJI_20250929122453_0329_D.JPG,part3_post_def_rgb,Post_Defoliation,0.019576553255319595,0.0544704906642437,134.4187774658203,4.908371925354004,0.5834038054968288,-0.030128352344036102,0.41331884264945984,0.395689457654953,0.35848355293273926,7.687405045106509,5035.498857173436,0.02523190125470592,0.006010642387940134,0.25850119177292424,3307.0
DJI_20250929122455_0330_D.JPG,part3_post_def_rgb,Post_Defoliation,0.016950398683547974,0.051144205033779144,72.56643676757812,4.29818868637085,0.5735481393816834,-0.021210571750998497,0.41090744733810425,0.39885905385017395,0.3698602318763733,7.696693244198005,5100.7204661509295,0.025463531461490184,0.0060010822737155195,0.27409950018518103,3031.0
DJI_20250929122457_0331_D.JPG,part3_post_def_rgb,Post_Defoliation,0.014580422081053257,0.04486444965004921,13.874104499816895,2.6996216773986816,0.5696756652725434,-0.011974107474088669,0.3871304392814636,0.38191404938697815,0.3621172606945038,7.552398066551638,4517.6676935543055,0.028573703393667632,0.007050879165827772,0.2783378438510112,3750.0
DJI_20250929122459_0332_D.JPG,part3_post_def_rgb,Post_Defoliation,0.016595643013715744,0.046527374535799026,6.506252288818359,2.0157363414764404,0.5861114781536293,-0.013524631969630718,0.4324299395084381,0.42544642090797424,0.40186721086502075,7.553306183810505,4728.316398605675,0.026861670804892317,0.0068357379475114145,0.26301120026753694,3673.0
DJI_20250929122501_0333_D.JPG,part3_post_def_rgb,Post_Defoliation,0.01675805263221264,0.044954437762498856,6.265993118286133,1.983204960823059,0.5966276293011,-0.01455057505518198,0.41890788078308105,0.4118231534957886,0.38798028230667114,7.515645386239663,4596.497561460372,0.028373911885829547,0.007152988832146667,0.26731704239865206,3649.0
DJI_20250929122503_0334_D.JPG,part3_post_def_rgb,Post_Defoliation,0.017769187688827515,0.045589473098516464,6.615620136260986,2.0302014350891113,0.607923570257683,-0.015222516842186451,0.4297149181365967,0.42197927832603455,0.3964744210243225,7.535737183461012,4639.627717557485,0.027660958992973248,0.006978988098086059,0.2713117269753517,3668.0
DJI_20250929122505_0335_D.JPG,part3_post_def_rgb,Post_Defoliation,0.01744900643825531,0.04571249708533287,7.0002522468566895,2.0794730186462402,0.603613565508472,-0.016599632799625397,0.4235008955001831,0.41501450538635254,0.38907909393310547,7.516172551246296,4567.975786601028,0.028323853746480887,0.007122877852458507,0.2690704554156411,3723.0
DJI_20250929122507_0336_D.JPG,part3_post_def_rgb,Post_Defoliation,0.016211364418268204,0.0466640405356884,6.035612106323242,1.9509847164154053,0.5822911400404449,-0.017908770591020584,0.4296155869960785,0.4202727973461151,0.3947187066078186,7.508396827996931,4562.10183005137,0.027761639542145045,0.007116416365525418,0.2601509199150918,3415.0
DJI_20250929122509_0337_D.JPG,part3_post_def_rgb,Post_Defoliation,0.017706597223877907,0.04628458246588707,4.685552597045898,1.7379282712936401,0.6031383571559886,-0.01476263627409935,0.4216785728931427,0.41496461629867554,0.3905440866947174,7.465450428522052,4420.750149064335,0.029024628434992657,0.007437215566347605,0.26186665719013963,3627.0
DJI_20250929122511_0338_D.JPG,part3_post_def_rgb,Post_Defoliation,0.019237658008933067,0.04637634754180908,2.741297721862793,1.3194324970245361,0.6220222159665411,-0.012590138241648674,0.43154439330101013,0.4258893132209778,0.4009966254234314,7.457459729554646,4394.073897688357,0.028665913867363717,0.0074438460532126605,0.2644596228146348,3564.0
DJI_20250929122513_0339_D.JPG,part3_post_def_rgb,Post_Defoliation,0.019870128482580185,0.04715221747756004,3.64272141456604,1.5353007316589355,0.6228237889511904,-0.015144065022468567,0.42689749598503113,0.4197256565093994,0.3926836848258972,7.4529931052930305,4388.730931231654,0.029303167584004072,0.00750452027792834,0.2672632596479759,3694.0
DJI_20250929122515_0340_D.JPG,part3_post_def_rgb,Post_Defoliation,0.018816830590367317,0.047862425446510315,3.834225654602051,1.5757209062576294,0.6049591433802126,-0.016336750239133835,0.4359451234340668,0.4277268648147583,0.4006918668746948,7.48074515305582,4409.8620008255875,0.028864498157838484,0.00730783562516086,0.27615943230779033,3498.0
DJI_20250929122518_0341_D.JPG,part3_post_def_rgb,Post_Defoliation,0.018011542037129402,0.04782429710030556,4.419484615325928,1.6900007724761963,0.5943815205901277,-0.01826559565961361,0.42783814668655396,0.4188070595264435,0.3917645215988159,7.454870615225859,4381.666409307729,0.02990552025745355,0.007538862954537737,0.2745957398179189,3657.0
DJI_20250929122519_0342_D.JPG,part3_post_def_rgb,Post_Defoliation,0.018584584817290306,0.04804666340351105,4.13878059387207,1.6368157863616943,0.6030939769280265,-0.017053617164492607,0.43266260623931885,0.4242856204509735,0.3973240256309509,7.466047741219676,4360.866732662672,0.02872776941902529,0.007428164455328455,0.2774278400275594,3563.0
DJI_20250929122521_0343_D.JPG,part3_post_def_rgb,Post_Defoliation,0.01733355224132538,0.04723932966589928,4.532461643218994,1.7106328010559082,0.592082605631645,-0.01836465857923031,0.42897942662239075,0.4199177622795105,0.3935225307941437,7.456048977512886,4323.468841731898,0.029459376733537136,0.007505976742504676,0.27981430654469996,3491.0
DJI_20250929122523_0344_D.JPG,part3_post_def_rgb,Post_Defoliation,0.017844798043370247,0.04710797592997551,3.3259103298187256,1.4646226167678833,0.6022332781812054,-0.016821548342704773,0.4353722333908081,0.4270681142807007,0.4009191393852234,7.462594350890323,4325.426522749511,0.028815020859792696,0.007441263379035357,0.27903073173818327,3499.0
DJI_20250929122525_0345_D.JPG,part3_post_def_rgb,Post_Defoliation,0.01721630059182644,0.04678213223814964,3.173322916030884,1.4287126064300537,0.5967174430094678,-0.018306873738765717,0.42863890528678894,0.41971227526664734,0.39356935024261475,7.452513076014479,4308.353821397995,0.029806549050069926,0.007547679704056731,0.27720035921587755,3420.0
DJI_20250929122527_0346_D.JPG,part3_post_def_rgb,Post_Defoliation,0.016179073601961136,0.047839030623435974,4.265918254852295,1.6612554788589478,0.5781356282746576,-0.020178787410259247,0.4368813633918762,0.4265531301498413,0.400045782327652,7.475554924581907,4397.702647229697,0.029039490397551455,0.007355288079881333,0.2790697200787712,3570.0
DJI_20250929122529_0347_D.JPG,part3_post_def_rgb,Post_Defoliation,0.016319451853632927,0.04657541960477829,4.171619415283203,1.6431858539581299,0.586101711630971,-0.019582699984312057,0.42590513825416565,0.4164644479751587,0.3907042443752289,7.450738871309615,4343.802317759295,0.029394363137296275,0.007558266522407234,0.2743468209082331,3547.0
DJI_20250929122531_0348_D.JPG,part3_post_def_rgb,Post_Defoliation,0.017217077314853668,0.04753826558589935,4.421499252319336,1.690372347831726,0.5935236464748598,-0.020069070160388947,0.43553999066352844,0.4254375696182251,0.39811813831329346,7.47908682293244,4467.089301002936,0.02842442614311254,0.007307071937869508,0.27076575435542016,3384.0
DJI_20250929122533_0349_D.JPG,part3_post_def_rgb,Post_Defoliation,0.020092343911528587,0.04696515575051308,4.507196426391602,1.7060556411743164,0.6338088289364832,-0.015763161703944206,0.4222298562526703,0.4154810309410095,0.3886398673057556,7.46811121353742,4425.796500428082,0.02908581722695508,0.007476563957984433,0.2744860626566551,3487.0
DJI_20250929122535_0350_D.JPG,part3_post_def_rgb,Post_Defoliation,0.017604069784283638,0.04803086444735527,4.9166083335876465,1.7777633666992188,0.5932879094279498,-0.01939166709780693,0.43333399295806885,0.4237990081310272,0.3966600000858307,7.4910622250531755,4526.62388010641,0.028167669013146966,0.007269499225417156,0.27260231128965295,3387.0
DJI_20250929122538_0351_D.JPG,part3_post_def_rgb,Post_Defoliation,0.016855809837579727,0.047471046447753906,6.421246528625488,2.004347085952759,0.5866855486104727,-0.018870463594794273,0.4185928702354431,0.4100349247455597,0.38462117314338684,7.486651506413292,4509.715676981409,0.02857506958889967,0.0073442485519151866,0.27133179372459776,3337.0
DJI_20250929122539_0352_D.JPG,part3_post_def_rgb,Post_Defoliation,0.01504808384925127,0.04909238964319229,10.754783630371094,2.4642603397369385,0.5577169891534148,-0.022578170523047447,0.42836129665374756,0.4168798625469208,0.390350341796875,7.549606803814832,4690.39372859589,0.027152678756003294,0.00686653953225911,0.2698772781908352,3260.0
DJI_20250929122541_0353_D.JPG,part3_post_def_rgb,Post_Defoliation,0.013193346560001373,0.04741351678967476,21.52818489074707,3.114767074584961,0.5439604111131537,-0.02463531121611595,0.404522180557251,0.39244574308395386,0.36717596650123596,7.582517695576336,4673.2820373654595,0.027252414668917774,0.006736814185461586,0.28159149132892064,3380.0
DJI_20250929122543_0354_D.JPG,part3_post_def_rgb,Post_Defoliation,0.009728452190756798,0.04808152839541435,33.01954650878906,3.526935338973999,0.5028154395318197,-0.028414255008101463,0.40818190574645996,0.3938565254211426,0.3698027729988098,7.635817635110022,4934.839021985079,0.02563785753834829,0.006319279519439026,0.26676039204049534,2932.0
DJI_20250929122545_0355_D.JPG,part3_post_def_rgb,Post_Defoliation,0.014068015851080418,0.04184766486287117,69.79227447509766,4.259749889373779,0.5875651580261666,-0.027639569714665413,0.3347489535808563,0.32383328676223755,0.29884955286979675,7.465467905362172,3979.8711013943257,0.028919233943803177,0.007335746910899786,0.25984161659091637,3545.0
DJI_20250929122548_0356_D.JPG,part3_post_def_rgb,Post_Defoliation,0.016715772449970245,0.049962833523750305,156.6479949951172,5.060364723205566,0.5817306182400344,-0.039694059640169144,0.3869904577732086,0.36758872866630554,0.3314712345600128,7.649695431442708,4909.005851730675,0.025292490635447116,0.0062340142915519115,0.270086795912734,3007.0
DJI_20250929122550_0357_D.JPG,part3_post_def_rgb,Post_Defoliation,0.017796117812395096,0.048039454966783524,170.84625244140625,5.146600246429443,0.5999392943591629,-0.03840060159564018,0.3726080060005188,0.3549955189228058,0.31958696246147156,7.629969869750879,4778.531823324363,0.02605047101770766,0.006383110810990448,0.27322361410057977,2921.0
DJI_20250929122552_0358_D.JPG,part3_post_def_rgb,Post_Defoliation,0.01849941536784172,0.05070681869983673,164.1799774169922,5.1070356369018555,0.5990562858105831,-0.036829624325037,0.39612412452697754,0.37840989232063293,0.3421962559223175,7.706869984215897,5218.194223183708,0.02477107861041747,0.005948090995310219,0.2881152255088461,3043.0
DJI_20250929122554_0359_D.JPG,part3_post_def_rgb,Post_Defoliation,0.019447656348347664,0.05465643107891083,299.5456848144531,5.705599784851074,0.5957270505867573,-0.041053686290979385,0.42252054810523987,0.4015234410762787,0.361078679561615,7.7794056595506555,5596.798048403865,0.023029046585835558,0.005484641936391199,0.2815344681131856,2578.0
DJI_20250929122555_0360_D.JPG,part3_post_def_rgb,Post_Defoliation,0.016451330855488777,0.047671955078840256,278.84954833984375,5.634252071380615,0.5927004818151178,-0.041665878146886826,0.3709273040294647,0.3529667854309082,0.31855496764183044,7.655637313500098,5157.18113609956,0.025185387207322996,0.0062247391580415225,0.26837248806196295,2960.0
DJI_20250929122558_0361_D.JPG,part3_post_def_rgb,Post_Defoliation,0.01754944398999214,0.05238141119480133,415.5028991699219,6.031893253326416,0.586079210328768,-0.043601684272289276,0.40203410387039185,0.3813486099243164,0.34311366081237793,7.743730210639626,5630.2877629647755,0.023214509218739188,0.005675101027435316,0.26659648282050885,2939.0
DJI_20250929122559_0362_D.JPG,part3_post_def_rgb,Post_Defoliation,0.01601382903754711,0.04796532914042473,333.9736022949219,5.814051628112793,0.5848886520666728,-0.042946331202983856,0.36831241846084595,0.3501954674720764,0.31606465578079224,7.661355967818266,5214.566887842466,0.025458170608198584,0.006207219434952749,0.27221343597238146,2608.0
DJI_20250929122602_0363_D.JPG,part3_post_def_rgb,Post_Defoliation,0.01816103607416153,0.05289328843355179,433.6278991699219,6.074490070343018,0.5903109871464902,-0.042924392968416214,0.40220075845718384,0.3818022310733795,0.34324267506599426,7.745351101052095,5682.556506849314,0.02306664589899001,0.005660594810165286,0.2671389677796161,2779.0
DJI_20250929122604_0364_D.JPG,part3_post_def_rgb,Post_Defoliation,0.016678785905241966,0.04945921152830124,385.8697509765625,5.958087921142578,0.5878855382694488,-0.042491938918828964,0.3760691285133362,0.3571915924549103,0.3216351866722107,7.680143990398638,5400.038687928082,0.02463059581900154,0.006048894167977985,0.2629673513220321,2632.0
DJI_20250929122605_0365_D.JPG,part3_post_def_rgb,Post_Defoliation,0.018182985484600067,0.053505636751651764,449.9844055175781,6.1114325523376465,0.5832354287311946,-0.043233778327703476,0.4104529917240143,0.38907888531684875,0.3495217263698578,7.764993015031111,5709.734703705969,0.023326086709521306,0.005541672885829413,0.26462089966773006,2652.0
DJI_20250929122607_0366_D.JPG,part3_post_def_rgb,Post_Defoliation,0.014345797710120678,0.05000730976462364,411.3992919921875,6.021992206573486,0.5558224273830316,-0.04435931518673897,0.38832345604896545,0.36744338274002075,0.3322175145149231,7.710965611882157,5500.108923984835,0.023985465284019347,0.00585049477036724,0.2586674464340172,2837.0
DJI_20250929122609_0367_D.JPG,part3_post_def_rgb,Post_Defoliation,0.014339979737997055,0.051806725561618805,432.6861267089844,6.072320938110352,0.5455515883046849,-0.0445946604013443,0.40730029344558716,0.3847518861293793,0.34786346554756165,7.753879698388722,5680.602732081703,0.023471665913924578,0.005596114405561297,0.2585688085409321,2745.0
DJI_20250929122611_0368_D.JPG,part3_post_def_rgb,Post_Defoliation,0.014674650505185127,0.049450650811195374,354.5880126953125,5.873772621154785,0.5598015193645249,-0.0415467731654644,0.3944922685623169,0.37436234951019287,0.33955782651901245,7.722480455836448,5559.342817392368,0.023923028208433353,0.005772969886313617,0.2542082425167571,3003.0
DJI_20250929122613_0369_D.JPG,part3_post_def_rgb,Post_Defoliation,0.0169040746986866,0.051176756620407104,390.9603576660156,5.971160888671875,0.5799934219597389,-0.041001394391059875,0.4137090742588043,0.39265722036361694,0.3547012507915497,7.765763902885887,5721.4508966793055,0.023069285028076127,0.005521165552960007,0.26006160706652626,3052.0
DJI_20250929122615_0370_D.JPG,part3_post_def_rgb,Post_Defoliation,0.014044193550944328,0.04802785813808441,300.34808349609375,5.708266258239746,0.5603598867849373,-0.04281449690461159,0.3972366452217102,0.37591561675071716,0.34055042266845703,7.723348331710883,5500.707207069472,0.024136090607314552,0.0057814979470341326,0.26108700279124136,2998.0
DJI_20250929121357_0001_D.JPG,part4_post_def_rgb,Post_Defoliation,0.018243882805109024,0.054775748401880264,588.3006591796875,6.378936290740967,0.5776221677084291,-0.05063765496015549,0.3804798126220703,0.35684365034103394,0.31496360898017883,7.718403285036546,5399.934392581947,0.02516509808321862,0.005931012758245351,0.29415645333395457,3204.0
DJI_20250929121359_0002_D.JPG,part4_post_def_rgb,Post_Defoliation,0.01783614605665207,0.05287262052297592,525.8347778320312,6.266887187957764,0.5788573934491528,-0.046707767993211746,0.3966309726238251,0.37429627776145935,0.3341253995895386,7.764737226614384,5682.153543909002,0.023791678915128064,0.005639907292917975,0.28965231163898186,2920.0
DJI_20250929121401_0003_D.JPG,part4_post_def_rgb,Post_Defoliation,0.01770455203950405,0.05054648220539093,424.4803771972656,6.053218841552734,0.5862450018384042,-0.04446317255496979,0.3757215738296509,0.35553669929504395,0.3176472783088684,7.706171372708462,5488.242279231898,0.025426506388157934,0.006007781604657976,0.2864918663703149,3113.0
DJI_20250929121403_0004_D.JPG,part4_post_def_rgb,Post_Defoliation,0.019544299691915512,0.052481792867183685,430.7983093261719,6.067958831787109,0.5968653771026748,-0.04098725691437721,0.3875279128551483,0.36878702044487,0.33050185441970825,7.7389764709231565,5741.3270089285725,0.024100948346568427,0.005772324553957444,0.27427457049516596,2613.0
DJI_20250929121405_0005_D.JPG,part4_post_def_rgb,Post_Defoliation,0.018658889457583427,0.051613908261060715,435.5585632324219,6.078922748565674,0.591045391350308,-0.04130734130740166,0.3754183053970337,0.35752612352371216,0.32097503542900085,7.713424040654719,5679.792533023483,0.02515151064211236,0.005930499170937257,0.27090537970995554,2931.0
DJI_20250929121407_0006_D.JPG,part4_post_def_rgb,Post_Defoliation,0.017978113144636154,0.05224798619747162,405.09503173828125,6.006587028503418,0.5797916762416889,-0.03966932371258736,0.393684059381485,0.3759104311466217,0.34015873074531555,7.763054227282117,5885.905187438846,0.02412205509561806,0.005640159191790739,0.27506238165834584,3007.0
DJI_20250929121409_0007_D.JPG,part4_post_def_rgb,Post_Defoliation,0.017995068803429604,0.050123535096645355,403.5156555175781,6.002690315246582,0.5934091292091798,-0.040223028510808945,0.37740853428840637,0.3602697253227234,0.32513582706451416,7.722038203584454,5706.293022260274,0.024905388029607643,0.005914441605886179,0.28113476396536335,2861.0
DJI_20250929121411_0008_D.JPG,part4_post_def_rgb,Post_Defoliation,0.01836651749908924,0.051436565816402435,452.3500671386719,6.116664409637451,0.594297164644422,-0.04096313565969467,0.39493635296821594,0.37657788395881653,0.3398529291152954,7.768013775034056,5900.15031418175,0.023786566404232438,0.0056296144986422375,0.28318606828974235,2500.0
DJI_20250929121413_0009_D.JPG,part4_post_def_rgb,Post_Defoliation,0.017816530540585518,0.05338364467024803,533.168212890625,6.280710697174072,0.57955598706989,-0.04294423758983612,0.4222796857357025,0.40173590183258057,0.36337557435035706,7.81890706161509,6269.192675207926,0.02185596572195196,0.005289212025690561,0.271713376589629,2819.0
DJI_20250929121415_0010_D.JPG,part4_post_def_rgb,Post_Defoliation,0.016582811251282692,0.051559947431087494,465.0944519042969,6.144388198852539,0.5733676980880595,-0.044109128415584564,0.4023993909358978,0.3820778429508209,0.3451734781265259,7.774430633601756,5978.819047364237,0.022838468421417228,0.005549149361418383,0.2740537155571524,2992.0
DJI_20250929121417_0011_D.JPG,part4_post_def_rgb,Post_Defoliation,0.015506192110478878,0.0526266023516655,537.9086303710938,6.289546012878418,0.5570466418482091,-0.04615585133433342,0.4174034297466278,0.39588066935539246,0.35885176062583923,7.813231219514496,6221.467901479942,0.022494850853701787,0.005326241283892785,0.27142404184479546,2818.0
DJI_20250929121419_0012_D.JPG,part4_post_def_rgb,Post_Defoliation,0.01807509921491146,0.05072980746626854,429.5874328613281,6.065150260925293,0.5983041678156693,-0.042103879153728485,0.3993278443813324,0.3804805278778076,0.34355810284614563,7.770900148554017,5955.271300911203,0.02372633698527274,0.005593532630612443,0.2786495583077248,2553.0
DJI_20250929121421_0013_D.JPG,part4_post_def_rgb,Post_Defoliation,0.014404401183128357,0.05018485710024834,431.1787109375,6.068839073181152,0.5585508299629255,-0.045850593596696854,0.41693389415740967,0.3950689733028412,0.35879969596862793,7.804039478289931,6152.282220829256,0.022452076815965123,0.005374891365594089,0.2743462590555377,2453.0
DJI_20250929121423_0014_D.JPG,part4_post_def_rgb,Post_Defoliation,0.014525256119668484,0.04773612320423126,402.341064453125,5.999782562255859,0.5730758992860864,-0.045706361532211304,0.40005582571029663,0.3791223466396332,0.34366363286972046,7.773060756285484,5904.333777978229,0.02370699297895486,0.005598400778598195,0.28508164915569545,2840.0
DJI_20250929121425_0015_D.JPG,part4_post_def_rgb,Post_Defoliation,0.01500792894512415,0.04856237396597862,449.3625183105469,6.110053062438965,0.5759871369151577,-0.04676007106900215,0.41818544268608093,0.39528247714042664,0.3573715090751648,7.806248744578605,6084.63084408635,0.022782550189416533,0.005386806756931909,0.28563490434168737,3021.0
DJI_20250929121427_0016_D.JPG,part4_post_def_rgb,Post_Defoliation,0.014800988137722015,0.04585769400000572,373.87158203125,5.926583290100098,0.584240087937004,-0.0456174835562706,0.3895348310470581,0.3687724173069,0.33320900797843933,7.745022410004639,5737.320954623287,0.02439211086139649,0.0057834344462895345,0.29396223866012683,3163.0
DJI_20250929121429_0017_D.JPG,part4_post_def_rgb,Post_Defoliation,0.017295192927122116,0.048808272927999496,441.8760681152344,6.093289852142334,0.603244209026565,-0.04190700501203537,0.408664345741272,0.38885799050331116,0.3517564535140991,7.79661875701348,6031.9225859222115,0.02245649407284006,0.005455261578833159,0.2873010017225192,2810.0
DJI_20250929121431_0018_D.JPG,part4_post_def_rgb,Post_Defoliation,0.016980433836579323,0.047168195247650146,408.08575439453125,6.013924598693848,0.6062709214235377,-0.04218073934316635,0.382547527551651,0.36358389258384705,0.3276398479938507,7.730097452506587,5711.256593230187,0.025049009102809938,0.005872496031487354,0.29071922503731423,2830.0
DJI_20250929121433_0019_D.JPG,part4_post_def_rgb,Post_Defoliation,0.01866639032959938,0.05152628943324089,505.82330322265625,6.2281622886657715,0.6040979180071698,-0.0434635765850544,0.40730640292167664,0.3865424394607544,0.34711211919784546,7.78722363208276,5923.941605002446,0.023302115948705675,0.005487983743936903,0.2872281009145863,2831.0
DJI_20250929121435_0020_D.JPG,part4_post_def_rgb,Post_Defoliation,0.01854516565799713,0.049643468111753464,456.4270935058594,6.125617504119873,0.6096476487575451,-0.041352152824401855,0.38062921166419983,0.3628818690776825,0.3265894055366516,7.731867857826624,5671.5041050024465,0.024485294724631883,0.0058292870421537924,0.2851014641137099,2667.0
DJI_20250929121437_0021_D.JPG,part4_post_def_rgb,Post_Defoliation,0.019243011251091957,0.05209973827004433,441.6231384277344,6.092718601226807,0.6032540712994454,-0.040471550077199936,0.40085723996162415,0.3821547031402588,0.34420913457870483,7.771643230067652,5896.488208628914,0.02343480153225698,0.005558283036987803,0.2778763957419765,2884.0
DJI_20250929121439_0022_D.JPG,part4_post_def_rgb,Post_Defoliation,0.021389422938227654,0.05026684328913689,404.7088623046875,6.005635738372803,0.6407248196065815,-0.03744945675134659,0.38129642605781555,0.3650616705417633,0.3274374306201935,7.730011346403701,5620.051710035468,0.024230883182876445,0.005825740422023046,0.284508842726326,2783.0
DJI_20250929121441_0023_D.JPG,part4_post_def_rgb,Post_Defoliation,0.01969372108578682,0.05075444281101227,421.5851745605469,6.046391010284424,0.6157509115421148,-0.04088900238275528,0.3994717001914978,0.38070598244667053,0.3422466218471527,7.771827896508357,5818.086514646526,0.02371950993314719,0.005570751582975536,0.2823735165421816,3042.0
DJI_20250929121443_0024_D.JPG,part4_post_def_rgb,Post_Defoliation,0.019019590690732002,0.04791509360074997,360.31976318359375,5.889763355255127,0.62143885773815,-0.03992103040218353,0.3847108483314514,0.3674369156360626,0.33114346861839294,7.739268174154449,5701.883443156801,0.024105145529889547,0.005758878269611254,0.28063911779423095,3132.0
DJI_20250929121445_0025_D.JPG,part4_post_def_rgb,Post_Defoliation,0.018690895289182663,0.049553655087947845,404.6239929199219,6.005426406860352,0.6078546779728529,-0.041398968547582626,0.3979497253894806,0.3797437250614166,0.3428468406200409,7.770008245106924,5772.345821612035,0.023753601345800183,0.005576840168736568,0.2859690869697837,3043.0
DJI_20250929121447_0026_D.JPG,part4_post_def_rgb,Post_Defoliation,0.017324430868029594,0.04780806228518486,316.73162841796875,5.761207103729248,0.5990891760118884,-0.04157049581408501,0.37935444712638855,0.3617763817310333,0.3268738389015198,7.7179093646611925,5566.011118670498,0.02457640123812038,0.005885891246986933,0.2840684262433229,2897.0
