Filename,Folder,Label,Mean_ExG,Std_ExG,Mean_RBR,Mean_NGRDI,Mean_R,Mean_G,Mean_B,Entropy,Contrast,Homogeneity,Energy,Correlation
DJI_20250929124641_0175_D.JPG,205_post_def_rgb,Post_Defoliation,0.0160850760624745,0.047275520239428825,458.7336473293004,-0.05600898661628524,0.39497832778207337,0.3669493419744342,0.32283528010432044,7.705529645645202,3573.7014924924924,0.031394778593640205,0.006262863458030134,0.4992820451390094
DJI_20250929124953_0271_D.JPG,205_post_def_rgb,Post_Defoliation,0.018575964583982935,0.050347520399540276,405.5920420009029,-0.045801637038801836,0.3503551415165754,0.33076515316731214,0.2925992002340661,7.639651000343868,3203.7224144144143,0.03772467972979755,0.007235852144354088,0.5572033448483361
DJI_20250929125146_0325_D.JPG,205_post_def_rgb,Post_Defoliation,0.015722542253258812,0.0389931512385561,19.02271801242748,-0.015326014392799042,0.42165242635568795,0.4149743656003321,0.39257376259171745,7.648421893132957,4690.477294294295,0.03144730577407133,0.006686206248886681,0.3911690923590565
DJI_20250929125027_0288_D.JPG,205_post_def_rgb,Post_Defoliation,0.01833100416224338,0.05345436422913656,466.09063829157117,-0.04533949508720817,0.38831297608512416,0.36735206665777503,0.3280601530681826,7.74074297130813,3731.759044044044,0.033126193767356704,0.006310544717080921,0.531523925790237
DJI_20250929124643_0176_D.JPG,205_post_def_rgb,Post_Defoliation,0.01746848785091142,0.04854504555618275,589.086034763844,-0.05788921401893879,0.41343778368350126,0.38295347943540564,0.33500068733639854,7.7511406842572415,3713.603458458458,0.030543398902078644,0.005996055320469688,0.5025261227257644
DJI_20250929124845_0237_D.JPG,205_post_def_rgb,Post_Defoliation,0.018485049935806044,0.04765253844213776,3.4620225902357498,-0.01570392026013054,0.4245952172501197,0.4182094368640307,0.39333860654213576,7.419777137765791,3084.9234344344345,0.0390106168381692,0.008530045844104411,0.53130684120639
DJI_20250929124959_0274_D.JPG,205_post_def_rgb,Post_Defoliation,0.01689764793146477,0.054549387374568006,572.6556642621688,-0.05436511146391858,0.395901257226701,0.3703686272782545,0.32793834939834315,7.7472880490789,3668.2387717717716,0.03296089575355709,0.006268328053095648,0.5374593536247463
DJI_20250929124857_0243_D.JPG,205_post_def_rgb,Post_Defoliation,0.01823746839867178,0.04751619389196425,3.23327035143099,-0.017015505597657087,0.4305701445099901,0.42268881324245855,0.39657001357625504,7.440968359796848,2989.959656656657,0.03843054769786867,0.008312717482424943,0.5398988267400071
DJI_20250929124839_0234_D.JPG,205_post_def_rgb,Post_Defoliation,0.01756319251817527,0.050213645080885036,3.0364500385041318,-0.016725621872127786,0.43586335309317525,0.4286715019026883,0.4039164581940262,7.452476520663336,3136.1478598598596,0.03848240768350637,0.008240298273044603,0.5344959641032907
DJI_20250929124701_0185_D.JPG,205_post_def_rgb,Post_Defoliation,0.025861362615027934,0.05517363983300476,11.771188643185052,-0.01597402813929037,0.4331563255300282,0.42506942754734645,0.3911211669496367,7.577881754496923,3113.7734164164162,0.033613312348626134,0.007033767005146466,0.4934848293285235
DJI_20250929124833_0231_D.JPG,205_post_def_rgb,Post_Defoliation,0.018512242811148417,0.05135622123150652,4.557110554902511,-0.018376713725188176,0.42687289424609504,0.41910039024035634,0.39281564342346925,7.441934347548996,3181.9290100100097,0.03895802827165526,0.008391511664686472,0.5333689893739805
DJI_20250929125154_0329_D.JPG,205_post_def_rgb,Post_Defoliation,0.017979434316699378,0.04068822879499637,10.097690099828133,-0.013207299262570233,0.43304191546704773,0.42709950160319665,0.40317765342264617,7.63875259038844,4776.1962982983,0.030855460731145284,0.006661902732334221,0.38096348890378967
DJI_20250929124629_0169_D.JPG,205_post_def_rgb,Post_Defoliation,0.02675468965813491,0.05271934517316735,256.2549245864533,-0.03869956661780186,0.41068458029410865,0.38968730530788165,0.3419353406635197,7.667952235156398,3398.693256256256,0.0329607615087576,0.006584628068180141,0.5074327810130803
DJI_20250929124637_0173_D.JPG,205_post_def_rgb,Post_Defoliation,0.015300029378421098,0.050693084255636414,349.2142505489388,-0.05479726546838451,0.40934025543605923,0.3800001997612477,0.33536011470801513,7.7200547118003815,3555.956867867868,0.03144411744722749,0.00620469826525393,0.5070006122359982
DJI_20250929125024_0286_D.JPG,205_post_def_rgb,Post_Defoliation,0.02103645635261795,0.05650764614895755,474.6732240739065,-0.04290419785425207,0.3929494586770579,0.37333830521055433,0.3326906953914329,7.753688776128613,3775.8914054054053,0.032854196981204814,0.006253062728469855,0.5321721189929857
DJI_20250929124703_0186_D.JPG,205_post_def_rgb,Post_Defoliation,0.025349432174898334,0.05562563676317614,8.05123897486947,-0.015829660732797398,0.44167681281079396,0.43365869653082295,0.40029114807595373,7.564308801414023,3096.776818818819,0.033403502367773924,0.0070544913303520395,0.4856703571438407
DJI_20250929124635_0172_D.JPG,205_post_def_rgb,Post_Defoliation,0.01677989637347723,0.053748518623417965,423.3019801111335,-0.05494339425554871,0.4306526658063415,0.3995194696248754,0.3516063770699321,7.75030123761472,3690.5357557557563,0.03038262758617578,0.005959016003804274,0.4963078813173935
DJI_20250929124547_0148_D.JPG,205_post_def_rgb,Post_Defoliation,0.02005562280600569,0.046208073967286475,6.105312465105948,-0.01600314230097177,0.422614626345835,0.41624528833808855,0.3898203275243363,7.478367568016712,3155.4689759759763,0.03907715795635914,0.008197496673037276,0.5498274412432154
DJI_20250929124831_0230_D.JPG,205_post_def_rgb,Post_Defoliation,0.01880016973698202,0.050901364257580586,3.0788417808950013,-0.01604129175459782,0.4352269152597768,0.4284269515171942,0.4028268180376296,7.442129245659406,3150.6989039039036,0.03897195109177944,0.008348958738604823,0.5351758507425335
DJI_20250929124855_0242_D.JPG,205_post_def_rgb,Post_Defoliation,0.017447860249133813,0.04667627257656662,2.58313753929563,-0.014950487083117055,0.43607652143723563,0.4294436078503467,0.40536283401432394,7.439989223745384,2989.7130300300305,0.038670513932897894,0.008289424340522001,0.5394803248750473
DJI_20250929125001_0275_D.JPG,205_post_def_rgb,Post_Defoliation,0.017010078968775363,0.05654210785292198,677.2144587418026,-0.05658237457483283,0.4175507939908813,0.38908144765474284,0.3436020223498291,7.788661973145986,3827.5649979979985,0.0320177793190687,0.005987363459308826,0.5321983875482589
DJI_20250929125144_0324_D.JPG,205_post_def_rgb,Post_Defoliation,0.0204462647500401,0.04174057320698957,36.48740228942443,-0.0157343182715574,0.45281311298916727,0.44528213647808607,0.4173048952169648,7.728627295255977,4855.940498498498,0.02954553315487496,0.006062490893838928,0.4022037829204565
DJI_20250929124951_0270_D.JPG,205_post_def_rgb,Post_Defoliation,0.020367672967707168,0.05444077076066208,246.73713065431463,-0.0384623762438637,0.3750009205163513,0.3561605978298419,0.31695260217562526,7.697006643564071,3163.580043043043,0.03799786392059532,0.007088275216683488,0.5919458272986173
DJI_20250929125003_0276_D.JPG,205_post_def_rgb,Post_Defoliation,0.016462757932323897,0.05172664234068158,494.64910705253095,-0.0529036780060281,0.3804118778413409,0.3564506305095805,0.3160266252454961,7.704459117964545,3547.3787637637643,0.033764138918286904,0.00654667350713965,0.5373210378584501
DJI_20250929124731_0200_D.JPG,205_post_def_rgb,Post_Defoliation,0.020894065258545126,0.04414458077935349,2.837901125362023,-0.015440188860443396,0.4415155382709507,0.4342122993450835,0.4060149951606711,7.438313415818984,2938.485116116116,0.037001408684615426,0.008064887213664707,0.5018964087461328
DJI_20250929124947_0268_D.JPG,205_post_def_rgb,Post_Defoliation,0.014720524063870729,0.049343306181224275,79.53338413382647,-0.025598206769392205,0.38141182688720304,0.36958276671731294,0.34303318248355197,7.65426676818128,3070.167822822823,0.037947519773427626,0.007327585265155939,0.5895496924667539
DJI_20250929125033_0291_D.JPG,205_post_def_rgb,Post_Defoliation,0.0212952917325278,0.05309299308113193,239.65120471838307,-0.03099825380936499,0.3977780548901854,0.383010055613231,0.3469467646037488,7.744493385537768,3643.7783143143142,0.03272162251390475,0.00621680772163635,0.5289047660494332
DJI_20250929124727_0198_D.JPG,205_post_def_rgb,Post_Defoliation,0.021056501004513704,0.046283412519524454,2.9080291115162247,-0.013851376471766642,0.44084825872776423,0.4348039949771311,0.40770323022198435,7.46313286395828,2972.1053653653653,0.03636276006600246,0.007842656885698018,0.4988877267499418
DJI_20250929125039_0294_D.JPG,205_post_def_rgb,Post_Defoliation,0.011892059497911368,0.04871588111125958,52.318873256946176,-0.0218446480425414,0.39587141601286163,0.38601449650853376,0.3642655175062947,7.66966087971813,3346.7074514514516,0.033659793941918516,0.006746498831075935,0.5414049723164897
DJI_20250929124915_0252_D.JPG,205_post_def_rgb,Post_Defoliation,0.018563677577535898,0.046600559662854694,4.153615095101634,-0.015535179726264165,0.4198206802981939,0.41341424658918935,0.38844413530264876,7.4239674147072146,2984.100835835836,0.03914793767380749,0.008461551104634752,0.5392501759961053
DJI_20250929125102_0305_D.JPG,205_post_def_rgb,Post_Defoliation,0.017052334668279174,0.050211451601961096,8.70838154475476,-0.01904466759768612,0.43086060731474624,0.421920189411212,0.39592743683939857,7.526452501115625,3125.0087477477477,0.035644214966550083,0.007575577989458419,0.5206100527839301
DJI_20250929124551_0150_D.JPG,205_post_def_rgb,Post_Defoliation,0.018166353394469283,0.04545830361861586,4.806437019642922,-0.014738235315596388,0.41989401276489396,0.4141901686525638,0.39031997114576444,7.462406563521292,3159.264423423423,0.03932192418255365,0.008299202621429297,0.5490350880209687
DJI_20250929125045_0297_D.JPG,205_post_def_rgb,Post_Defoliation,0.008279037137268118,0.04836877078063719,45.05280713003671,-0.024882472758149667,0.41415939246596706,0.40210119431692765,0.3817639590306202,7.700280311283704,3474.110918918919,0.032401135903295346,0.006429079505926471,0.5243477943149131
DJI_20250929124827_0228_D.JPG,205_post_def_rgb,Post_Defoliation,0.01710043770242723,0.04934542801761356,4.223813914751131,-0.018691687852952023,0.42097341947549,0.41304080025857814,0.3880077433392391,7.434160072267893,3175.7101481481477,0.03905413355624146,0.008499518715490397,0.5348204523172351
DJI_20250929124745_0207_D.JPG,205_post_def_rgb,Post_Defoliation,0.020803269453291015,0.04842643208088628,2.9678939349487146,-0.014460759703457214,0.4396239038289275,0.4332949020103491,0.4061626307384798,7.440606804468799,3034.962088088088,0.037107002522633104,0.008117673271453144,0.5088381519803018
DJI_20250929125008_0278_D.JPG,205_post_def_rgb,Post_Defoliation,0.017693266003279084,0.05337348707363805,430.29398225384085,-0.048118390996706194,0.38060621718583565,0.3592511570381745,0.3202028308872344,7.712602762549304,3546.152042042042,0.03392244980467605,0.00652360155106187,0.5406606499356351
DJI_20250929125138_0321_D.JPG,205_post_def_rgb,Post_Defoliation,0.02158840306352648,0.03915025077165834,5.928823198095286,-0.007759457908176737,0.4371239244809362,0.43479474344047137,0.4108771593364803,7.623762368819096,4701.443322322322,0.031807532729044415,0.0068337226920543075,0.39707459880630264
DJI_20250929124553_0151_D.JPG,205_post_def_rgb,Post_Defoliation,0.015254444199624266,0.04495360551059389,5.758649547049684,-0.01849047434477072,0.4159608271948053,0.4079774536013198,0.38473963580821,7.454960365799055,3155.8835585585584,0.0391198860458936,0.008364113361633748,0.546033203325858
DJI_20250929124529_0139_D.JPG,205_post_def_rgb,Post_Defoliation,0.017371310950461013,0.04915300650624094,9.127922931940212,-0.01914690971317956,0.4188685969761254,0.41126872874345066,0.386297549560315,7.504014341543657,3141.8512772772774,0.03761749949286086,0.007912570786041146,0.5430505287168816
DJI_20250929124559_0154_D.JPG,205_post_def_rgb,Post_Defoliation,0.016708667783226903,0.045263327766851214,4.585826905058754,-0.017688453785607787,0.4280533371543304,0.41991921328463366,0.39507642163171,7.449734993942447,3120.157568568569,0.038761043081345155,0.008294338207268066,0.5389951469717463
DJI_20250929124801_0215_D.JPG,205_post_def_rgb,Post_Defoliation,0.019191640014310715,0.04789353635743898,2.260647792125528,-0.014331784962742875,0.43592638452568266,0.42947837550698803,0.40383872647398267,7.397149293876172,3010.0722502502504,0.03865521967326222,0.008538208600825839,0.5183494363864656
DJI_20250929124605_0157_D.JPG,205_post_def_rgb,Post_Defoliation,0.017726383001188954,0.04438122507789975,5.1436707763651555,-0.01662809863278257,0.42264079413056405,0.4152061669376211,0.39004515674348916,7.441727776857412,3085.7049589589587,0.038270921539692575,0.008308392277395667,0.5311704319424316
DJI_20250929124803_0216_D.JPG,205_post_def_rgb,Post_Defoliation,0.018161265865999553,0.04594071247788796,2.1030895912535663,-0.011544600744780637,0.42707417735915026,0.4227831993055518,0.40033095538595376,7.3882640813942695,3016.7234414414415,0.03935903372165838,0.00866728992866284,0.5190028810266328
DJI_20250929124909_0249_D.JPG,205_post_def_rgb,Post_Defoliation,0.016849319978167444,0.0456889487369535,3.1466879608111262,-0.01566547857799866,0.41988736413231215,0.41344862392286635,0.39016056373525293,7.426283409311234,2993.8577547547548,0.039325487810516764,0.008476627961044316,0.5390706209923708
DJI_20250929124917_0253_D.JPG,205_post_def_rgb,Post_Defoliation,0.017440225952500676,0.04649673185932263,4.08218638548835,-0.016155527870052266,0.41176553139946415,0.4054325574486313,0.38165935754529773,7.412498434264969,2973.983286286287,0.039596485874360425,0.00856463294730759,0.5404508932793752
DJI_20250929124739_0204_D.JPG,205_post_def_rgb,Post_Defoliation,0.020703351468049917,0.04675580714913354,2.7314288047801263,-0.01425522285334375,0.4395297073888231,0.43316594805186215,0.4060988372468514,7.433664949053444,2981.208086086086,0.037572095827326304,0.00814737906885383,0.5056196501522334
DJI_20250929124925_0257_D.JPG,205_post_def_rgb,Post_Defoliation,0.021634032738014772,0.05310441199712438,7.953722298924083,-0.016152187202838696,0.4119365305947118,0.40567272153522377,0.377774879737721,7.42961649360861,2850.826998998999,0.03919708272957592,0.008416016119597403,0.5480331023651277
DJI_20250929124505_0127_D.JPG,205_post_def_rgb,Post_Defoliation,0.016234755813653093,0.052951906652917526,639.6461440508194,-0.05795631861625236,0.39090119339321966,0.3641801548690377,0.32122436053120274,7.720949225681812,3638.854486486486,0.03261207617195987,0.006328641113619229,0.5204325235580213
DJI_20250929125031_0290_D.JPG,205_post_def_rgb,Post_Defoliation,0.01894866143442394,0.04879888823303997,374.88400990865847,-0.037741470473615944,0.36801143779584944,0.3518290629860732,0.316698026741873,7.685808476452041,3619.7195635635635,0.033638493551868286,0.006585662763695101,0.5185206715688007
DJI_20250929124733_0201_D.JPG,205_post_def_rgb,Post_Defoliation,0.020360687895129247,0.04555282981472866,2.887158744670652,-0.016476094611892908,0.44502617829847874,0.436930820314307,0.40847477443500607,7.455836791155871,3005.5113483483483,0.03661525428717448,0.007914018463764244,0.49974743896336765
DJI_20250929124711_0190_D.JPG,205_post_def_rgb,Post_Defoliation,0.024071478179162706,0.053831011306085294,6.4622394900892965,-0.01588553433142811,0.44750947326413487,0.4400732716371471,0.40856559183099667,7.544077658825722,3101.931031031031,0.0335542139749566,0.0071416829085235245,0.48199387891843415
DJI_20250929124935_0262_D.JPG,205_post_def_rgb,Post_Defoliation,0.01706874193820679,0.04756747763029449,11.493671626557882,-0.019516278643490603,0.4209573788725896,0.4121967697479765,0.38636741868515645,7.52120969880331,3027.6600320320317,0.03819086408113038,0.007821856729956465,0.5520740118979783
DJI_20250929124807_0218_D.JPG,205_post_def_rgb,Post_Defoliation,0.016125575965748002,0.046133015573199834,2.806628038230919,-0.016679229441844613,0.430985617115063,0.4230103989998119,0.39890960491881283,7.399284663157732,3054.8364104104107,0.03915734346346682,0.008617725925966201,0.5245020092901387
DJI_20250929125042_0295_D.JPG,205_post_def_rgb,Post_Defoliation,0.010076819652241201,0.050498630585235155,103.61994113843312,-0.028376923592896983,0.3993929490362496,0.38534170625844477,0.36121364382839877,7.723024958526831,3473.793334334334,0.03339423844572342,0.0064482162188715594,0.5441657065224244
DJI_20250929125120_0312_D.JPG,205_post_def_rgb,Post_Defoliation,0.01729031696402555,0.037001498318713064,3.9917567044380116,-0.01118000123768506,0.4125631279337117,0.4079647253928689,0.38607600588800034,7.513511886124753,4032.0002682682684,0.03301912476024001,0.007525218048964577,0.3693733222470618
DJI_20250929124615_0162_D.JPG,205_post_def_rgb,Post_Defoliation,0.019866423183239036,0.049966290790182805,12.689719563751106,-0.017881787680097905,0.43123630095939475,0.4228048033718497,0.39450688260106564,7.50457873400115,3130.6664054054054,0.035458970514224704,0.007659229166113695,0.5096475766382484
DJI_20250929124811_0220_D.JPG,205_post_def_rgb,Post_Defoliation,0.01912021091183049,0.04661319489914125,3.4656858372602546,-0.014378814081258974,0.4225007964165536,0.4165125257061184,0.3914040440838529,7.403288159389534,3103.8810780780777,0.03969571262664904,0.008661902711795986,0.5276488619472245
DJI_20250929124813_0221_D.JPG,205_post_def_rgb,Post_Defoliation,0.020251338325261777,0.04706197358641436,3.2629392915327022,-0.01325327006356774,0.42497936789232965,0.419701817474393,0.39417292873119464,7.411252936660278,3124.222736736737,0.039376137526733225,0.008611533071711943,0.5302006175524188
DJI_20250929124849_0239_D.JPG,205_post_def_rgb,Post_Defoliation,0.018105561202941205,0.04699415145086661,3.1681209079336443,-0.01613974818818454,0.4300729684281103,0.4229239318555807,0.3976693340801099,7.4272930764552205,3039.6126736736737,0.038951332986798766,0.00843196620071297,0.5355166648948874
DJI_20250929124721_0195_D.JPG,205_post_def_rgb,Post_Defoliation,0.022513445396389394,0.04962715270165755,4.056951802534271,-0.01607362956387238,0.4495381461750677,0.44177315705980275,0.4114947225481485,7.521006403371177,3043.7442612612613,0.03460775766076508,0.007340472170155676,0.49070246545824037
DJI_20250929124943_0266_D.JPG,205_post_def_rgb,Post_Defoliation,0.019093551046058036,0.0491858992494738,21.22247572095481,-0.020244028977023057,0.4153591970078469,0.4062374388850739,0.3780221297162429,7.567424088340114,3069.406962962963,0.03713849329294778,0.007546853120941608,0.5564521025074807
DJI_20250929125122_0313_D.JPG,205_post_def_rgb,Post_Defoliation,0.017114845670167442,0.038000540220864215,3.087956682058417,-0.011439584562901473,0.43002242263682444,0.4250810536895151,0.4030248390720384,7.555451542355103,4359.568302302303,0.032029187023328,0.007246542468178081,0.3734766114896776
DJI_20250929124723_0196_D.JPG,205_post_def_rgb,Post_Defoliation,0.025070761854853775,0.04981566626588549,3.937971344609413,-0.016113537306272505,0.44547016306675863,0.4377889189732332,0.40503691302485395,7.503677237335318,3022.0621061061065,0.034916197692230214,0.007489530829833736,0.4931173313871095
DJI_20250929124617_0163_D.JPG,205_post_def_rgb,Post_Defoliation,0.018575060026002007,0.04917251257755745,15.158985617043243,-0.018805625336422844,0.425281915877084,0.4165791779989871,0.3893013800948881,7.510760390274072,3143.726318318318,0.03541727435301081,0.00762664068450934,0.5055015821078057
DJI_20250929125128_0316_D.JPG,205_post_def_rgb,Post_Defoliation,0.015661205599683262,0.03621621895048867,2.7200087896591283,-0.009698614141368734,0.4261513402853251,0.42219230065329444,0.40257205542158037,7.559992844403099,4371.9011691691685,0.03255039988621337,0.007256188178478843,0.3774999745832796
DJI_20250929124819_0224_D.JPG,205_post_def_rgb,Post_Defoliation,0.018535834914901708,0.04745655771237359,4.018372136935745,-0.01699495541294428,0.4205154679414739,0.41313911508470774,0.38722692731304004,7.415495281971953,3142.9490500500497,0.03985097046869317,0.008661401950470344,0.5354333613126413
DJI_20250929125118_0311_D.JPG,205_post_def_rgb,Post_Defoliation,0.018993834887265564,0.04037368271549789,5.849055081967963,-0.013410651082216753,0.4386551712329384,0.4323007725127922,0.40695253890538047,7.600813349613655,4558.9590930930935,0.03088477416544787,0.006843373670538973,0.3687767822920805
DJI_20250929124922_0255_D.JPG,205_post_def_rgb,Post_Defoliation,0.01623961053766115,0.04889427081692244,4.864817553288714,-0.019570465317113924,0.4085776822678699,0.4004596440600017,0.37610199531447225,7.409055935043644,2949.7013633633637,0.03961692888099228,0.008595914063520893,0.5412816646690257
DJI_20250929124719_0194_D.JPG,205_post_def_rgb,Post_Defoliation,0.020174448643936537,0.05165977826887108,5.004169600240497,-0.02072978265075493,0.4503109484709103,0.4393163347776221,0.40814727244039756,7.52310730914596,3036.8461751751747,0.03415300213284752,0.007310472801546541,0.49017384196543645
DJI_20250929124937_0263_D.JPG,205_post_def_rgb,Post_Defoliation,0.020397522066859037,0.046625556624017905,11.488568443140643,-0.01451784820052681,0.4072089497394693,0.40213306581096764,0.37665965981560684,7.501196607961273,3001.6343333333334,0.038837243718238,0.008024742836920059,0.5528496756016957
DJI_20250929124823_0226_D.JPG,205_post_def_rgb,Post_Defoliation,0.020526165869724427,0.04792702669680409,4.210887427835026,-0.015071221159000557,0.41800270706530007,0.41241756450335754,0.38630625607169056,7.428565668058973,3171.7788988988987,0.0398947344463621,0.008582976132502229,0.5374388516736865
DJI_20250929124625_0167_D.JPG,205_post_def_rgb,Post_Defoliation,0.015624537770496254,0.046945009678927924,37.41592722210435,-0.023486985248821965,0.4019983760386834,0.3907406876713366,0.3638584615334935,7.547208192152593,3128.5165195195195,0.03565336845049302,0.007463442788253207,0.502250281188463
DJI_20250929124821_0225_D.JPG,205_post_def_rgb,Post_Defoliation,0.019148801740416114,0.04846673306627955,3.6010350593726734,-0.0173049365023855,0.43082939987665864,0.42305136732819176,0.3961245330393088,7.437312201584884,3149.2234924924924,0.03934215658862904,0.008449645028384939,0.5394902857468856
DJI_20250929124713_0191_D.JPG,205_post_def_rgb,Post_Defoliation,0.023279853454848246,0.05415058678787224,7.391776563292432,-0.018329721239179957,0.45083653983930183,0.4416540614315402,0.40919172956893024,7.557581126805416,3112.3712362362367,0.03339147666036221,0.007051151413334653,0.4854051965007394
DJI_20250929124541_0145_D.JPG,205_post_def_rgb,Post_Defoliation,0.018774003266471887,0.04690917483994789,7.591023182903823,-0.01733394215626044,0.4167988669331752,0.41005348062946717,0.3845340910592873,7.481537248803162,3146.7761221221217,0.0390659812360068,0.008179643863941025,0.5492099713637149
DJI_20250929125011_0280_D.JPG,205_post_def_rgb,Post_Defoliation,0.02077303960619698,0.057190812325608645,497.6502970373361,-0.04523168550415803,0.3834627694223506,0.36356557868880923,0.32289534834907097,7.719218557121944,3660.1018938938937,0.03309674268995255,0.0064064284987732185,0.5277656860022362
DJI_20250929124543_0146_D.JPG,205_post_def_rgb,Post_Defoliation,0.018905250161160764,0.0464467435605174,5.920166936652138,-0.0165336122631182,0.4208135519006757,0.41433644194878066,0.3889540818357247,7.474999511605927,3145.4543463463456,0.03878450521120471,0.008206752446653644,0.5489859662084804
DJI_20250929124653_0181_D.JPG,205_post_def_rgb,Post_Defoliation,0.027976406919969932,0.0577798419875204,211.13840573899418,-0.04308875799345012,0.425094758550232,0.4005766160985336,0.34808206672686537,7.6834968552681895,3385.34733033033,0.031510480227185146,0.006421392943933072,0.5079151108050428
DJI_20250929124757_0213_D.JPG,205_post_def_rgb,Post_Defoliation,0.021438498580944158,0.05037496200286798,3.180280673751528,-0.014249986701345224,0.4371828168754098,0.4309017211459146,0.40318212683547544,7.420257194215956,3007.39413013013,0.0378241423109404,0.008318718528405183,0.5169134258579485
DJI_20250929124749_0209_D.JPG,205_post_def_rgb,Post_Defoliation,0.02117269408682675,0.05002422108820255,3.1289568228755478,-0.015770705592055127,0.4403830737338292,0.4331230990764722,0.4046904303322885,7.440252102993173,3049.521103103103,0.037207702030554415,0.008143210850397101,0.5107628976685004
DJI_20250929124609_0159_D.JPG,205_post_def_rgb,Post_Defoliation,0.01819747465735689,0.04474683699565067,5.906910911307066,-0.01691439871650612,0.4213252848325039,0.4137876003612524,0.38805244123264404,7.445412800533746,3058.969234234234,0.03755483812495586,0.008239982355632386,0.526816419152839
DJI_20250929124659_0184_D.JPG,205_post_def_rgb,Post_Defoliation,0.021422490458020995,0.05457909331621198,12.676780796575754,-0.01970075483440826,0.44120389608029387,0.43051004754017297,0.39839370854203127,7.60895200794061,3171.5469239239237,0.032817413869672164,0.006796188023821783,0.49414093872844733
DJI_20250929125132_0318_D.JPG,205_post_def_rgb,Post_Defoliation,0.021137902586502628,0.03695438659000241,3.877728027474071,-0.005396785162214932,0.4285246775733304,0.4274110611858188,0.4051595422118046,7.58486547567813,4461.391771771771,0.0320424680566754,0.00708505665874928,0.3868855518722551
DJI_20250929124525_0137_D.JPG,205_post_def_rgb,Post_Defoliation,0.01895857008045121,0.05100276962765666,267.5662583291851,-0.040897008806716525,0.39000678925398635,0.37166912538217484,0.33437289142991206,7.701621648105112,3554.0376816816815,0.03299215961358851,0.006447206944739652,0.5223317813496066
DJI_20250929124509_0129_D.JPG,205_post_def_rgb,Post_Defoliation,0.01601998712666425,0.053482255538797804,703.7521404381229,-0.056334003019942416,0.39861128102081905,0.37221607693541614,0.329800885723349,7.7395463248302185,3737.400595595596,0.031496240913845924,0.00614095182910968,0.5110052126034509
DJI_20250929124517_0133_D.JPG,205_post_def_rgb,Post_Defoliation,0.02094809579468028,0.050875353864120725,325.1785372121255,-0.03995506637239227,0.39928847221396147,0.3800974600207151,0.3399583520327885,7.747264057651379,3514.839820820821,0.03314957797994586,0.006311480034482492,0.5506487230441457
DJI_20250929124929_0259_D.JPG,205_post_def_rgb,Post_Defoliation,0.016865582120797577,0.04750733846275041,8.608691482737886,-0.018528433004962683,0.4070812074906563,0.3994904407859599,0.3750340919604659,7.46792913952239,3017.4564884884885,0.039109925923014044,0.00822250710772877,0.5447247015273742
DJI_20250929124537_0143_D.JPG,205_post_def_rgb,Post_Defoliation,0.018914061810035163,0.04879583036000768,9.672201396168765,-0.017326598052741445,0.4122692564210475,0.4059430174657417,0.3807027167004008,7.47928869677153,3142.9883473473474,0.0387111127818569,0.008160971008044355,0.5480968183895184
DJI_20250929125021_0285_D.JPG,205_post_def_rgb,Post_Defoliation,0.01952484365302943,0.05909009037177516,546.9671686173322,-0.04669859777982569,0.39864056650787905,0.3772508793249812,0.336336348489054,7.768612206810793,3815.598984984985,0.03247470380753439,0.006153159707613675,0.5324900987965865
DJI_20250929124535_0142_D.JPG,205_post_def_rgb,Post_Defoliation,0.018913665479213713,0.05009552006225562,8.010323698043136,-0.018785086064734204,0.422274376241749,0.4147129406462772,0.3882378395715917,7.49077326111702,3146.5702152152157,0.03795899328761352,0.008013103046326166,0.5463699145434274
DJI_20250929124647_0178_D.JPG,205_post_def_rgb,Post_Defoliation,0.018960876909822667,0.05265873858975191,420.0242722379675,-0.05373893128428024,0.42783884914691434,0.39787884701863097,0.348957967980525,7.771865766775451,3611.4152932932934,0.03072843043302885,0.005939333260854066,0.5239798098666255
DJI_20250929124515_0132_D.JPG,205_post_def_rgb,Post_Defoliation,0.020796227493816415,0.04954492807850431,217.58141648585712,-0.036461056842580664,0.39480620417882506,0.3775247765903248,0.33944712150800815,7.7072814386284545,3472.069087087087,0.03281393836670343,0.006402480575783816,0.5297670286988725
DJI_20250929125058_0303_D.JPG,205_post_def_rgb,Post_Defoliation,0.017820931839659906,0.05141282843414511,7.849930582574427,-0.017611171854267686,0.4291437810493564,0.42128909875835624,0.39561348462769613,7.521219786693747,3143.2303103103104,0.0359921658719391,0.007623581268913981,0.5208548797875353
DJI_20250929125150_0327_D.JPG,205_post_def_rgb,Post_Defoliation,0.016671063667063786,0.0396002396515025,13.768730952845118,-0.012345757825475484,0.4341816329896238,0.42907918945146467,0.40730568224624164,7.680191282171332,4891.970281281281,0.030205150497640956,0.006385655088181598,0.3838160179453951
DJI_20250929124755_0212_D.JPG,205_post_def_rgb,Post_Defoliation,0.021721508826743615,0.049874599444096765,2.998560307901038,-0.0143375277516632,0.43211634481825323,0.42587550116792744,0.3979131486908579,7.400145411394967,2995.632605605606,0.03805397244014845,0.008477308514767494,0.5132662006807137
DJI_20250929124651_0180_D.JPG,205_post_def_rgb,Post_Defoliation,0.02509404924760602,0.05743714342028937,306.5830225800431,-0.047463459219125294,0.434128171885692,0.40659949225346903,0.3539767633736401,7.73316499062953,3535.8714404404404,0.030811645918608136,0.0060854443332293276,0.5070226677870963
DJI_20250929125013_0281_D.JPG,205_post_def_rgb,Post_Defoliation,0.02035601622301646,0.06068801268198345,591.9570247806803,-0.048897924056717994,0.4020561543511605,0.37975691421741353,0.33710165786065016,7.760478472261784,3835.4346166166174,0.03196859680688617,0.006121113304632436,0.5223569672651541
DJI_20250929124707_0188_D.JPG,205_post_def_rgb,Post_Defoliation,0.023351228486614795,0.055282153278140886,5.787465961034951,-0.01614923013280246,0.43868613816899743,0.43088074565166323,0.3997241246477143,7.495853279126637,3009.161754754755,0.03433673649817323,0.007486053128444411,0.47656871807460305
DJI_20250929125049_0299_D.JPG,205_post_def_rgb,Post_Defoliation,0.01682165773899105,0.050223460500865076,30.043893516002402,-0.01736763366465301,0.41449605512839693,0.4068201884424451,0.3823226640175021,7.632128110609754,3309.215417417418,0.03343288085639674,0.006866552368789248,0.5249724042417807
DJI_20250929124705_0187_D.JPG,205_post_def_rgb,Post_Defoliation,0.025223573013787432,0.05563418137768699,5.958415814291762,-0.014539318741300806,0.44886341144448705,0.4417333760341775,0.4093797676100805,7.54324935530169,3002.160685685685,0.03376971977145833,0.007139804488882787,0.484798719480089
DJI_20250929124859_0244_D.JPG,205_post_def_rgb,Post_Defoliation,0.019365334859929813,0.04711386579262222,3.3061055533856276,-0.013855094294298575,0.43254116133078846,0.4269254759499474,0.40194445570917653,7.456645108800678,3021.41217017017,0.038106921979960864,0.008175621734197997,0.5379812597656022
DJI_20250929124829_0229_D.JPG,205_post_def_rgb,Post_Defoliation,0.017123807703214262,0.05081515294646824,4.226851921680792,-0.01982637443821603,0.4287845872331836,0.4200800866122716,0.3942517782881453,7.449290076401874,3191.9796336336335,0.03884131085381198,0.008353910272792909,0.536668853814606
DJI_20250929124837_0233_D.JPG,205_post_def_rgb,Post_Defoliation,0.01816144122032794,0.050613582467797895,3.7931110128988452,-0.018320297865147717,0.42577827864531237,0.41793239955463757,0.39192507924363484,7.432685911523489,3130.379118118118,0.03904848073528306,0.008453252954546053,0.5337858536824209
DJI_20250929124633_0171_D.JPG,205_post_def_rgb,Post_Defoliation,0.017283391782272853,0.05334588224125539,353.532451196996,-0.05282562801570042,0.4214379826562178,0.39220180057729503,0.3456822267160993,7.7212645735643886,3601.3821181181183,0.030921410574698147,0.006142290308405753,0.4975150699446326
DJI_20250929125152_0328_D.JPG,205_post_def_rgb,Post_Defoliation,0.017930592316131037,0.04052637345221275,12.404136119635313,-0.014342876108785155,0.43471065446891444,0.4281176456319574,0.4035940444788695,7.660559518624902,4844.517522522522,0.03069178786788781,0.006514108287398446,0.3817173733128378
DJI_20250929125020_0284_D.JPG,205_post_def_rgb,Post_Defoliation,0.019473146606131496,0.05714589980445464,421.0778637840123,-0.04326730253536365,0.3746675740032815,0.3558047714175599,0.31746882222570677,7.696463248725324,3593.8995025025024,0.034041739802664346,0.006595866615340118,0.530123817766257
DJI_20250929124639_0174_D.JPG,205_post_def_rgb,Post_Defoliation,0.01610899972484015,0.05043439953457917,555.4318001285012,-0.059766130775186346,0.4260240287247662,0.3927435936342549,0.3433541588189033,7.756936665182559,3780.5084624624624,0.030021033695019142,0.00591880422506657,0.49285981499348425
DJI_20250929124853_0241_D.JPG,205_post_def_rgb,Post_Defoliation,0.0172463991533127,0.0461780018680635,2.8279349840795627,-0.015269964982981969,0.428083972156286,0.42154015020844254,0.3977499291072865,7.422727524614053,2997.096131131131,0.039089299842610656,0.008465311088327024,0.5386064773077263
DJI_20250929124906_0247_D.JPG,205_post_def_rgb,Post_Defoliation,0.01723709579888578,0.045979098442741034,3.0090726211601,-0.014654940902123275,0.4198652351295024,0.4142738605423173,0.39144539015624635,7.437382170569358,2986.1094174174177,0.03917273573713231,0.008398133916406819,0.5403178184928573
DJI_20250929124645_0177_D.JPG,205_post_def_rgb,Post_Defoliation,0.018798198221133596,0.050993215117170795,390.46769635774046,-0.053029930469941845,0.42604297825696447,0.3967137729597768,0.34858636944145555,7.775777132469979,3637.0296376376377,0.030719126278607706,0.005929574905274067,0.5255734219102974
DJI_20250929124843_0236_D.JPG,205_post_def_rgb,Post_Defoliation,0.017945102792932596,0.04931256606549468,3.2043472887380973,-0.017579061084439768,0.4378264846015619,0.4297713933407109,0.4037711992869274,7.438704643896856,3112.937472472473,0.038785263019140134,0.008337107635150002,0.5327614615183548
DJI_20250929124957_0273_D.JPG,205_post_def_rgb,Post_Defoliation,0.01753648271209087,0.0560882598809027,763.6419796786605,-0.05623398805938766,0.41640645248355795,0.3885038507735416,0.34306476635143435,7.7965085513468955,3838.1074754754754,0.03168170681170911,0.005936524648941506,0.5331393044581015
DJI_20250929124949_0269_D.JPG,205_post_def_rgb,Post_Defoliation,0.011890971512544105,0.04838726568660338,100.78254669841962,-0.0302488426227654,0.35531431230763594,0.341332214707895,0.31545914559560995,7.626716394173117,2937.7803933933933,0.0407278668082913,0.007785246625507436,0.6063345343748708
DJI_20250929124729_0199_D.JPG,205_post_def_rgb,Post_Defoliation,0.01816781180177436,0.04516573384246515,3.2735741538633056,-0.017542050603915702,0.4442432655301604,0.4354503989066902,0.4084897204814457,7.467797392316299,2973.820897897898,0.036344857481769785,0.007813004225457646,0.5014890430251165
DJI_20250929124841_0235_D.JPG,205_post_def_rgb,Post_Defoliation,0.019349932779589143,0.049722352557793136,3.625004991071581,-0.015693533305229605,0.42903707268365565,0.42277306048350044,0.39715911550375577,7.44208395812764,3137.6698858858867,0.03892233247349755,0.008351569353878026,0.5337537838138725
DJI_20250929125005_0277_D.JPG,205_post_def_rgb,Post_Defoliation,0.017583076835385316,0.05469016235221814,500.6282519493774,-0.049134913928329374,0.4010355388401952,0.37788114164454273,0.3371436676135049,7.7641983393286464,3723.5711451451452,0.03241395353645603,0.006160239455715448,0.5361018668634291
DJI_20250929124955_0272_D.JPG,205_post_def_rgb,Post_Defoliation,0.017017339651796616,0.05373556897416079,506.1329832330342,-0.0502607976031257,0.39781381515746295,0.37338663147414186,0.3319421081390242,7.752889131316084,3660.2048178178175,0.03295068620971193,0.006248939344931292,0.5380643600236461
DJI_20250929124527_0138_D.JPG,205_post_def_rgb,Post_Defoliation,0.014515738745631536,0.04099068407500233,35.418069185565415,-0.01603297442466796,0.34316661642596186,0.33894440186375746,0.32020644855592145,7.469573520228042,2774.313227227227,0.038885537284437964,0.008369980112138147,0.5378962573793707
DJI_20250929124851_0240_D.JPG,205_post_def_rgb,Post_Defoliation,0.01769758152211462,0.04656069865825092,3.117792508129349,-0.014539947063496489,0.4334431274846243,0.42726403315255695,0.4033873572983748,7.443082023596792,3037.353251251251,0.03866643480590767,0.008292100765866721,0.5382549809876604
DJI_20250929125130_0317_D.JPG,205_post_def_rgb,Post_Defoliation,0.01709657070767149,0.036744869840993954,3.314200712261027,-0.009723539258555918,0.43224391377793875,0.42827448318160494,0.40720848187759956,7.584024601674824,4461.942727727728,0.03232285278305271,0.0070811107615334325,0.384024488326578
DJI_20250929124907_0248_D.JPG,205_post_def_rgb,Post_Defoliation,0.01731700611810125,0.04656457417214815,2.9514678340747387,-0.015805975787643787,0.42701172925201575,0.42026074287453136,0.3961927503789456,7.441320535048466,2988.0654064064065,0.03899851543984005,0.008338536433242177,0.5407985822180031
DJI_20250929124631_0170_D.JPG,205_post_def_rgb,Post_Defoliation,0.021337945640308394,0.05464580317496462,379.5677444309729,-0.04814193922263601,0.4296130243507459,0.40253224961354456,0.3541135292360349,7.733879581063831,3657.2227327327328,0.030660347286967794,0.006072472558276329,0.49652450032163614
DJI_20250929125136_0320_D.JPG,205_post_def_rgb,Post_Defoliation,0.02067407799670409,0.03924919125879985,4.750643600822889,-0.008091698653188987,0.4417182914315341,0.43907211426103054,0.41575185909382295,7.621547519888489,4709.748848848849,0.03197718183547647,0.006815448130247855,0.39565070620727466
DJI_20250929124835_0232_D.JPG,205_post_def_rgb,Post_Defoliation,0.018758530030573983,0.05205094031874036,4.41861918529531,-0.019153289095606756,0.4338010483860793,0.4252696656687616,0.3979797529208699,7.451654971970242,3162.644754754755,0.038680376419127284,0.008275955012644236,0.5344179665901623
DJI_20250929124555_0152_D.JPG,205_post_def_rgb,Post_Defoliation,0.015887174246479542,0.04493689934303663,4.165684062848184,-0.01654478749110594,0.4241129705053268,0.41706541865451635,0.3941306925572263,7.459492700297049,3136.236711711712,0.03884654395112962,0.008279360154101165,0.5450619608916374
DJI_20250929124627_0168_D.JPG,205_post_def_rgb,Post_Defoliation,0.02066619287203805,0.050132781723883274,114.81785950273971,-0.031007722908784965,0.4053441109032392,0.38911794407225775,0.3522255843692381,7.618481175418122,3283.7551401401406,0.034323894049190826,0.0069575778739338475,0.505776940124576
DJI_20250929125043_0296_D.JPG,205_post_def_rgb,Post_Defoliation,0.00967366334191856,0.04777672406408871,66.14206432499844,-0.026438069917830383,0.39280982612811033,0.3804467181555038,0.35840994684097865,7.685627131467417,3408.8570160160166,0.03369460915477038,0.0066061577713281165,0.5324064093822461
DJI_20250929124911_0250_D.JPG,205_post_def_rgb,Post_Defoliation,0.01702030039886163,0.04645262388736116,3.694770080342999,-0.01794350125340997,0.42546050393454565,0.4173347274190186,0.39218865050463,7.436595743409818,3002.284716716717,0.03937422959137882,0.008382592913893419,0.5408530200511744
DJI_20250929125106_0307_D.JPG,205_post_def_rgb,Post_Defoliation,0.01903829828649908,0.049213323160704106,8.898304305216627,-0.01630659915105391,0.42638167608097866,0.4191539585469877,0.39288794272649774,7.514708353937358,3107.574650650651,0.03581550987799795,0.007622396194542067,0.5149187378849671
DJI_20250929125140_0322_D.JPG,205_post_def_rgb,Post_Defoliation,0.020285523970748946,0.037491034710239624,8.080260238798465,-0.008295889177151175,0.42706808182491063,0.4245680497204244,0.4017824936451892,7.634045760596895,4567.895011011011,0.031449049892780946,0.006808409618157218,0.4016859275376881
DJI_20250929124735_0202_D.JPG,205_post_def_rgb,Post_Defoliation,0.019168459448767095,0.04493475202413742,2.516263635788461,-0.01533841764789566,0.43851359889713776,0.43127688966630556,0.4048717209867064,7.43002877264708,2966.6833153153157,0.03740151399435064,0.008152430237385174,0.5018650208116536
DJI_20250929125059_0304_D.JPG,205_post_def_rgb,Post_Defoliation,0.018471967451533115,0.05005775674392483,8.608267173207773,-0.015247456189187257,0.42099649171186077,0.415039131426079,0.3906098036887642,7.510373067895671,3106.2703143143144,0.03634950645907805,0.007726281197760834,0.5219523598727828
DJI_20250929125029_0289_D.JPG,205_post_def_rgb,Post_Defoliation,0.02025577831938609,0.05400996856830174,475.2515973591688,-0.041256062922197884,0.39780712146595315,0.37836096590871543,0.3386590320320916,7.765335991962028,3840.6401311311315,0.0321640639021218,0.006114833766570731,0.5245752192438655
DJI_20250929125037_0293_D.JPG,205_post_def_rgb,Post_Defoliation,0.013378520867089978,0.04853615838344768,38.05993393963826,-0.017231631425485335,0.4080623265982251,0.40025636877908927,0.37907189009286346,7.677321607156645,3440.262734734735,0.03285595641325696,0.006589168374126231,0.5267174301877663
DJI_20250929125035_0292_D.JPG,205_post_def_rgb,Post_Defoliation,0.010132218290079766,0.0466951872248276,76.70358995314918,-0.023999084882098794,0.38359995207983,0.3730545146943172,0.3523768590187247,7.676765456359568,3454.6494224224225,0.03350232553591834,0.006646029321465398,0.5266341822358974
DJI_20250929124737_0203_D.JPG,205_post_def_rgb,Post_Defoliation,0.01909244334740974,0.046918717005561425,2.728549021916935,-0.015960817750411728,0.4439166207816582,0.4362792779772386,0.40954949182540934,7.457161962832055,3012.3383913913913,0.03683406910141286,0.007930793028357202,0.5041925464050535
DJI_20250929125148_0326_D.JPG,205_post_def_rgb,Post_Defoliation,0.01453884214776084,0.03979631407259327,17.84627994615368,-0.01640378617419881,0.43595669754404814,0.42830505679077097,0.40611457388973293,7.679225180784633,4871.54453953954,0.03023057210514605,0.006386294797275975,0.38476600749717565
DJI_20250929125051_0300_D.JPG,205_post_def_rgb,Post_Defoliation,0.015391775176075272,0.04933777483379913,18.439659633691274,-0.017586965616060633,0.40921585073959726,0.4018247822001614,0.37904193848465023,7.578159160661189,3215.9165345345345,0.034791482357160036,0.0072721019347663654,0.5220699647110026
DJI_20250929125142_0323_D.JPG,205_post_def_rgb,Post_Defoliation,0.018842285753808828,0.03690046824466654,14.454260219468669,-0.012572608847565496,0.4154514459635312,0.4103214609065736,0.3863491900958073,7.6306940570858295,4391.428904904906,0.03209646403494118,0.006883043891341029,0.4026744763737647
DJI_20250929124923_0256_D.JPG,205_post_def_rgb,Post_Defoliation,0.01993803383565026,0.05122839116290833,4.7378623733013585,-0.01620176382316909,0.4158839622958906,0.4096546788890511,0.38348736164656133,7.425590275338294,2931.407373373373,0.0390160669261833,0.008431998642291523,0.5421043451187073
DJI_20250929125114_0309_D.JPG,205_post_def_rgb,Post_Defoliation,0.015155057158752216,0.03911874058043352,6.041660269246025,-0.01527562764293823,0.42372978318544996,0.4163600412244133,0.39383524210462445,7.585467779321857,4302.322173173174,0.031066386877211444,0.006950029281313512,0.3663775416207329
DJI_20250929124603_0156_D.JPG,205_post_def_rgb,Post_Defoliation,0.017753325236243955,0.04457448595438937,3.918691347861173,-0.01556084899885162,0.4280999892909948,0.421154071231857,0.39645482793647535,7.44289683040618,3086.157696696697,0.03802006667033869,0.008286650619423888,0.5321060513731111
DJI_20250929124805_0217_D.JPG,205_post_def_rgb,Post_Defoliation,0.021022239885322022,0.04698478973162749,2.211954970950482,-0.011271421945382967,0.43447564737663924,0.4300947033530451,0.40469151944412907,7.408091482788153,3034.7394654654654,0.038975835223635805,0.008503857204770721,0.5233159385647231
DJI_20250929124601_0155_D.JPG,205_post_def_rgb,Post_Defoliation,0.015933796343858497,0.04419800947526474,4.165941533789941,-0.016900583184335523,0.4187574972423937,0.41143073924578566,0.3881701849053192,7.427782733381869,3105.7033883883887,0.03915783534694908,0.008472847632576825,0.5348225880706199
DJI_20250929124913_0251_D.JPG,205_post_def_rgb,Post_Defoliation,0.015350771927026165,0.04575795595801622,4.0465390265151635,-0.01910380995309486,0.41764741985819065,0.4089575147628068,0.38491683774039687,7.415346205593842,2968.43107007007,0.03989258949856145,0.00855845005755762,0.5396846129325568
DJI_20250929124741_0205_D.JPG,205_post_def_rgb,Post_Defoliation,0.018879088759780036,0.047487843066746124,2.3624319342978004,-0.015650948950705963,0.4441584552402632,0.43662192596728,0.41020630793451673,7.439331459779369,2999.155932932933,0.03705327278816561,0.008076435283277087,0.5058498115175941
DJI_20250929124919_0254_D.JPG,205_post_def_rgb,Post_Defoliation,0.018362361233521196,0.04842083396002543,3.7914269263567992,-0.017541507930438308,0.41871886521943397,0.4112210753598557,0.38536092426675606,7.4186195447193715,2959.445203203203,0.03955537327828772,0.00848963799774243,0.5411679898448581
DJI_20250929124942_0265_D.JPG,205_post_def_rgb,Post_Defoliation,0.019286354256596774,0.04776205846948285,13.281832849884507,-0.01666054572222167,0.411596916384748,0.40505851502595086,0.3792337594105571,7.531568873138031,3033.667500500501,0.0380886083441325,0.007784929907339612,0.5527207257798149
DJI_20250929124557_0153_D.JPG,205_post_def_rgb,Post_Defoliation,0.017286028480546858,0.04424660362928627,5.380437875033098,-0.01528838356620596,0.4127816213043419,0.4068139023464887,0.3835601549080888,7.439528698219676,3121.8787597597598,0.03940374065721996,0.008462977185583366,0.5433955885929134
DJI_20250929124549_0149_D.JPG,205_post_def_rgb,Post_Defoliation,0.01804525771303711,0.045222037547279124,5.625018513129282,-0.014952964619550852,0.4156852137475391,0.41012482411998413,0.38651917677939207,7.466120972503583,3174.4151741741744,0.03913537078730568,0.008297130220589824,0.5472481831635503
DJI_20250929124743_0206_D.JPG,205_post_def_rgb,Post_Defoliation,0.01882395578187153,0.047511203458171815,2.6456795968814433,-0.01426211770381488,0.43695197773398053,0.4308320147964508,0.4058880960770496,7.423276774095857,3005.0114864864863,0.037665705942216715,0.008243694441060823,0.5060714846073379
DJI_20250929124611_0160_D.JPG,205_post_def_rgb,Post_Defoliation,0.020720939094147323,0.046989491673404944,7.378961454312342,-0.015142737136651752,0.42963591165776605,0.42294360289386457,0.39553035503581585,7.473198798522189,3080.548380380381,0.0370028177183704,0.00796417489357115,0.5212193264838096
DJI_20250929124815_0222_D.JPG,205_post_def_rgb,Post_Defoliation,0.018661440619542235,0.04688767642384797,2.9270534030627746,-0.015106216014482537,0.417080105424374,0.41098781392555184,0.38623408180718743,7.399884659890666,3124.010633633634,0.03990017384932488,0.008754853870002853,0.5299903261169326
DJI_20250929125009_0279_D.JPG,205_post_def_rgb,Post_Defoliation,0.02125221520955105,0.05805181898307689,577.2093162896991,-0.04743171227514936,0.3976790084197113,0.3762659444771873,0.3336006653251122,7.762051330950743,3736.9136566566563,0.03226441300003405,0.006157834435167687,0.5331113039673925
DJI_20250929124507_0128_D.JPG,205_post_def_rgb,Post_Defoliation,0.015779476274071228,0.05119903136618769,588.0180365448514,-0.056005727828916274,0.37400775847152906,0.3499362012514967,0.3100851677573931,7.6831392611958345,3519.440767767768,0.033251292487617205,0.006550158566777036,0.5188449852605785
DJI_20250929125103_0306_D.JPG,205_post_def_rgb,Post_Defoliation,0.019767054353683745,0.049283300763315226,7.900675111988169,-0.015624906763583626,0.42757321756643335,0.4208710333874641,0.39440179485481114,7.513128493859526,3113.3448948948953,0.0356932267853617,0.007652244712594713,0.5167069612469335
DJI_20250929124927_0258_D.JPG,205_post_def_rgb,Post_Defoliation,0.01814136559041915,0.05140800969797249,8.127495537220065,-0.01941075483621401,0.4253015450481139,0.41658896292070774,0.38973501520288234,7.492606459424213,3036.9124654654656,0.03809247835838089,0.007959656708281613,0.5441829645724716
DJI_20250929124607_0158_D.JPG,205_post_def_rgb,Post_Defoliation,0.01672355168589481,0.04503471806768546,5.808604240985248,-0.019421750095151062,0.4298574493222237,0.420311025446579,0.3940410498850397,7.455504443096147,3086.3662492492494,0.037874492845136165,0.008168205950961705,0.5298729673570957
DJI_20250929124715_0192_D.JPG,205_post_def_rgb,Post_Defoliation,0.022921649057637578,0.053005731701901794,5.625847102826084,-0.01777893214484099,0.4471533276844457,0.4383522438144605,0.40662951088683785,7.5244619969168625,3047.3422872872875,0.03417712299065716,0.007291478770431733,0.4862484543268753
DJI_20250929124931_0260_D.JPG,205_post_def_rgb,Post_Defoliation,0.017967907116426863,0.047406262811692024,9.786191425060117,-0.017868700220081944,0.41467415786365414,0.4072199985641221,0.3817979321481634,7.492421004811227,3017.067238238238,0.03869694960277676,0.008019037137229127,0.5476754738434845
DJI_20250929124747_0208_D.JPG,205_post_def_rgb,Post_Defoliation,0.017114974839094566,0.04821300862830968,2.817306194664446,-0.01772060626981586,0.43679998251713587,0.4283540048675658,0.4027930523789011,7.423847718662017,3037.7848808808812,0.037418665157126454,0.008263433874271005,0.5069834215247185
DJI_20250929124933_0261_D.JPG,205_post_def_rgb,Post_Defoliation,0.017696918404889916,0.046848053021109747,11.199749594810173,-0.018410230152759284,0.41266529811437397,0.4048778399891378,0.3793934634590117,7.496111402995773,3030.5857617617617,0.038664626157143424,0.008011783425595304,0.5489726254350553
DJI_20250929124621_0165_D.JPG,205_post_def_rgb,Post_Defoliation,0.016218538354459962,0.049284860876262264,16.021158456897922,-0.02076505262746297,0.4264570059724108,0.4164538984083384,0.3902322524898062,7.518379425471834,3180.965166166166,0.03524003103061041,0.007548221334525416,0.4985949285657272
DJI_20250929124825_0227_D.JPG,205_post_def_rgb,Post_Defoliation,0.018821943337496774,0.0493332102168165,3.902731011150545,-0.016840125420139313,0.4278498226856082,0.42082145974255136,0.3949711534619976,7.442115240529026,3183.57288988989,0.03927420997598463,0.008415512782351676,0.5377959429713917
DJI_20250929124623_0166_D.JPG,205_post_def_rgb,Post_Defoliation,0.014271737703568727,0.048541043457909876,23.051424423722878,-0.02386123158642996,0.42753632988722645,0.41533023312888595,0.3888523986669767,7.544344649047094,3233.1261451451455,0.034896263210768635,0.007391464493655814,0.4984050977129193
DJI_20250929125047_0298_D.JPG,205_post_def_rgb,Post_Defoliation,0.013403440519511414,0.0471884773474217,33.70939963286772,-0.019080470612615228,0.40216263742222075,0.3941439460776804,0.3727218142136286,7.63151152531745,3287.3012892892893,0.03420370752544553,0.00691675093852943,0.528139535042836
DJI_20250929124717_0193_D.JPG,205_post_def_rgb,Post_Defoliation,0.02175158547348222,0.05199997700202226,5.362518324032627,-0.01923442424630297,0.45078809304308176,0.44079938030456234,0.4090590820925607,7.529673769336922,3044.9213673673676,0.034109987398984964,0.007261207581797698,0.4882042261639412
DJI_20250929124709_0189_D.JPG,205_post_def_rgb,Post_Defoliation,0.023000860400231422,0.0551862241671254,7.327661346987062,-0.0179971993803662,0.45084520354469576,0.44159268741660346,0.40933931088827974,7.555523299251463,3133.1598308308307,0.03348764070914641,0.0070507070373817295,0.48062885830613267
DJI_20250929125056_0302_D.JPG,205_post_def_rgb,Post_Defoliation,0.01872982279975752,0.05097889276543476,8.67572541997112,-0.015452414828423432,0.4226852924504667,0.4163927416149841,0.3913703679797439,7.512037498744907,3142.2291161161165,0.035850057379076754,0.007690747593667373,0.5177471352934273
DJI_20250929124939_0264_D.JPG,205_post_def_rgb,Post_Defoliation,0.018083119416072338,0.04687262671854379,10.568885809397148,-0.019501207114789962,0.41943053419011384,0.41071264449647243,0.3839116353867588,7.523420555828257,3002.72227027027,0.03833270510215335,0.007842176832692116,0.5536715773602596
DJI_20250929125054_0301_D.JPG,205_post_def_rgb,Post_Defoliation,0.019118643799861456,0.05126061028265302,9.703507085512207,-0.014498786090559908,0.4263730946081285,0.42063941566530705,0.39578709292262426,7.545397172831376,3186.7725475475477,0.03497791450013457,0.007420788444240086,0.5179111834904873
DJI_20250929124619_0164_D.JPG,205_post_def_rgb,Post_Defoliation,0.017501835212591025,0.05056762273652611,18.360502605395954,-0.02115076981325347,0.4351178912406646,0.4245343240514946,0.39644892164973355,7.543116137817657,3209.12698998999,0.03444057539331229,0.007346980861376125,0.5005227203818187
DJI_20250929124817_0223_D.JPG,205_post_def_rgb,Post_Defoliation,0.019064853953500386,0.04714653859216734,2.660385151784913,-0.013449809854162772,0.4233045035046834,0.41812488021834954,0.3938804029785153,7.40963835973652,3126.1261281281286,0.03990663263606059,0.00865834003938532,0.532669917233862
DJI_20250929124725_0197_D.JPG,205_post_def_rgb,Post_Defoliation,0.01854538553019639,0.04750413259375834,3.0001069744672493,-0.018696411558673624,0.4493445234552748,0.43971988178640026,0.4115498545873293,7.506335603459839,3015.810317317317,0.03510475043179435,0.007494671208462008,0.49828097160296625
DJI_20250929124945_0267_D.JPG,205_post_def_rgb,Post_Defoliation,0.017490546073655126,0.04768742268400441,47.22709065252415,-0.023811473775960542,0.377714716681476,0.3673200507874198,0.33943483881970843,7.5820273304210435,2966.615283283283,0.03917524333993298,0.007778008829081463,0.5766117338396096
DJI_20250929124649_0179_D.JPG,205_post_def_rgb,Post_Defoliation,0.026925634407177705,0.054213746916364235,386.23242082900924,-0.04726693805206547,0.4112667846384502,0.3857407533822733,0.3332890877189188,7.717920468439143,3439.5663183183183,0.03146773608751755,0.006259618155773779,0.5213115779221982
DJI_20250929124613_0161_D.JPG,205_post_def_rgb,Post_Defoliation,0.01625160973020516,0.04803440208742402,9.996254012515022,-0.021441612571822092,0.42541347574357746,0.41492646176419523,0.3881878380546079,7.471457715301709,3084.203208208208,0.03681454341015942,0.007974508478782305,0.5160468226184767
DJI_20250929124533_0141_D.JPG,205_post_def_rgb,Post_Defoliation,0.015754271248438707,0.04974850203225233,9.640036909438871,-0.020830337017236415,0.4163717165559119,0.4080028358587361,0.3838796839131216,7.4897013767436675,3152.5408778778774,0.037733376947762055,0.008027349952267254,0.5436778781794708
DJI_20250929124519_0134_D.JPG,205_post_def_rgb,Post_Defoliation,0.01741031020368438,0.04664193760140985,400.398505815875,-0.046517931272413555,0.36800899785489466,0.3477982204502048,0.3101771328418305,7.680419799980144,3411.338063063063,0.03471922303610618,0.006766282389330715,0.5439853670626553
DJI_20250929125126_0315_D.JPG,205_post_def_rgb,Post_Defoliation,0.01619463797254049,0.03646671222480219,2.8307205739546473,-0.010610488883891843,0.426903087858301,0.4223514746961075,0.40160522356137357,7.549419030636039,4347.319454454455,0.03257486744241058,0.007317574512541465,0.3752558858037507
DJI_20250929124539_0144_D.JPG,205_post_def_rgb,Post_Defoliation,0.019339339050109733,0.04891621750418277,8.566509101130311,-0.017211972328038123,0.4194757102713929,0.4130113058107393,0.38720756229997594,7.487041510599622,3146.430796796797,0.038579511902817,0.008086934067167284,0.5500720936258099
DJI_20250929124513_0131_D.JPG,205_post_def_rgb,Post_Defoliation,0.015892154947740652,0.05295140471034477,342.2928173665268,-0.049149226903374,0.41541364677975856,0.39053529086589445,0.3497647800042896,7.756820332299604,3674.5509939939943,0.03139811604207611,0.006045328854240343,0.519427088507949
DJI_20250929125108_0308_D.JPG,205_post_def_rgb,Post_Defoliation,0.017668585914158534,0.048610267242799224,9.742214474472272,-0.016318455545258962,0.42203211353558184,0.41486398155257453,0.3900272636554085,7.518202588078579,3107.8679829829834,0.035710403933963526,0.007610781205442954,0.5136928239085232
DJI_20250929124523_0136_D.JPG,205_post_def_rgb,Post_Defoliation,0.01654082083548865,0.04812077010779561,435.7254807327646,-0.051113641290069636,0.3693299532753936,0.34778570401871567,0.3097006339265491,7.669943600855906,3468.691970970971,0.0336279324508313,0.006666891437201406,0.5226580834986181
DJI_20250929124901_0245_D.JPG,205_post_def_rgb,Post_Defoliation,0.01862543309139693,0.04644527606121548,3.3768946508662077,-0.01470260810164844,0.42517206896929804,0.4192429917971723,0.39468848153364966,7.436867365070503,2980.6974364364364,0.03906040069437655,0.008364451154869713,0.5395525444306021
DJI_20250929124759_0214_D.JPG,205_post_def_rgb,Post_Defoliation,0.020249779098605154,0.04903882221120405,3.3735952611177438,-0.0157006521937158,0.42935303809071507,0.4222261690088297,0.3948495208283393,7.3925900090780905,3004.4847877877883,0.03879857559191824,0.008588143464108647,0.5150702560067321
DJI_20250929124809_0219_D.JPG,205_post_def_rgb,Post_Defoliation,0.017966273354793397,0.04668230281834791,2.8684633337347494,-0.014058325744165434,0.43495812091803665,0.4287206705804852,0.40451694688814027,7.41694957511654,3090.8740260260265,0.038955485327567346,0.008479374929710208,0.5272473961022147
DJI_20250929125134_0319_D.JPG,205_post_def_rgb,Post_Defoliation,0.019909478490970488,0.038009804067299036,4.113988357639574,-0.008338073664663723,0.43647451155371,0.4334361936665771,0.41048839728847386,7.60595508368944,4546.233788788789,0.032173087357659474,0.006939303979903985,0.3921068595674263
DJI_20250929124903_0246_D.JPG,205_post_def_rgb,Post_Defoliation,0.01688921327562186,0.04700473478650242,3.1691984889257507,-0.01681321449301345,0.4293334765080772,0.4218133419260709,0.39740399406844273,7.446868025035249,2987.3514044044045,0.038760763988366594,0.0082848925006938,0.5406006674967653
DJI_20250929124521_0135_D.JPG,205_post_def_rgb,Post_Defoliation,0.014527000473719529,0.05074477882943135,609.3069724597192,-0.05758725261502317,0.39851979055709064,0.37210785064707624,0.3311689102633424,7.753570868654634,3721.18348948949,0.03221774159809535,0.00617753662518907,0.5296222191526684
DJI_20250929125015_0282_D.JPG,205_post_def_rgb,Post_Defoliation,0.02180473454433708,0.05828817250985175,552.0614711548704,-0.04381706471054063,0.3757208270100637,0.3574499355882623,0.3173743096221238,7.7070773046306975,3661.1011141141144,0.03329589734764331,0.006492692157175191,0.5257008221444714
DJI_20250929124545_0147_D.JPG,205_post_def_rgb,Post_Defoliation,0.017419464112666542,0.0463673962958063,6.273601843717961,-0.017412501934406036,0.41496326289271107,0.4082599849082631,0.38413724281114847,7.468701985659447,3180.2979889889884,0.03885638347133804,0.008280263490020402,0.5476029118861759
DJI_20250929124657_0183_D.JPG,205_post_def_rgb,Post_Defoliation,0.029243156825496382,0.055784744349679415,30.329550133822675,-0.023931695656527363,0.4256972463587881,0.41267618416364915,0.37041196514301405,7.5941604829612555,3142.1782862862865,0.03300651109413051,0.0069417769949363115,0.49648487069587793
DJI_20250929124753_0211_D.JPG,205_post_def_rgb,Post_Defoliation,0.021622526752987554,0.05070172615390493,3.366511868393216,-0.01717341305034908,0.44053806443066246,0.4320997513047563,0.40203891142586273,7.418106817367912,3003.6676826826824,0.037890831993661375,0.008310815136122652,0.5127163581298612
DJI_20250929124751_0210_D.JPG,205_post_def_rgb,Post_Defoliation,0.021591595488579963,0.049954811166504624,3.3178810434710226,-0.014874125003169118,0.434035915232441,0.4276439028211095,0.3996602949211979,7.41587944553762,3022.849933933934,0.037843549563017304,0.00834818688436527,0.5107583775473752
DJI_20250929124655_0182_D.JPG,205_post_def_rgb,Post_Defoliation,0.03298968109243268,0.058658856045649334,102.12895986970521,-0.0312385472930568,0.43157763529393744,0.41375005594816905,0.36293279550996793,7.652311815040059,3307.8392582582583,0.031690935585522675,0.006580313537513065,0.500579728560921
DJI_20250929125017_0283_D.JPG,205_post_def_rgb,Post_Defoliation,0.019535287561573023,0.06076417667335503,542.6715773511099,-0.04688615628139959,0.40382223546954704,0.38192128697160144,0.3404850509120828,7.766354626471155,3826.1039229229236,0.031780196540296936,0.006093547818694166,0.5250491745148588
DJI_20250929125116_0310_D.JPG,205_post_def_rgb,Post_Defoliation,0.014198561816643807,0.038910709511796,5.7117833063808074,-0.016256504692625882,0.42851515774830323,0.4205679418793899,0.39842216419383264,7.589789070031701,4402.519095095095,0.030977301945243042,0.006930824852059582,0.36622308263368475
DJI_20250929124511_0130_D.JPG,205_post_def_rgb,Post_Defoliation,0.014871787636370848,0.047393629608120484,464.6209380061425,-0.05269174453660908,0.368730733553341,0.34562344096108893,0.30764436073246587,7.653228636125193,3378.482179179179,0.03298008146513141,0.006674864010998357,0.5093320358718059
DJI_20250929125124_0314_D.JPG,205_post_def_rgb,Post_Defoliation,0.017282113422934512,0.03621146280639332,2.6937990536818734,-0.007866325792543004,0.4183523596534548,0.4159354806090404,0.3962364881416917,7.5290601623255515,4203.296717717718,0.03281884704867561,0.007469513134019655,0.37521505970582353
DJI_20250929124847_0238_D.JPG,205_post_def_rgb,Post_Defoliation,0.018943398927116883,0.0480329969533951,2.739887204498908,-0.016314639856829103,0.4336871840993652,0.42640052967520925,0.40017047632393643,7.42387681555067,3059.1188198198197,0.039009615422736274,0.008450257735995613,0.533989529603845
DJI_20250929125025_0287_D.JPG,205_post_def_rgb,Post_Defoliation,0.018462394119028867,0.05625402361383592,526.3205897908819,-0.046998069269420156,0.40373554659784067,0.3815796143196072,0.34096128792234487,7.775517458047509,3874.5494134134133,0.03218231739829977,0.006094224520432306,0.528953524398381
DJI_20250929124531_0140_D.JPG,205_post_def_rgb,Post_Defoliation,0.014667623004865762,0.04829781800953614,10.161557954296105,-0.021567168186212803,0.40876318874824497,0.4000488562692289,0.3766669007853471,7.480730700999128,3120.457543543544,0.038534002271050125,0.00814767607150081,0.5444764100898453
DJI_20250929124641_0175_D.JPG,post_def_rgb_part1,Post_Defoliation,0.0160850760624745,0.047275520239428825,458.7336473293004,-0.05600898661628524,0.39497832778207337,0.3669493419744342,0.32283528010432044,7.705529645645202,3573.7014924924924,0.031394778593640205,0.006262863458030134,0.4992820451390094
DJI_20250929124315_0072_D.JPG,post_def_rgb_part1,Post_Defoliation,0.014745607430397474,0.051816649124789615,438.58054624759626,-0.0539690445682143,0.42196280163948413,0.39276215152926996,0.34881589398865837,7.747719804082207,3880.4894274274275,0.02996714755517328,0.005925121435125016,0.47436199141243335
DJI_20250929124953_0271_D.JPG,post_def_rgb_part1,Post_Defoliation,0.018575964583982935,0.050347520399540276,405.5920420009029,-0.045801637038801836,0.3503551415165754,0.33076515316731214,0.2925992002340661,7.639651000343868,3203.7224144144143,0.03772467972979755,0.007235852144354088,0.5572033448483361
DJI_20250929125146_0325_D.JPG,post_def_rgb_part1,Post_Defoliation,0.015722542253258812,0.0389931512385561,19.02271801242748,-0.015326014392799042,0.42165242635568795,0.4149743656003321,0.39257376259171745,7.648421893132957,4690.477294294295,0.03144730577407133,0.006686206248886681,0.3911690923590565
DJI_20250929125027_0288_D.JPG,post_def_rgb_part1,Post_Defoliation,0.01833100416224338,0.05345436422913656,466.09063829157117,-0.04533949508720817,0.38831297608512416,0.36735206665777503,0.3280601530681826,7.74074297130813,3731.759044044044,0.033126193767356704,0.006310544717080921,0.531523925790237
DJI_20250929124643_0176_D.JPG,post_def_rgb_part1,Post_Defoliation,0.01746848785091142,0.04854504555618275,589.086034763844,-0.05788921401893879,0.41343778368350126,0.38295347943540564,0.33500068733639854,7.7511406842572415,3713.603458458458,0.030543398902078644,0.005996055320469688,0.5025261227257644
DJI_20250929124845_0237_D.JPG,post_def_rgb_part1,Post_Defoliation,0.018485049935806044,0.04765253844213776,3.4620225902357498,-0.01570392026013054,0.4245952172501197,0.4182094368640307,0.39333860654213576,7.419777137765791,3084.9234344344345,0.0390106168381692,0.008530045844104411,0.53130684120639
DJI_20250929124155_0032_D.JPG,post_def_rgb_part1,Post_Defoliation,0.017877126706306506,0.05157730314096494,364.8643894121158,-0.0515218096189355,0.3997713375802875,0.3739032131221211,0.33015796195764824,7.719731184902886,3662.2582272272275,0.031493375714414254,0.006212050309561894,0.5000264136228019
DJI_20250929124959_0274_D.JPG,post_def_rgb_part1,Post_Defoliation,0.01689764793146477,0.054549387374568006,572.6556642621688,-0.05436511146391858,0.395901257226701,0.3703686272782545,0.32793834939834315,7.7472880490789,3668.2387717717716,0.03296089575355709,0.006268328053095648,0.5374593536247463
DJI_20250929124857_0243_D.JPG,post_def_rgb_part1,Post_Defoliation,0.01823746839867178,0.04751619389196425,3.23327035143099,-0.017015505597657087,0.4305701445099901,0.42268881324245855,0.39657001357625504,7.440968359796848,2989.959656656657,0.03843054769786867,0.008312717482424943,0.5398988267400071
DJI_20250929124839_0234_D.JPG,post_def_rgb_part1,Post_Defoliation,0.01756319251817527,0.050213645080885036,3.0364500385041318,-0.016725621872127786,0.43586335309317525,0.4286715019026883,0.4039164581940262,7.452476520663336,3136.1478598598596,0.03848240768350637,0.008240298273044603,0.5344959641032907
DJI_20250929124211_0040_D.JPG,post_def_rgb_part1,Post_Defoliation,0.016405882675863494,0.049246467544368164,338.8475376847564,-0.05310333673257419,0.4031689559230561,0.3752296283704829,0.33088441814204617,7.71521426651731,3588.5417767767767,0.03089810646564909,0.0061893686884235384,0.49514054555108644
DJI_20250929124701_0185_D.JPG,post_def_rgb_part1,Post_Defoliation,0.025861362615027934,0.05517363983300476,11.771188643185052,-0.01597402813929037,0.4331563255300282,0.42506942754734645,0.3911211669496367,7.577881754496923,3113.7734164164162,0.033613312348626134,0.007033767005146466,0.4934848293285235
DJI_20250929124833_0231_D.JPG,post_def_rgb_part1,Post_Defoliation,0.018512242811148417,0.05135622123150652,4.557110554902511,-0.018376713725188176,0.42687289424609504,0.41910039024035634,0.39281564342346925,7.441934347548996,3181.9290100100097,0.03895802827165526,0.008391511664686472,0.5333689893739805
DJI_20250929125154_0329_D.JPG,post_def_rgb_part1,Post_Defoliation,0.017979434316699378,0.04068822879499637,10.097690099828133,-0.013207299262570233,0.43304191546704773,0.42709950160319665,0.40317765342264617,7.63875259038844,4776.1962982983,0.030855460731145284,0.006661902732334221,0.38096348890378967
DJI_20250929124629_0169_D.JPG,post_def_rgb_part1,Post_Defoliation,0.02675468965813491,0.05271934517316735,256.2549245864533,-0.03869956661780186,0.41068458029410865,0.38968730530788165,0.3419353406635197,7.667952235156398,3398.693256256256,0.0329607615087576,0.006584628068180141,0.5074327810130803
DJI_20250929124637_0173_D.JPG,post_def_rgb_part1,Post_Defoliation,0.015300029378421098,0.050693084255636414,349.2142505489388,-0.05479726546838451,0.40934025543605923,0.3800001997612477,0.33536011470801513,7.7200547118003815,3555.956867867868,0.03144411744722749,0.00620469826525393,0.5070006122359982
DJI_20250929124347_0088_D.JPG,post_def_rgb_part1,Post_Defoliation,0.01711007543164951,0.04476850226166676,411.0731404279896,-0.04185030858638604,0.38672013152550905,0.36839917231255037,0.33296813766794214,7.719536023661856,3919.8059419419424,0.03214894977763186,0.006275644192938497,0.4964270113195659
DJI_20250929125024_0286_D.JPG,post_def_rgb_part1,Post_Defoliation,0.02103645635261795,0.05650764614895755,474.6732240739065,-0.04290419785425207,0.3929494586770579,0.37333830521055433,0.3326906953914329,7.753688776128613,3775.8914054054053,0.032854196981204814,0.006253062728469855,0.5321721189929857
DJI_20250929124703_0186_D.JPG,post_def_rgb_part1,Post_Defoliation,0.025349432174898334,0.05562563676317614,8.05123897486947,-0.015829660732797398,0.44167681281079396,0.43365869653082295,0.40029114807595373,7.564308801414023,3096.776818818819,0.033403502367773924,0.0070544913303520395,0.4856703571438407
DJI_20250929124635_0172_D.JPG,post_def_rgb_part1,Post_Defoliation,0.01677989637347723,0.053748518623417965,423.3019801111335,-0.05494339425554871,0.4306526658063415,0.3995194696248754,0.3516063770699321,7.75030123761472,3690.5357557557563,0.03038262758617578,0.005959016003804274,0.4963078813173935
DJI_20250929124325_0077_D.JPG,post_def_rgb_part1,Post_Defoliation,0.015111792327005257,0.04404110862732555,464.621948765282,-0.051231789451542775,0.360949613905065,0.33738163714255504,0.2987018680530398,7.604799466554949,3256.9466796796796,0.03318310695908734,0.006834655977599893,0.4744321176152019
DJI_20250929124547_0148_D.JPG,post_def_rgb_part1,Post_Defoliation,0.02005562280600569,0.046208073967286475,6.105312465105948,-0.01600314230097177,0.422614626345835,0.41624528833808855,0.3898203275243363,7.478367568016712,3155.4689759759763,0.03907715795635914,0.008197496673037276,0.5498274412432154
DJI_20250929124219_0044_D.JPG,post_def_rgb_part1,Post_Defoliation,0.02403742376780353,0.0549603211708223,471.5056047522407,-0.052086591725665675,0.40351176105610914,0.37601918488999914,0.32448918495608553,7.717971005808864,3636.2851821821823,0.031043826152723622,0.00616426100431714,0.49229247318533215
DJI_20250929124831_0230_D.JPG,post_def_rgb_part1,Post_Defoliation,0.01880016973698202,0.050901364257580586,3.0788417808950013,-0.01604129175459782,0.4352269152597768,0.4284269515171942,0.4028268180376296,7.442129245659406,3150.6989039039036,0.03897195109177944,0.008348958738604823,0.5351758507425335
DJI_20250929124249_0059_D.JPG,post_def_rgb_part1,Post_Defoliation,0.02006904717489533,0.05407038174240554,428.74076611912,-0.05333630589086365,0.41955107940164144,0.38990446099158477,0.3401887954066328,7.725274045180262,3692.1381181181177,0.029651274462707617,0.005983062658916608,0.4656579310767764
DJI_20250929124213_0041_D.JPG,post_def_rgb_part1,Post_Defoliation,0.01826762934315498,0.05142932382452021,440.38534427537843,-0.05405020071502218,0.42516936393164984,0.3956759838016158,0.34791497432842666,7.770629234110379,3825.5594774774777,0.029905499497254143,0.005827372700188415,0.49102102393260605
DJI_20250929124855_0242_D.JPG,post_def_rgb_part1,Post_Defoliation,0.017447860249133813,0.04667627257656662,2.58313753929563,-0.014950487083117055,0.43607652143723563,0.4294436078503467,0.40536283401432394,7.439989223745384,2989.7130300300305,0.038670513932897894,0.008289424340522001,0.5394803248750473
DJI_20250929124223_0046_D.JPG,post_def_rgb_part1,Post_Defoliation,0.025075242026522285,0.05644670880800368,468.87799763011884,-0.051354494981067166,0.4056160937273767,0.378211560641507,0.325731785529115,7.720727319061767,3680.6794714714715,0.030773995792479816,0.0061468587066930485,0.4890068143494606
DJI_20250929124157_0033_D.JPG,post_def_rgb_part1,Post_Defoliation,0.015402195616427162,0.05358951283424752,446.7471430749492,-0.055780719909980944,0.4196800264135436,0.39064121332879137,0.346200204627612,7.7645701156880955,3854.150683683684,0.030432276088227326,0.0059058234924094935,0.4927830302332098
DJI_20250929124149_0029_D.JPG,post_def_rgb_part1,Post_Defoliation,0.01548756933067065,0.053017719113427446,485.1846410373604,-0.057468618395497544,0.41655908565972577,0.38701621073790304,0.3419857664854096,7.762201163608847,3820.991185185185,0.030724750526924426,0.005963669141888926,0.5016902566625473
DJI_20250929124407_0098_D.JPG,post_def_rgb_part1,Post_Defoliation,0.014981789434222076,0.04902047879278981,501.3357896262162,-0.04983996872961615,0.3816749535667746,0.3600742259476944,0.3234917088943921,7.698025916931596,3802.047897897898,0.03203767747738524,0.006380220075296009,0.4901265595994516
DJI_20250929124221_0045_D.JPG,post_def_rgb_part1,Post_Defoliation,0.023760684786063208,0.05860259450878489,683.979466994333,-0.057746823226878755,0.4313638312435003,0.39882331294116447,0.34252210985276543,7.77522773240367,3906.397185185185,0.029479042855235463,0.005781018546128869,0.48424922312752355
DJI_20250929125001_0275_D.JPG,post_def_rgb_part1,Post_Defoliation,0.017010078968775363,0.05654210785292198,677.2144587418026,-0.05658237457483283,0.4175507939908813,0.38908144765474284,0.3436020223498291,7.788661973145986,3827.5649979979985,0.0320177793190687,0.005987363459308826,0.5321983875482589
DJI_20250929125144_0324_D.JPG,post_def_rgb_part1,Post_Defoliation,0.0204462647500401,0.04174057320698957,36.48740228942443,-0.0157343182715574,0.45281311298916727,0.44528213647808607,0.4173048952169648,7.728627295255977,4855.940498498498,0.02954553315487496,0.006062490893838928,0.4022037829204565
DJI_20250929124201_0035_D.JPG,post_def_rgb_part1,Post_Defoliation,0.015754900195976296,0.053488805859395305,478.8308400524699,-0.05720112876075302,0.4205273770161617,0.39001609748979715,0.3437499177674563,7.757015881309154,3791.9362822822823,0.0303556036068063,0.005925408874515754,0.4908312905362291
DJI_20250929124203_0036_D.JPG,post_def_rgb_part1,Post_Defoliation,0.01568233429429007,0.04994131516610174,344.74692689968,-0.05362084415131886,0.3970477752679955,0.3698418679448984,0.3269536263275111,7.699273322783897,3561.249029029029,0.03148406800575959,0.006292039409452254,0.49559638565162023
DJI_20250929124427_0108_D.JPG,post_def_rgb_part1,Post_Defoliation,0.014822765400090239,0.04947120085188319,450.28440104567795,-0.05281050526038588,0.4106636175665536,0.38381419507932474,0.34214200719200566,7.74806377182781,3775.429916916917,0.031381598373880784,0.006070626133340772,0.5019941045505855
DJI_20250929124309_0069_D.JPG,post_def_rgb_part1,Post_Defoliation,0.013336626014501763,0.050100127470322824,355.54020234177574,-0.055061028339349005,0.4149737447258525,0.38568219010572025,0.3430540094710863,7.725956787225361,3805.2471341341343,0.030235893376756376,0.006033549787841456,0.46955712742493855
DJI_20250929124951_0270_D.JPG,post_def_rgb_part1,Post_Defoliation,0.020367672967707168,0.05444077076066208,246.73713065431463,-0.0384623762438637,0.3750009205163513,0.3561605978298419,0.31695260217562526,7.697006643564071,3163.580043043043,0.03799786392059532,0.007088275216683488,0.5919458272986173
DJI_20250929124317_0073_D.JPG,post_def_rgb_part1,Post_Defoliation,0.014836405676343522,0.05034934227065028,330.966698991399,-0.05134137868937236,0.40701805233384225,0.37988526851666615,0.33791607902314647,7.704138181877704,3720.0082242242243,0.030927549277939278,0.006185367514044441,0.47527534095452545
DJI_20250929125003_0276_D.JPG,post_def_rgb_part1,Post_Defoliation,0.016462757932323897,0.05172664234068158,494.64910705253095,-0.0529036780060281,0.3804118778413409,0.3564506305095805,0.3160266252454961,7.704459117964545,3547.3787637637643,0.033764138918286904,0.00654667350713965,0.5373210378584501
DJI_20250929124731_0200_D.JPG,post_def_rgb_part1,Post_Defoliation,0.020894065258545126,0.04414458077935349,2.837901125362023,-0.015440188860443396,0.4415155382709507,0.4342122993450835,0.4060149951606711,7.438313415818984,2938.485116116116,0.037001408684615426,0.008064887213664707,0.5018964087461328
DJI_20250929124431_0110_D.JPG,post_def_rgb_part1,Post_Defoliation,0.013012081763029688,0.05020907635090498,550.4727841317988,-0.057008303570332666,0.3999436665771496,0.3718459446889642,0.3307361410377492,7.722179725613672,3701.2231591591594,0.032142909261046515,0.006236490297326379,0.5012485705411023
DJI_20250929124947_0268_D.JPG,post_def_rgb_part1,Post_Defoliation,0.014720524063870729,0.049343306181224275,79.53338413382647,-0.025598206769392205,0.38141182688720304,0.36958276671731294,0.34303318248355197,7.65426676818128,3070.167822822823,0.037947519773427626,0.007327585265155939,0.5895496924667539
DJI_20250929125033_0291_D.JPG,post_def_rgb_part1,Post_Defoliation,0.0212952917325278,0.05309299308113193,239.65120471838307,-0.03099825380936499,0.3977780548901854,0.383010055613231,0.3469467646037488,7.744493385537768,3643.7783143143142,0.03272162251390475,0.00621680772163635,0.5289047660494332
DJI_20250929124727_0198_D.JPG,post_def_rgb_part1,Post_Defoliation,0.021056501004513704,0.046283412519524454,2.9080291115162247,-0.013851376471766642,0.44084825872776423,0.4348039949771311,0.40770323022198435,7.46313286395828,2972.1053653653653,0.03636276006600246,0.007842656885698018,0.4988877267499418
DJI_20250929124257_0063_D.JPG,post_def_rgb_part1,Post_Defoliation,0.015646631101654745,0.047958636709630395,294.65605735219526,-0.051878587708623546,0.41459336438944844,0.3862103389437707,0.34218068239643806,7.716644258649482,3692.2183743743744,0.0304572306413411,0.006078151108509466,0.4693932994874824
DJI_20250929125039_0294_D.JPG,post_def_rgb_part1,Post_Defoliation,0.011892059497911368,0.04871588111125958,52.318873256946176,-0.0218446480425414,0.39587141601286163,0.38601449650853376,0.3642655175062947,7.66966087971813,3346.7074514514516,0.033659793941918516,0.006746498831075935,0.5414049723164897
DJI_20250929124915_0252_D.JPG,post_def_rgb_part1,Post_Defoliation,0.018563677577535898,0.046600559662854694,4.153615095101634,-0.015535179726264165,0.4198206802981939,0.41341424658918935,0.38844413530264876,7.4239674147072146,2984.100835835836,0.03914793767380749,0.008461551104634752,0.5392501759961053
DJI_20250929124359_0094_D.JPG,post_def_rgb_part1,Post_Defoliation,0.013098951809176038,0.04707494580691765,431.94869686338035,-0.05242292814253227,0.38687484210600626,0.3633728186597432,0.3267718434043041,7.704693348168965,3839.1481921921923,0.03187288035400638,0.006341674815227024,0.4917865680741678
DJI_20250929125102_0305_D.JPG,post_def_rgb_part1,Post_Defoliation,0.017052334668279174,0.050211451601961096,8.70838154475476,-0.01904466759768612,0.43086060731474624,0.421920189411212,0.39592743683939857,7.526452501115625,3125.0087477477477,0.035644214966550083,0.007575577989458419,0.5206100527839301
DJI_20250929124551_0150_D.JPG,post_def_rgb_part1,Post_Defoliation,0.018166353394469283,0.04545830361861586,4.806437019642922,-0.014738235315596388,0.41989401276489396,0.4141901686525638,0.39031997114576444,7.462406563521292,3159.264423423423,0.03932192418255365,0.008299202621429297,0.5490350880209687
DJI_20250929125045_0297_D.JPG,post_def_rgb_part1,Post_Defoliation,0.008279037137268118,0.04836877078063719,45.05280713003671,-0.024882472758149667,0.41415939246596706,0.40210119431692765,0.3817639590306202,7.700280311283704,3474.110918918919,0.032401135903295346,0.006429079505926471,0.5243477943149131
DJI_20250929124827_0228_D.JPG,post_def_rgb_part1,Post_Defoliation,0.01710043770242723,0.04934542801761356,4.223813914751131,-0.018691687852952023,0.42097341947549,0.41304080025857814,0.3880077433392391,7.434160072267893,3175.7101481481477,0.03905413355624146,0.008499518715490397,0.5348204523172351
DJI_20250929124353_0091_D.JPG,post_def_rgb_part1,Post_Defoliation,0.017204352414587797,0.041917080067152855,332.59785492196943,-0.040502688117515895,0.3546620621699058,0.33846936980433007,0.3050723250241666,7.627612913969235,3517.8654004004,0.03399618667593533,0.006898797955662484,0.49484371292241347
DJI_20250929124445_0117_D.JPG,post_def_rgb_part1,Post_Defoliation,0.01337832054260562,0.05362592876306733,748.2568579844495,-0.06149299972153909,0.4080289775468357,0.3781000726500117,0.33479284721058206,7.744414105122914,3870.6552532532532,0.031060570750904286,0.006060093459737131,0.4946859412759872
DJI_20250929124745_0207_D.JPG,post_def_rgb_part1,Post_Defoliation,0.020803269453291015,0.04842643208088628,2.9678939349487146,-0.014460759703457214,0.4396239038289275,0.4332949020103491,0.4061626307384798,7.440606804468799,3034.962088088088,0.037107002522633104,0.008117673271453144,0.5088381519803018
DJI_20250929125008_0278_D.JPG,post_def_rgb_part1,Post_Defoliation,0.017693266003279084,0.05337348707363805,430.29398225384085,-0.048118390996706194,0.38060621718583565,0.3592511570381745,0.3202028308872344,7.712602762549304,3546.152042042042,0.03392244980467605,0.00652360155106187,0.5406606499356351
DJI_20250929124351_0090_D.JPG,post_def_rgb_part1,Post_Defoliation,0.018843412227010484,0.04541492940251186,428.44672860818855,-0.04202675554865992,0.38086550259178953,0.36273089828127225,0.32575288174374445,7.700738323274102,3838.056161161161,0.03258660055458503,0.006403647820118061,0.4967335989692468
DJI_20250929125138_0321_D.JPG,post_def_rgb_part1,Post_Defoliation,0.02158840306352648,0.03915025077165834,5.928823198095286,-0.007759457908176737,0.4371239244809362,0.43479474344047137,0.4108771593364803,7.623762368819096,4701.443322322322,0.031807532729044415,0.0068337226920543075,0.39707459880630264
DJI_20250929124553_0151_D.JPG,post_def_rgb_part1,Post_Defoliation,0.015254444199624266,0.04495360551059389,5.758649547049684,-0.01849047434477072,0.4159608271948053,0.4079774536013198,0.38473963580821,7.454960365799055,3155.8835585585584,0.0391198860458936,0.008364113361633748,0.546033203325858
DJI_20250929124529_0139_D.JPG,post_def_rgb_part1,Post_Defoliation,0.017371310950461013,0.04915300650624094,9.127922931940212,-0.01914690971317956,0.4188685969761254,0.41126872874345066,0.386297549560315,7.504014341543657,3141.8512772772774,0.03761749949286086,0.007912570786041146,0.5430505287168816
DJI_20250929124559_0154_D.JPG,post_def_rgb_part1,Post_Defoliation,0.016708667783226903,0.045263327766851214,4.585826905058754,-0.017688453785607787,0.4280533371543304,0.41991921328463366,0.39507642163171,7.449734993942447,3120.157568568569,0.038761043081345155,0.008294338207268066,0.5389951469717463
DJI_20250929124801_0215_D.JPG,post_def_rgb_part1,Post_Defoliation,0.019191640014310715,0.04789353635743898,2.260647792125528,-0.014331784962742875,0.43592638452568266,0.42947837550698803,0.40383872647398267,7.397149293876172,3010.0722502502504,0.03865521967326222,0.008538208600825839,0.5183494363864656
DJI_20250929124605_0157_D.JPG,post_def_rgb_part1,Post_Defoliation,0.017726383001188954,0.04438122507789975,5.1436707763651555,-0.01662809863278257,0.42264079413056405,0.4152061669376211,0.39004515674348916,7.441727776857412,3085.7049589589587,0.038270921539692575,0.008308392277395667,0.5311704319424316
DJI_20250929124803_0216_D.JPG,post_def_rgb_part1,Post_Defoliation,0.018161265865999553,0.04594071247788796,2.1030895912535663,-0.011544600744780637,0.42707417735915026,0.4227831993055518,0.40033095538595376,7.3882640813942695,3016.7234414414415,0.03935903372165838,0.00866728992866284,0.5190028810266328
DJI_20250929124909_0249_D.JPG,post_def_rgb_part1,Post_Defoliation,0.016849319978167444,0.0456889487369535,3.1466879608111262,-0.01566547857799866,0.41988736413231215,0.41344862392286635,0.39016056373525293,7.426283409311234,2993.8577547547548,0.039325487810516764,0.008476627961044316,0.5390706209923708
DJI_20250929124917_0253_D.JPG,post_def_rgb_part1,Post_Defoliation,0.017440225952500676,0.04649673185932263,4.08218638548835,-0.016155527870052266,0.41176553139946415,0.4054325574486313,0.38165935754529773,7.412498434264969,2973.983286286287,0.039596485874360425,0.00856463294730759,0.5404508932793752
DJI_20250929124439_0114_D.JPG,post_def_rgb_part1,Post_Defoliation,0.01262049714867103,0.048859997263229815,544.0757949800415,-0.057079503702441664,0.3866269350181167,0.3597861369974653,0.3203248418281428,7.687238539204516,3655.196585585586,0.03213023612073616,0.006414655053165584,0.4926578522801724
DJI_20250929124739_0204_D.JPG,post_def_rgb_part1,Post_Defoliation,0.020703351468049917,0.04675580714913354,2.7314288047801263,-0.01425522285334375,0.4395297073888231,0.43316594805186215,0.4060988372468514,7.433664949053444,2981.208086086086,0.037572095827326304,0.00814737906885383,0.5056196501522334
DJI_20250929124925_0257_D.JPG,post_def_rgb_part1,Post_Defoliation,0.021634032738014772,0.05310441199712438,7.953722298924083,-0.016152187202838696,0.4119365305947118,0.40567272153522377,0.377774879737721,7.42961649360861,2850.826998998999,0.03919708272957592,0.008416016119597403,0.5480331023651277
DJI_20250929124505_0127_D.JPG,post_def_rgb_part1,Post_Defoliation,0.016234755813653093,0.052951906652917526,639.6461440508194,-0.05795631861625236,0.39090119339321966,0.3641801548690377,0.32122436053120274,7.720949225681812,3638.854486486486,0.03261207617195987,0.006328641113619229,0.5204325235580213
DJI_20250929125031_0290_D.JPG,post_def_rgb_part1,Post_Defoliation,0.01894866143442394,0.04879888823303997,374.88400990865847,-0.037741470473615944,0.36801143779584944,0.3518290629860732,0.316698026741873,7.685808476452041,3619.7195635635635,0.033638493551868286,0.006585662763695101,0.5185206715688007
DJI_20250929124255_0062_D.JPG,post_def_rgb_part1,Post_Defoliation,0.013268656686714887,0.0507201303201738,300.6629347850911,-0.05459715708332977,0.4357238039032446,0.4043110121917443,0.35962956379352917,7.759425078545264,3873.0776346346343,0.029320324586176297,0.005802821581254195,0.4684292727437189
DJI_20250929124733_0201_D.JPG,post_def_rgb_part1,Post_Defoliation,0.020360687895129247,0.04555282981472866,2.887158744670652,-0.016476094611892908,0.44502617829847874,0.436930820314307,0.40847477443500607,7.455836791155871,3005.5113483483483,0.03661525428717448,0.007914018463764244,0.49974743896336765
DJI_20250929124433_0111_D.JPG,post_def_rgb_part1,Post_Defoliation,0.015619417762049207,0.05375454150469975,737.5399791157448,-0.05756107039717491,0.41890631355186303,0.38961710030628055,0.34470846929864873,7.772439651600582,3881.5932182182187,0.030882005151613198,0.0059225461610278715,0.5003515371765301
DJI_20250929124711_0190_D.JPG,post_def_rgb_part1,Post_Defoliation,0.024071478179162706,0.053831011306085294,6.4622394900892965,-0.01588553433142811,0.44750947326413487,0.4400732716371471,0.40856559183099667,7.544077658825722,3101.931031031031,0.0335542139749566,0.0071416829085235245,0.48199387891843415
DJI_20250929124329_0079_D.JPG,post_def_rgb_part1,Post_Defoliation,0.016504577311207597,0.04437367358747165,341.4151036952947,-0.042606775965840914,0.3792520707956866,0.35935909607584804,0.3229615440448018,7.675065473382848,3643.030708708708,0.03238565034583785,0.006463621548996644,0.4813321239018878
DJI_20250929124935_0262_D.JPG,post_def_rgb_part1,Post_Defoliation,0.01706874193820679,0.04756747763029449,11.493671626557882,-0.019516278643490603,0.4209573788725896,0.4121967697479765,0.38636741868515645,7.52120969880331,3027.6600320320317,0.03819086408113038,0.007821856729956465,0.5520740118979783
DJI_20250929124807_0218_D.JPG,post_def_rgb_part1,Post_Defoliation,0.016125575965748002,0.046133015573199834,2.806628038230919,-0.016679229441844613,0.430985617115063,0.4230103989998119,0.39890960491881283,7.399284663157732,3054.8364104104107,0.03915734346346682,0.008617725925966201,0.5245020092901387
DJI_20250929124245_0057_D.JPG,post_def_rgb_part1,Post_Defoliation,0.021378138579634446,0.056366368499870104,451.5511651651577,-0.0529818869659075,0.4210148735015654,0.39147646373176836,0.34055991538233704,7.727912954504748,3761.01144944945,0.029442518254506035,0.0059540932560531055,0.4591329690575531
DJI_20250929124233_0051_D.JPG,post_def_rgb_part1,Post_Defoliation,0.027232074920080482,0.06052807658742119,556.7821524535804,-0.05110066626088393,0.44922728688328595,0.4171477439445307,0.35783612608569487,7.777723936428005,3973.6338298298297,0.02969207927632377,0.005701991090144018,0.4662835842088815
DJI_20250929124455_0122_D.JPG,post_def_rgb_part1,Post_Defoliation,0.01358557640432157,0.05088885693395092,571.9836111962949,-0.060656021694393714,0.36954214740788005,0.3433020528622332,0.3034763819122649,7.660675807721261,3519.0866136136137,0.03385167052817885,0.006709232190002232,0.5165955866806469
DJI_20250929125042_0295_D.JPG,post_def_rgb_part1,Post_Defoliation,0.010076819652241201,0.050498630585235155,103.61994113843312,-0.028376923592896983,0.3993929490362496,0.38534170625844477,0.36121364382839877,7.723024958526831,3473.793334334334,0.03339423844572342,0.0064482162188715594,0.5441657065224244
DJI_20250929124305_0067_D.JPG,post_def_rgb_part1,Post_Defoliation,0.014951411455902027,0.048617604224955493,338.3646418278864,-0.05145661490340518,0.4111413631121781,0.3838923060453461,0.34169183752261206,7.720220907541344,3760.4624564564565,0.030243139641598644,0.006065490297983941,0.4687413201513302
DJI_20250929125120_0312_D.JPG,post_def_rgb_part1,Post_Defoliation,0.01729031696402555,0.037001498318713064,3.9917567044380116,-0.01118000123768506,0.4125631279337117,0.4079647253928689,0.38607600588800034,7.513511886124753,4032.0002682682684,0.03301912476024001,0.007525218048964577,0.3693733222470618
DJI_20250929124615_0162_D.JPG,post_def_rgb_part1,Post_Defoliation,0.019866423183239036,0.049966290790182805,12.689719563751106,-0.017881787680097905,0.43123630095939475,0.4228048033718497,0.39450688260106564,7.50457873400115,3130.6664054054054,0.035458970514224704,0.007659229166113695,0.5096475766382484
DJI_20250929124811_0220_D.JPG,post_def_rgb_part1,Post_Defoliation,0.01912021091183049,0.04661319489914125,3.4656858372602546,-0.014378814081258974,0.4225007964165536,0.4165125257061184,0.3914040440838529,7.403288159389534,3103.8810780780777,0.03969571262664904,0.008661902711795986,0.5276488619472245
DJI_20250929124239_0054_D.JPG,post_def_rgb_part1,Post_Defoliation,0.025965466762431905,0.06229828907938406,539.9300872650709,-0.051872729536397474,0.4400534092861644,0.4100109335488953,0.35400299104919414,7.769847201536131,4040.577855855856,0.02843763178484448,0.005677487030730166,0.4486668981556719
DJI_20250929124813_0221_D.JPG,post_def_rgb_part1,Post_Defoliation,0.020251338325261777,0.04706197358641436,3.2629392915327022,-0.01325327006356774,0.42497936789232965,0.419701817474393,0.39417292873119464,7.411252936660278,3124.222736736737,0.039376137526733225,0.008611533071711943,0.5302006175524188
DJI_20250929124849_0239_D.JPG,post_def_rgb_part1,Post_Defoliation,0.018105561202941205,0.04699415145086661,3.1681209079336443,-0.01613974818818454,0.4300729684281103,0.4229239318555807,0.3976693340801099,7.4272930764552205,3039.6126736736737,0.038951332986798766,0.00843196620071297,0.5355166648948874
DJI_20250929124721_0195_D.JPG,post_def_rgb_part1,Post_Defoliation,0.022513445396389394,0.04962715270165755,4.056951802534271,-0.01607362956387238,0.4495381461750677,0.44177315705980275,0.4114947225481485,7.521006403371177,3043.7442612612613,0.03460775766076508,0.007340472170155676,0.49070246545824037
DJI_20250929124943_0266_D.JPG,post_def_rgb_part1,Post_Defoliation,0.019093551046058036,0.0491858992494738,21.22247572095481,-0.020244028977023057,0.4153591970078469,0.4062374388850739,0.3780221297162429,7.567424088340114,3069.406962962963,0.03713849329294778,0.007546853120941608,0.5564521025074807
DJI_20250929125122_0313_D.JPG,post_def_rgb_part1,Post_Defoliation,0.017114845670167442,0.038000540220864215,3.087956682058417,-0.011439584562901473,0.43002242263682444,0.4250810536895151,0.4030248390720384,7.555451542355103,4359.568302302303,0.032029187023328,0.007246542468178081,0.3734766114896776
DJI_20250929124723_0196_D.JPG,post_def_rgb_part1,Post_Defoliation,0.025070761854853775,0.04981566626588549,3.937971344609413,-0.016113537306272505,0.44547016306675863,0.4377889189732332,0.40503691302485395,7.503677237335318,3022.0621061061065,0.034916197692230214,0.007489530829833736,0.4931173313871095
DJI_20250929124617_0163_D.JPG,post_def_rgb_part1,Post_Defoliation,0.018575060026002007,0.04917251257755745,15.158985617043243,-0.018805625336422844,0.425281915877084,0.4165791779989871,0.3893013800948881,7.510760390274072,3143.726318318318,0.03541727435301081,0.00762664068450934,0.5055015821078057
DJI_20250929125128_0316_D.JPG,post_def_rgb_part1,Post_Defoliation,0.015661205599683262,0.03621621895048867,2.7200087896591283,-0.009698614141368734,0.4261513402853251,0.42219230065329444,0.40257205542158037,7.559992844403099,4371.9011691691685,0.03255039988621337,0.007256188178478843,0.3774999745832796
DJI_20250929124457_0123_D.JPG,post_def_rgb_part1,Post_Defoliation,0.014127221705546512,0.05292719523863088,603.2211264082488,-0.06123574951728098,0.3917183447512657,0.3634378582184781,0.32103014998014406,7.718555434165119,3690.2486596596605,0.032450419442926405,0.006335960831232322,0.515357776128976
DJI_20250929124231_0050_D.JPG,post_def_rgb_part1,Post_Defoliation,0.023552198815611054,0.05060812586066727,625.4375045208584,-0.05108665390096081,0.3617610523542689,0.33724086234978107,0.2891684735296821,7.6089345433715625,3042.656105105105,0.0338114424099257,0.006827788204450832,0.48833962371110956
DJI_20250929124819_0224_D.JPG,post_def_rgb_part1,Post_Defoliation,0.018535834914901708,0.04745655771237359,4.018372136935745,-0.01699495541294428,0.4205154679414739,0.41313911508470774,0.38722692731304004,7.415495281971953,3142.9490500500497,0.03985097046869317,0.008661401950470344,0.5354333613126413
DJI_20250929125118_0311_D.JPG,post_def_rgb_part1,Post_Defoliation,0.018993834887265564,0.04037368271549789,5.849055081967963,-0.013410651082216753,0.4386551712329384,0.4323007725127922,0.40695253890538047,7.600813349613655,4558.9590930930935,0.03088477416544787,0.006843373670538973,0.3687767822920805
DJI_20250929124922_0255_D.JPG,post_def_rgb_part1,Post_Defoliation,0.01623961053766115,0.04889427081692244,4.864817553288714,-0.019570465317113924,0.4085776822678699,0.4004596440600017,0.37610199531447225,7.409055935043644,2949.7013633633637,0.03961692888099228,0.008595914063520893,0.5412816646690257
DJI_20250929124719_0194_D.JPG,post_def_rgb_part1,Post_Defoliation,0.020174448643936537,0.05165977826887108,5.004169600240497,-0.02072978265075493,0.4503109484709103,0.4393163347776221,0.40814727244039756,7.52310730914596,3036.8461751751747,0.03415300213284752,0.007310472801546541,0.49017384196543645
DJI_20250929124937_0263_D.JPG,post_def_rgb_part1,Post_Defoliation,0.020397522066859037,0.046625556624017905,11.488568443140643,-0.01451784820052681,0.4072089497394693,0.40213306581096764,0.37665965981560684,7.501196607961273,3001.6343333333334,0.038837243718238,0.008024742836920059,0.5528496756016957
DJI_20250929124823_0226_D.JPG,post_def_rgb_part1,Post_Defoliation,0.020526165869724427,0.04792702669680409,4.210887427835026,-0.015071221159000557,0.41800270706530007,0.41241756450335754,0.38630625607169056,7.428565668058973,3171.7788988988987,0.0398947344463621,0.008582976132502229,0.5374388516736865
DJI_20250929124625_0167_D.JPG,post_def_rgb_part1,Post_Defoliation,0.015624537770496254,0.046945009678927924,37.41592722210435,-0.023486985248821965,0.4019983760386834,0.3907406876713366,0.3638584615334935,7.547208192152593,3128.5165195195195,0.03565336845049302,0.007463442788253207,0.502250281188463
DJI_20250929124821_0225_D.JPG,post_def_rgb_part1,Post_Defoliation,0.019148801740416114,0.04846673306627955,3.6010350593726734,-0.0173049365023855,0.43082939987665864,0.42305136732819176,0.3961245330393088,7.437312201584884,3149.2234924924924,0.03934215658862904,0.008449645028384939,0.5394902857468856
DJI_20250929124713_0191_D.JPG,post_def_rgb_part1,Post_Defoliation,0.023279853454848246,0.05415058678787224,7.391776563292432,-0.018329721239179957,0.45083653983930183,0.4416540614315402,0.40919172956893024,7.557581126805416,3112.3712362362367,0.03339147666036221,0.007051151413334653,0.4854051965007394
DJI_20250929124541_0145_D.JPG,post_def_rgb_part1,Post_Defoliation,0.018774003266471887,0.04690917483994789,7.591023182903823,-0.01733394215626044,0.4167988669331752,0.41005348062946717,0.3845340910592873,7.481537248803162,3146.7761221221217,0.0390659812360068,0.008179643863941025,0.5492099713637149
DJI_20250929125011_0280_D.JPG,post_def_rgb_part1,Post_Defoliation,0.02077303960619698,0.057190812325608645,497.6502970373361,-0.04523168550415803,0.3834627694223506,0.36356557868880923,0.32289534834907097,7.719218557121944,3660.1018938938937,0.03309674268995255,0.0064064284987732185,0.5277656860022362
DJI_20250929124543_0146_D.JPG,post_def_rgb_part1,Post_Defoliation,0.018905250161160764,0.0464467435605174,5.920166936652138,-0.0165336122631182,0.4208135519006757,0.41433644194878066,0.3889540818357247,7.474999511605927,3145.4543463463456,0.03878450521120471,0.008206752446653644,0.5489859662084804
DJI_20250929124413_0101_D.JPG,post_def_rgb_part1,Post_Defoliation,0.015174111452958178,0.05136225439348141,570.5386345719143,-0.05237422380473767,0.40604130431778673,0.3807694270066393,0.3403234382425335,7.745222860829928,3897.791112112112,0.03131772908923816,0.006070695374610746,0.49395179703605574
DJI_20250929124653_0181_D.JPG,post_def_rgb_part1,Post_Defoliation,0.027976406919969932,0.0577798419875204,211.13840573899418,-0.04308875799345012,0.425094758550232,0.4005766160985336,0.34808206672686537,7.6834968552681895,3385.34733033033,0.031510480227185146,0.006421392943933072,0.5079151108050428
DJI_20250929124757_0213_D.JPG,post_def_rgb_part1,Post_Defoliation,0.021438498580944158,0.05037496200286798,3.180280673751528,-0.014249986701345224,0.4371828168754098,0.4309017211459146,0.40318212683547544,7.420257194215956,3007.39413013013,0.0378241423109404,0.008318718528405183,0.5169134258579485
DJI_20250929124749_0209_D.JPG,post_def_rgb_part1,Post_Defoliation,0.02117269408682675,0.05002422108820255,3.1289568228755478,-0.015770705592055127,0.4403830737338292,0.4331230990764722,0.4046904303322885,7.440252102993173,3049.521103103103,0.037207702030554415,0.008143210850397101,0.5107628976685004
DJI_20250929124449_0119_D.JPG,post_def_rgb_part1,Post_Defoliation,0.013253414002332249,0.05614274782396661,731.4943909126681,-0.0623621326718252,0.40161802480283715,0.3719863595735503,0.3291012803419312,7.72383156422539,3800.712092092092,0.03137694498856552,0.006158970482303546,0.49270187487464717
DJI_20250929124609_0159_D.JPG,post_def_rgb_part1,Post_Defoliation,0.01819747465735689,0.04474683699565067,5.906910911307066,-0.01691439871650612,0.4213252848325039,0.4137876003612524,0.38805244123264404,7.445412800533746,3058.969234234234,0.03755483812495586,0.008239982355632386,0.526816419152839
DJI_20250929124419_0104_D.JPG,post_def_rgb_part1,Post_Defoliation,0.015324504449418946,0.051078112611174814,523.6108059216009,-0.05358119381285966,0.41156261846743164,0.3845567335461317,0.34222634417541264,7.752713187473454,3845.1833583583584,0.03140783809415929,0.006034471623987775,0.4988645928339453
DJI_20250929124659_0184_D.JPG,post_def_rgb_part1,Post_Defoliation,0.021422490458020995,0.05457909331621198,12.676780796575754,-0.01970075483440826,0.44120389608029387,0.43051004754017297,0.39839370854203127,7.60895200794061,3171.5469239239237,0.032817413869672164,0.006796188023821783,0.49414093872844733
DJI_20250929125132_0318_D.JPG,post_def_rgb_part1,Post_Defoliation,0.021137902586502628,0.03695438659000241,3.877728027474071,-0.005396785162214932,0.4285246775733304,0.4274110611858188,0.4051595422118046,7.58486547567813,4461.391771771771,0.0320424680566754,0.00708505665874928,0.3868855518722551
DJI_20250929124525_0137_D.JPG,post_def_rgb_part1,Post_Defoliation,0.01895857008045121,0.05100276962765666,267.5662583291851,-0.040897008806716525,0.39000678925398635,0.37166912538217484,0.33437289142991206,7.701621648105112,3554.0376816816815,0.03299215961358851,0.006447206944739652,0.5223317813496066
DJI_20250929124227_0048_D.JPG,post_def_rgb_part1,Post_Defoliation,0.02745868546885617,0.05905943670187503,586.6313693327351,-0.05150529162679854,0.39971923124812625,0.3728956322203177,0.318613347723653,7.714951073993003,3667.1932092092093,0.031245047255254486,0.006203033190617881,0.4897437331131781
DJI_20250929124401_0095_D.JPG,post_def_rgb_part1,Post_Defoliation,0.01564064201913262,0.04542034171364018,414.6269796825437,-0.048033505803496065,0.3668153064953346,0.34676514332944625,0.3110743381444253,7.657064339983718,3638.5544484484485,0.03272194837491405,0.00664748052314664,0.48766048256850714
DJI_20250929124509_0129_D.JPG,post_def_rgb_part1,Post_Defoliation,0.01601998712666425,0.053482255538797804,703.7521404381229,-0.056334003019942416,0.39861128102081905,0.37221607693541614,0.329800885723349,7.7395463248302185,3737.400595595596,0.031496240913845924,0.00614095182910968,0.5110052126034509
DJI_20250929124517_0133_D.JPG,post_def_rgb_part1,Post_Defoliation,0.02094809579468028,0.050875353864120725,325.1785372121255,-0.03995506637239227,0.39928847221396147,0.3800974600207151,0.3399583520327885,7.747264057651379,3514.839820820821,0.03314957797994586,0.006311480034482492,0.5506487230441457
DJI_20250929124403_0096_D.JPG,post_def_rgb_part1,Post_Defoliation,0.013848108118297108,0.05306770741787959,504.0829337442058,-0.052609413069236784,0.4083345273949271,0.38390046865791083,0.3456183018025974,7.757908690085265,4000.898962962963,0.030821241445623055,0.0060008639566385726,0.49345088801287745
DJI_20250929124929_0259_D.JPG,post_def_rgb_part1,Post_Defoliation,0.016865582120797577,0.04750733846275041,8.608691482737886,-0.018528433004962683,0.4070812074906563,0.3994904407859599,0.3750340919604659,7.46792913952239,3017.4564884884885,0.039109925923014044,0.00822250710772877,0.5447247015273742
DJI_20250929124335_0082_D.JPG,post_def_rgb_part1,Post_Defoliation,0.01756245693117459,0.04408704090093354,338.8200850316409,-0.04140127186910255,0.3937704560023599,0.3738774750869187,0.3364220372403029,7.7141826619974045,3816.478762762763,0.03224997774771581,0.0062770089039860906,0.49428525744094315
DJI_20250929124421_0105_D.JPG,post_def_rgb_part1,Post_Defoliation,0.016581797236926453,0.048951415665239764,526.500178768085,-0.049395397839286766,0.41715482551831284,0.3919220276277316,0.35010743250022375,7.77187171972535,3916.945543543544,0.030770535282035938,0.005916901294777813,0.4977273656109837
DJI_20250929124423_0106_D.JPG,post_def_rgb_part1,Post_Defoliation,0.013597712651105114,0.04528546198646822,460.3848480765144,-0.051008612741549636,0.38826574250054224,0.3643306785363899,0.32679790192113245,7.711382731835232,3662.786523523524,0.03205463945807151,0.006296066014112373,0.4963164753420583
DJI_20250929124207_0038_D.JPG,post_def_rgb_part1,Post_Defoliation,0.01547561895196538,0.04900117683028721,401.1677954091813,-0.05805249634845527,0.395793119178762,0.3661993588339831,0.3211299795372388,7.693944113461227,3498.6198068068065,0.03212899521864328,0.006340943417132433,0.5001756829652715
DJI_20250929124537_0143_D.JPG,post_def_rgb_part1,Post_Defoliation,0.018914061810035163,0.04879583036000768,9.672201396168765,-0.017326598052741445,0.4122692564210475,0.4059430174657417,0.3807027167004008,7.47928869677153,3142.9883473473474,0.0387111127818569,0.008160971008044355,0.5480968183895184
DJI_20250929125021_0285_D.JPG,post_def_rgb_part1,Post_Defoliation,0.01952484365302943,0.05909009037177516,546.9671686173322,-0.04669859777982569,0.39864056650787905,0.3772508793249812,0.336336348489054,7.768612206810793,3815.598984984985,0.03247470380753439,0.006153159707613675,0.5324900987965865
DJI_20250929124535_0142_D.JPG,post_def_rgb_part1,Post_Defoliation,0.018913665479213713,0.05009552006225562,8.010323698043136,-0.018785086064734204,0.422274376241749,0.4147129406462772,0.3882378395715917,7.49077326111702,3146.5702152152157,0.03795899328761352,0.008013103046326166,0.5463699145434274
DJI_20250929124337_0083_D.JPG,post_def_rgb_part1,Post_Defoliation,0.01611095490682715,0.03990258744261807,288.68500585370634,-0.03844402334337331,0.3657507744878752,0.3493029023356746,0.31674407527664683,7.655925423065985,3590.690379379379,0.033679840194778286,0.0066933004745202635,0.49487930211189185
DJI_20250929124647_0178_D.JPG,post_def_rgb_part1,Post_Defoliation,0.018960876909822667,0.05265873858975191,420.0242722379675,-0.05373893128428024,0.42783884914691434,0.39787884701863097,0.348957967980525,7.771865766775451,3611.4152932932934,0.03072843043302885,0.005939333260854066,0.5239798098666255
DJI_20250929124515_0132_D.JPG,post_def_rgb_part1,Post_Defoliation,0.020796227493816415,0.04954492807850431,217.58141648585712,-0.036461056842580664,0.39480620417882506,0.3775247765903248,0.33944712150800815,7.7072814386284545,3472.069087087087,0.03281393836670343,0.006402480575783816,0.5297670286988725
DJI_20250929125058_0303_D.JPG,post_def_rgb_part1,Post_Defoliation,0.017820931839659906,0.05141282843414511,7.849930582574427,-0.017611171854267686,0.4291437810493564,0.42128909875835624,0.39561348462769613,7.521219786693747,3143.2303103103104,0.0359921658719391,0.007623581268913981,0.5208548797875353
DJI_20250929124341_0085_D.JPG,post_def_rgb_part1,Post_Defoliation,0.01601994544715579,0.04052439369603253,297.4652429949248,-0.03896630821394304,0.36548868547786795,0.34893292704448875,0.3163572231639538,7.656600723511733,3620.9781471471474,0.03317335430694639,0.006676731378831129,0.4936884960495344
DJI_20250929125150_0327_D.JPG,post_def_rgb_part1,Post_Defoliation,0.016671063667063786,0.0396002396515025,13.768730952845118,-0.012345757825475484,0.4341816329896238,0.42907918945146467,0.40730568224624164,7.680191282171332,4891.970281281281,0.030205150497640956,0.006385655088181598,0.3838160179453951
DJI_20250929124755_0212_D.JPG,post_def_rgb_part1,Post_Defoliation,0.021721508826743615,0.049874599444096765,2.998560307901038,-0.0143375277516632,0.43211634481825323,0.42587550116792744,0.3979131486908579,7.400145411394967,2995.632605605606,0.03805397244014845,0.008477308514767494,0.5132662006807137
DJI_20250929124411_0100_D.JPG,post_def_rgb_part1,Post_Defoliation,0.015758264971429636,0.04950058718822654,557.5161084570979,-0.05223405552275799,0.38442820614549705,0.3610136276222043,0.3218407841274819,7.697492983029676,3742.7478358358358,0.032272276277563496,0.006382901230224505,0.49215186897231683
DJI_20250929124651_0180_D.JPG,post_def_rgb_part1,Post_Defoliation,0.02509404924760602,0.05743714342028937,306.5830225800431,-0.047463459219125294,0.434128171885692,0.40659949225346903,0.3539767633736401,7.73316499062953,3535.8714404404404,0.030811645918608136,0.0060854443332293276,0.5070226677870963
DJI_20250929125013_0281_D.JPG,post_def_rgb_part1,Post_Defoliation,0.02035601622301646,0.06068801268198345,591.9570247806803,-0.048897924056717994,0.4020561543511605,0.37975691421741353,0.33710165786065016,7.760478472261784,3835.4346166166174,0.03196859680688617,0.006121113304632436,0.5223569672651541
DJI_20250929124707_0188_D.JPG,post_def_rgb_part1,Post_Defoliation,0.023351228486614795,0.055282153278140886,5.787465961034951,-0.01614923013280246,0.43868613816899743,0.43088074565166323,0.3997241246477143,7.495853279126637,3009.161754754755,0.03433673649817323,0.007486053128444411,0.47656871807460305
DJI_20250929124343_0086_D.JPG,post_def_rgb_part1,Post_Defoliation,0.017190559876706757,0.044229839021072005,359.8470695277414,-0.040214000227175736,0.3920715984865007,0.3740723622728805,0.3388825661825536,7.728198153776279,3930.0963863863863,0.03147691091988013,0.006203824779629967,0.49476994523852075
DJI_20250929125049_0299_D.JPG,post_def_rgb_part1,Post_Defoliation,0.01682165773899105,0.050223460500865076,30.043893516002402,-0.01736763366465301,0.41449605512839693,0.4068201884424451,0.3823226640175021,7.632128110609754,3309.215417417418,0.03343288085639674,0.006866552368789248,0.5249724042417807
DJI_20250929124705_0187_D.JPG,post_def_rgb_part1,Post_Defoliation,0.025223573013787432,0.05563418137768699,5.958415814291762,-0.014539318741300806,0.44886341144448705,0.4417333760341775,0.4093797676100805,7.54324935530169,3002.160685685685,0.03376971977145833,0.007139804488882787,0.484798719480089
DJI_20250929124859_0244_D.JPG,post_def_rgb_part1,Post_Defoliation,0.019365334859929813,0.04711386579262222,3.3061055533856276,-0.013855094294298575,0.43254116133078846,0.4269254759499474,0.40194445570917653,7.456645108800678,3021.41217017017,0.038106921979960864,0.008175621734197997,0.5379812597656022
DJI_20250929124829_0229_D.JPG,post_def_rgb_part1,Post_Defoliation,0.017123807703214262,0.05081515294646824,4.226851921680792,-0.01982637443821603,0.4287845872331836,0.4200800866122716,0.3942517782881453,7.449290076401874,3191.9796336336335,0.03884131085381198,0.008353910272792909,0.536668853814606
DJI_20250929124837_0233_D.JPG,post_def_rgb_part1,Post_Defoliation,0.01816144122032794,0.050613582467797895,3.7931110128988452,-0.018320297865147717,0.42577827864531237,0.41793239955463757,0.39192507924363484,7.432685911523489,3130.379118118118,0.03904848073528306,0.008453252954546053,0.5337858536824209
DJI_20250929124633_0171_D.JPG,post_def_rgb_part1,Post_Defoliation,0.017283391782272853,0.05334588224125539,353.532451196996,-0.05282562801570042,0.4214379826562178,0.39220180057729503,0.3456822267160993,7.7212645735643886,3601.3821181181183,0.030921410574698147,0.006142290308405753,0.4975150699446326
DJI_20250929125152_0328_D.JPG,post_def_rgb_part1,Post_Defoliation,0.017930592316131037,0.04052637345221275,12.404136119635313,-0.014342876108785155,0.43471065446891444,0.4281176456319574,0.4035940444788695,7.660559518624902,4844.517522522522,0.03069178786788781,0.006514108287398446,0.3817173733128378
DJI_20250929125020_0284_D.JPG,post_def_rgb_part1,Post_Defoliation,0.019473146606131496,0.05714589980445464,421.0778637840123,-0.04326730253536365,0.3746675740032815,0.3558047714175599,0.31746882222570677,7.696463248725324,3593.8995025025024,0.034041739802664346,0.006595866615340118,0.530123817766257
DJI_20250929124639_0174_D.JPG,post_def_rgb_part1,Post_Defoliation,0.01610899972484015,0.05043439953457917,555.4318001285012,-0.059766130775186346,0.4260240287247662,0.3927435936342549,0.3433541588189033,7.756936665182559,3780.5084624624624,0.030021033695019142,0.00591880422506657,0.49285981499348425
DJI_20250929124215_0042_D.JPG,post_def_rgb_part1,Post_Defoliation,0.01871642884564433,0.05171520796700054,378.0690310887441,-0.054367813158251455,0.40604030776449435,0.3773482858382192,0.3299398350662997,7.720650752998873,3610.5381071071074,0.031089683709606724,0.006144572669503415,0.4947667943684188
DJI_20250929124853_0241_D.JPG,post_def_rgb_part1,Post_Defoliation,0.0172463991533127,0.0461780018680635,2.8279349840795627,-0.015269964982981969,0.428083972156286,0.42154015020844254,0.3977499291072865,7.422727524614053,2997.096131131131,0.039089299842610656,0.008465311088327024,0.5386064773077263
DJI_20250929124906_0247_D.JPG,post_def_rgb_part1,Post_Defoliation,0.01723709579888578,0.045979098442741034,3.0090726211601,-0.014654940902123275,0.4198652351295024,0.4142738605423173,0.39144539015624635,7.437382170569358,2986.1094174174177,0.03917273573713231,0.008398133916406819,0.5403178184928573
DJI_20250929124645_0177_D.JPG,post_def_rgb_part1,Post_Defoliation,0.018798198221133596,0.050993215117170795,390.46769635774046,-0.053029930469941845,0.42604297825696447,0.3967137729597768,0.34858636944145555,7.775777132469979,3637.0296376376377,0.030719126278607706,0.005929574905274067,0.5255734219102974
DJI_20250929124843_0236_D.JPG,post_def_rgb_part1,Post_Defoliation,0.017945102792932596,0.04931256606549468,3.2043472887380973,-0.017579061084439768,0.4378264846015619,0.4297713933407109,0.4037711992869274,7.438704643896856,3112.937472472473,0.038785263019140134,0.008337107635150002,0.5327614615183548
DJI_20250929124957_0273_D.JPG,post_def_rgb_part1,Post_Defoliation,0.01753648271209087,0.0560882598809027,763.6419796786605,-0.05623398805938766,0.41640645248355795,0.3885038507735416,0.34306476635143435,7.7965085513468955,3838.1074754754754,0.03168170681170911,0.005936524648941506,0.5331393044581015
DJI_20250929124949_0269_D.JPG,post_def_rgb_part1,Post_Defoliation,0.011890971512544105,0.04838726568660338,100.78254669841962,-0.0302488426227654,0.35531431230763594,0.341332214707895,0.31545914559560995,7.626716394173117,2937.7803933933933,0.0407278668082913,0.007785246625507436,0.6063345343748708
DJI_20250929124311_0070_D.JPG,post_def_rgb_part1,Post_Defoliation,0.01532804833411135,0.053154395928028654,462.5333863309389,-0.054585265979055095,0.43708780468096176,0.4068333555999536,0.3612508581848341,7.780750177476162,4015.517910910911,0.02907666994701294,0.0057125970798778255,0.4708677208802781
DJI_20250929124729_0199_D.JPG,post_def_rgb_part1,Post_Defoliation,0.01816781180177436,0.04516573384246515,3.2735741538633056,-0.017542050603915702,0.4442432655301604,0.4354503989066902,0.4084897204814457,7.467797392316299,2973.820897897898,0.036344857481769785,0.007813004225457646,0.5014890430251165
DJI_20250929124841_0235_D.JPG,post_def_rgb_part1,Post_Defoliation,0.019349932779589143,0.049722352557793136,3.625004991071581,-0.015693533305229605,0.42903707268365565,0.42277306048350044,0.39715911550375577,7.44208395812764,3137.6698858858867,0.03892233247349755,0.008351569353878026,0.5337537838138725
DJI_20250929125005_0277_D.JPG,post_def_rgb_part1,Post_Defoliation,0.017583076835385316,0.05469016235221814,500.6282519493774,-0.049134913928329374,0.4010355388401952,0.37788114164454273,0.3371436676135049,7.7641983393286464,3723.5711451451452,0.03241395353645603,0.006160239455715448,0.5361018668634291
DJI_20250929124205_0037_D.JPG,post_def_rgb_part1,Post_Defoliation,0.016490569616945037,0.051436107287428326,490.0971393031602,-0.05724941343456033,0.415230771177546,0.3852402970104302,0.33875925322636946,7.749320102798361,3741.551316316316,0.030443459334852783,0.0059769547641350595,0.4946957313798868
DJI_20250929124313_0071_D.JPG,post_def_rgb_part1,Post_Defoliation,0.01511764304106911,0.049343956409133895,414.68487629699797,-0.0530125764286395,0.40110325320954743,0.3739416022023603,0.3316623081541039,7.702111146622113,3720.146371371371,0.030613509563566572,0.006194568789859559,0.47121731901414615
DJI_20250929124955_0272_D.JPG,post_def_rgb_part1,Post_Defoliation,0.017017339651796616,0.05373556897416079,506.1329832330342,-0.0502607976031257,0.39781381515746295,0.37338663147414186,0.3319421081390242,7.752889131316084,3660.2048178178175,0.03295068620971193,0.006248939344931292,0.5380643600236461
DJI_20250929124159_0034_D.JPG,post_def_rgb_part1,Post_Defoliation,0.013625211551667269,0.05059671368997748,355.49576554068346,-0.05743944521243368,0.3958715003106062,0.36717636931829445,0.3248560267743154,7.699149657592165,3580.8405665665664,0.031743164149003564,0.00630805868847382,0.49638985537787145
DJI_20250929124319_0074_D.JPG,post_def_rgb_part1,Post_Defoliation,0.017492576353855573,0.05314089738043942,475.3636181163132,-0.05221342776210004,0.42103610902338073,0.39301941510357247,0.34751014482990855,7.746522337555065,3883.0555725725726,0.029980721854340735,0.005928535393864212,0.47405993985963624
DJI_20250929124153_0031_D.JPG,post_def_rgb_part1,Post_Defoliation,0.018200377203306483,0.05402055440263508,540.1877281538148,-0.05582991320756102,0.4185080095248566,0.38938460731444585,0.34206082790072856,7.767421659807397,3855.543392392392,0.030313143298430836,0.005913575337828976,0.4965424376137723
DJI_20250929124225_0047_D.JPG,post_def_rgb_part1,Post_Defoliation,0.02836721821047566,0.0605754356642434,617.4753965625215,-0.05138890942512171,0.4183647362145213,0.39040706517233237,0.33408217591966777,7.755362738331262,3845.0668728728724,0.03008672134765099,0.005927132161545344,0.48494102359622937
DJI_20250929124527_0138_D.JPG,post_def_rgb_part1,Post_Defoliation,0.014515738745631536,0.04099068407500233,35.418069185565415,-0.01603297442466796,0.34316661642596186,0.33894440186375746,0.32020644855592145,7.469573520228042,2774.313227227227,0.038885537284437964,0.008369980112138147,0.5378962573793707
DJI_20250929124851_0240_D.JPG,post_def_rgb_part1,Post_Defoliation,0.01769758152211462,0.04656069865825092,3.117792508129349,-0.014539947063496489,0.4334431274846243,0.42726403315255695,0.4033873572983748,7.443082023596792,3037.353251251251,0.03866643480590767,0.008292100765866721,0.5382549809876604
DJI_20250929124217_0043_D.JPG,post_def_rgb_part1,Post_Defoliation,0.02296579648113803,0.05635427482832687,644.7986535826432,-0.05590624438236173,0.4329745063719332,0.40208366489194575,0.34822702693082014,7.789361615033299,3937.1047797797796,0.029219481761374157,0.005703302621633106,0.48709537803790254
DJI_20250929125130_0317_D.JPG,post_def_rgb_part1,Post_Defoliation,0.01709657070767149,0.036744869840993954,3.314200712261027,-0.009723539258555918,0.43224391377793875,0.42827448318160494,0.40720848187759956,7.584024601674824,4461.942727727728,0.03232285278305271,0.0070811107615334325,0.384024488326578
DJI_20250929124907_0248_D.JPG,post_def_rgb_part1,Post_Defoliation,0.01731700611810125,0.04656457417214815,2.9514678340747387,-0.015805975787643787,0.42701172925201575,0.42026074287453136,0.3961927503789456,7.441320535048466,2988.0654064064065,0.03899851543984005,0.008338536433242177,0.5407985822180031
DJI_20250929124631_0170_D.JPG,post_def_rgb_part1,Post_Defoliation,0.021337945640308394,0.05464580317496462,379.5677444309729,-0.04814193922263601,0.4296130243507459,0.40253224961354456,0.3541135292360349,7.733879581063831,3657.2227327327328,0.030660347286967794,0.006072472558276329,0.49652450032163614
DJI_20250929124321_0075_D.JPG,post_def_rgb_part1,Post_Defoliation,0.01506063504851645,0.04956889847831678,433.5949460180647,-0.05065085677570982,0.3936954875210801,0.36833692847255645,0.32791773437551636,7.6871343426578855,3690.4024124124126,0.031201039345903438,0.0062906165947725435,0.4715464052785006
DJI_20250929124323_0076_D.JPG,post_def_rgb_part1,Post_Defoliation,0.019061602013112747,0.052269509914000235,489.8837775280522,-0.048280993169023366,0.4144950418657521,0.38893028020795595,0.34430391653704717,7.735514907995742,3879.6806376376376,0.030260962864035935,0.006003067724704818,0.4733686983534226
DJI_20250929125136_0320_D.JPG,post_def_rgb_part1,Post_Defoliation,0.02067407799670409,0.03924919125879985,4.750643600822889,-0.008091698653188987,0.4417182914315341,0.43907211426103054,0.41575185909382295,7.621547519888489,4709.748848848849,0.03197718183547647,0.006815448130247855,0.39565070620727466
DJI_20250929124835_0232_D.JPG,post_def_rgb_part1,Post_Defoliation,0.018758530030573983,0.05205094031874036,4.41861918529531,-0.019153289095606756,0.4338010483860793,0.4252696656687616,0.3979797529208699,7.451654971970242,3162.644754754755,0.038680376419127284,0.008275955012644236,0.5344179665901623
DJI_20250929124555_0152_D.JPG,post_def_rgb_part1,Post_Defoliation,0.015887174246479542,0.04493689934303663,4.165684062848184,-0.01654478749110594,0.4241129705053268,0.41706541865451635,0.3941306925572263,7.459492700297049,3136.236711711712,0.03884654395112962,0.008279360154101165,0.5450619608916374
DJI_20250929124627_0168_D.JPG,post_def_rgb_part1,Post_Defoliation,0.02066619287203805,0.050132781723883274,114.81785950273971,-0.031007722908784965,0.4053441109032392,0.38911794407225775,0.3522255843692381,7.618481175418122,3283.7551401401406,0.034323894049190826,0.0069575778739338475,0.505776940124576
DJI_20250929124349_0089_D.JPG,post_def_rgb_part1,Post_Defoliation,0.017318892772968487,0.04097142635310315,304.12865739218915,-0.039206854080716995,0.35836410614051056,0.3422498178117342,0.3088166367099893,7.635051621794496,3532.358870870871,0.03370307233511173,0.006846460631035679,0.4961064142680585
DJI_20250929125043_0296_D.JPG,post_def_rgb_part1,Post_Defoliation,0.00967366334191856,0.04777672406408871,66.14206432499844,-0.026438069917830383,0.39280982612811033,0.3804467181555038,0.35840994684097865,7.685627131467417,3408.8570160160166,0.03369460915477038,0.0066061577713281165,0.5324064093822461
DJI_20250929124357_0093_D.JPG,post_def_rgb_part1,Post_Defoliation,0.013706213047924075,0.04667645379693949,384.8368931491218,-0.049485146712192535,0.37381443182644264,0.35291883963347265,0.3183170343925786,7.677011079135898,3714.548063063063,0.03249554849882544,0.006537645974581603,0.4949217408374722
DJI_20250929124911_0250_D.JPG,post_def_rgb_part1,Post_Defoliation,0.01702030039886163,0.04645262388736116,3.694770080342999,-0.01794350125340997,0.42546050393454565,0.4173347274190186,0.39218865050463,7.436595743409818,3002.284716716717,0.03937422959137882,0.008382592913893419,0.5408530200511744
DJI_20250929125106_0307_D.JPG,post_def_rgb_part1,Post_Defoliation,0.01903829828649908,0.049213323160704106,8.898304305216627,-0.01630659915105391,0.42638167608097866,0.4191539585469877,0.39288794272649774,7.514708353937358,3107.574650650651,0.03581550987799795,0.007622396194542067,0.5149187378849671
DJI_20250929124259_0064_D.JPG,post_def_rgb_part1,Post_Defoliation,0.015261563885749781,0.05050966211545124,381.6919612809349,-0.053575623748674306,0.43453021768118344,0.40413741121889213,0.3584830408708509,7.764948460668427,3911.057657657658,0.029450126423432317,0.005786856091102911,0.4695250281883323
DJI_20250929125140_0322_D.JPG,post_def_rgb_part1,Post_Defoliation,0.020285523970748946,0.037491034710239624,8.080260238798465,-0.008295889177151175,0.42706808182491063,0.4245680497204244,0.4017824936451892,7.634045760596895,4567.895011011011,0.031449049892780946,0.006808409618157218,0.4016859275376881
DJI_20250929124735_0202_D.JPG,post_def_rgb_part1,Post_Defoliation,0.019168459448767095,0.04493475202413742,2.516263635788461,-0.01533841764789566,0.43851359889713776,0.43127688966630556,0.4048717209867064,7.43002877264708,2966.6833153153157,0.03740151399435064,0.008152430237385174,0.5018650208116536
DJI_20250929124435_0112_D.JPG,post_def_rgb_part1,Post_Defoliation,0.012432608365220034,0.051060297536140414,709.7915648879181,-0.06104858611472248,0.39267867648560784,0.3637507051722242,0.32239012549362056,7.710154614983303,3706.0150770770774,0.03209560573492438,0.006287413865386643,0.4969176683729577
DJI_20250929125059_0304_D.JPG,post_def_rgb_part1,Post_Defoliation,0.018471967451533115,0.05005775674392483,8.608267173207773,-0.015247456189187257,0.42099649171186077,0.415039131426079,0.3906098036887642,7.510373067895671,3106.2703143143144,0.03634950645907805,0.007726281197760834,0.5219523598727828
DJI_20250929125029_0289_D.JPG,post_def_rgb_part1,Post_Defoliation,0.02025577831938609,0.05400996856830174,475.2515973591688,-0.041256062922197884,0.39780712146595315,0.37836096590871543,0.3386590320320916,7.765335991962028,3840.6401311311315,0.0321640639021218,0.006114833766570731,0.5245752192438655
DJI_20250929125037_0293_D.JPG,post_def_rgb_part1,Post_Defoliation,0.013378520867089978,0.04853615838344768,38.05993393963826,-0.017231631425485335,0.4080623265982251,0.40025636877908927,0.37907189009286346,7.677321607156645,3440.262734734735,0.03285595641325696,0.006589168374126231,0.5267174301877663
DJI_20250929124253_0061_D.JPG,post_def_rgb_part1,Post_Defoliation,0.018021267213261503,0.05176210939928154,355.2685835714257,-0.05255980629293211,0.42469540371147385,0.3950251881285345,0.3473337053323336,7.740753500685511,3773.7515855855854,0.029749813668323286,0.005918764272147353,0.4694436613314597
DJI_20250929125035_0292_D.JPG,post_def_rgb_part1,Post_Defoliation,0.010132218290079766,0.0466951872248276,76.70358995314918,-0.023999084882098794,0.38359995207983,0.3730545146943172,0.3523768590187247,7.676765456359568,3454.6494224224225,0.03350232553591834,0.006646029321465398,0.5266341822358974
DJI_20250929124251_0060_D.JPG,post_def_rgb_part1,Post_Defoliation,0.018614598108906824,0.054861340590205906,428.6879998293547,-0.053924159457952266,0.44665833283017525,0.4147112685845548,0.3641496062300276,7.783694302358242,3982.1073903903916,0.02877283781668611,0.005641772359917307,0.4661912360912701
DJI_20250929124429_0109_D.JPG,post_def_rgb_part1,Post_Defoliation,0.016974803460465593,0.05231513413766455,665.6294937265844,-0.05458770769237901,0.42437891918801407,0.3960787036035728,0.3508036845586658,7.785050913777106,3915.0822302302304,0.030858938060804274,0.005851394354593617,0.5012289504707967
DJI_20250929124737_0203_D.JPG,post_def_rgb_part1,Post_Defoliation,0.01909244334740974,0.046918717005561425,2.728549021916935,-0.015960817750411728,0.4439166207816582,0.4362792779772386,0.40954949182540934,7.457161962832055,3012.3383913913913,0.03683406910141286,0.007930793028357202,0.5041925464050535
DJI_20250929124437_0113_D.JPG,post_def_rgb_part1,Post_Defoliation,0.014244743650746447,0.052279148250546935,627.7769073042004,-0.05698693179729576,0.4099838687160068,0.381126344032726,0.33802407569869874,7.742221071979276,3840.571974974975,0.031476797925705284,0.006085012796542621,0.49497884813884735
DJI_20250929125148_0326_D.JPG,post_def_rgb_part1,Post_Defoliation,0.01453884214776084,0.03979631407259327,17.84627994615368,-0.01640378617419881,0.43595669754404814,0.42830505679077097,0.40611457388973293,7.679225180784633,4871.54453953954,0.03023057210514605,0.006386294797275975,0.38476600749717565
DJI_20250929124307_0068_D.JPG,post_def_rgb_part1,Post_Defoliation,0.012946647187692065,0.05206191634508634,456.22137874880633,-0.05988114803587559,0.4327695188517543,0.39926683641866834,0.3528175067978903,7.758382512286812,3916.429328328328,0.029563361616748014,0.005837358772606221,0.47029432449252867
DJI_20250929125051_0300_D.JPG,post_def_rgb_part1,Post_Defoliation,0.015391775176075272,0.04933777483379913,18.439659633691274,-0.017586965616060633,0.40921585073959726,0.4018247822001614,0.37904193848465023,7.578159160661189,3215.9165345345345,0.034791482357160036,0.0072721019347663654,0.5220699647110026
DJI_20250929125142_0323_D.JPG,post_def_rgb_part1,Post_Defoliation,0.018842285753808828,0.03690046824466654,14.454260219468669,-0.012572608847565496,0.4154514459635312,0.4103214609065736,0.3863491900958073,7.6306940570858295,4391.428904904906,0.03209646403494118,0.006883043891341029,0.4026744763737647
DJI_20250929124503_0126_D.JPG,post_def_rgb_part1,Post_Defoliation,0.016396933034021892,0.05002045694131772,571.7554996710157,-0.05562294499909176,0.3740566436535701,0.3494250127817159,0.30839644887583983,7.679346243313483,3509.9605925925925,0.03360451237120583,0.006613124495862751,0.5235854516861611
DJI_20250929124409_0099_D.JPG,post_def_rgb_part1,Post_Defoliation,0.01689025901824406,0.052927310427296086,588.8186065629161,-0.05148662897795948,0.40751248244954746,0.3828631685768648,0.34132359568593806,7.751259967782489,3961.8654484484487,0.03132697103306144,0.006049458844282275,0.4930771661848573
DJI_20250929124923_0256_D.JPG,post_def_rgb_part1,Post_Defoliation,0.01993803383565026,0.05122839116290833,4.7378623733013585,-0.01620176382316909,0.4158839622958906,0.4096546788890511,0.38348736164656133,7.425590275338294,2931.407373373373,0.0390160669261833,0.008431998642291523,0.5421043451187073
DJI_20250929124501_0125_D.JPG,post_def_rgb_part1,Post_Defoliation,0.015266964198278509,0.05222500661518454,732.2286183359317,-0.060091508790473314,0.3987781601403315,0.3706211821945741,0.32719724005053813,7.7454968963696516,3736.235394394395,0.03209916371406425,0.006182023545151742,0.5211636544398677
DJI_20250929125114_0309_D.JPG,post_def_rgb_part1,Post_Defoliation,0.015155057158752216,0.03911874058043352,6.041660269246025,-0.01527562764293823,0.42372978318544996,0.4163600412244133,0.39383524210462445,7.585467779321857,4302.322173173174,0.031066386877211444,0.006950029281313512,0.3663775416207329
DJI_20250929124603_0156_D.JPG,post_def_rgb_part1,Post_Defoliation,0.017753325236243955,0.04457448595438937,3.918691347861173,-0.01556084899885162,0.4280999892909948,0.421154071231857,0.39645482793647535,7.44289683040618,3086.157696696697,0.03802006667033869,0.008286650619423888,0.5321060513731111
DJI_20250929124805_0217_D.JPG,post_def_rgb_part1,Post_Defoliation,0.021022239885322022,0.04698478973162749,2.211954970950482,-0.011271421945382967,0.43447564737663924,0.4300947033530451,0.40469151944412907,7.408091482788153,3034.7394654654654,0.038975835223635805,0.008503857204770721,0.5233159385647231
DJI_20250929124247_0058_D.JPG,post_def_rgb_part1,Post_Defoliation,0.021518810300110484,0.05748522527766054,510.10445671946235,-0.05423905181964633,0.4404423265997271,0.40902032146391054,0.3560795060279834,7.770356881954988,3945.1465995996,0.02884665329520252,0.005702852842091102,0.4615365077257323
DJI_20250929124601_0155_D.JPG,post_def_rgb_part1,Post_Defoliation,0.015933796343858497,0.04419800947526474,4.165941533789941,-0.016900583184335523,0.4187574972423937,0.41143073924578566,0.3881701849053192,7.427782733381869,3105.7033883883887,0.03915783534694908,0.008472847632576825,0.5348225880706199
DJI_20250929124913_0251_D.JPG,post_def_rgb_part1,Post_Defoliation,0.015350771927026165,0.04575795595801622,4.0465390265151635,-0.01910380995309486,0.41764741985819065,0.4089575147628068,0.38491683774039687,7.415346205593842,2968.43107007007,0.03989258949856145,0.00855845005755762,0.5396846129325568
DJI_20250929124441_0115_D.JPG,post_def_rgb_part1,Post_Defoliation,0.013837541236429,0.05157728810435096,614.8348950483916,-0.057949239203352605,0.4114138177408415,0.3827486560048231,0.34024595303237576,7.751181813752211,3886.9034584584588,0.03072548202867558,0.006006480420035139,0.4927736618682826
DJI_20250929124741_0205_D.JPG,post_def_rgb_part1,Post_Defoliation,0.018879088759780036,0.047487843066746124,2.3624319342978004,-0.015650948950705963,0.4441584552402632,0.43662192596728,0.41020630793451673,7.439331459779369,2999.155932932933,0.03705327278816561,0.008076435283277087,0.5058498115175941
DJI_20250929124355_0092_D.JPG,post_def_rgb_part1,Post_Defoliation,0.017875197996439746,0.04666647689495912,437.1550609012879,-0.0446820273589303,0.38473605493764745,0.3648650915041691,0.3271189300742511,7.705023570680879,3837.9572322322324,0.032207058168991005,0.006355727704522388,0.49370170102353245
DJI_20250929124919_0254_D.JPG,post_def_rgb_part1,Post_Defoliation,0.018362361233521196,0.04842083396002543,3.7914269263567992,-0.017541507930438308,0.41871886521943397,0.4112210753598557,0.38536092426675606,7.4186195447193715,2959.445203203203,0.03955537327828772,0.00848963799774243,0.5411679898448581
DJI_20250929124942_0265_D.JPG,post_def_rgb_part1,Post_Defoliation,0.019286354256596774,0.04776205846948285,13.281832849884507,-0.01666054572222167,0.411596916384748,0.40505851502595086,0.3792337594105571,7.531568873138031,3033.667500500501,0.0380886083441325,0.007784929907339612,0.5527207257798149
DJI_20250929124557_0153_D.JPG,post_def_rgb_part1,Post_Defoliation,0.017286028480546858,0.04424660362928627,5.380437875033098,-0.01528838356620596,0.4127816213043419,0.4068139023464887,0.3835601549080888,7.439528698219676,3121.8787597597598,0.03940374065721996,0.008462977185583366,0.5433955885929134
DJI_20250929124549_0149_D.JPG,post_def_rgb_part1,Post_Defoliation,0.01804525771303711,0.045222037547279124,5.625018513129282,-0.014952964619550852,0.4156852137475391,0.41012482411998413,0.38651917677939207,7.466120972503583,3174.4151741741744,0.03913537078730568,0.008297130220589824,0.5472481831635503
DJI_20250929124443_0116_D.JPG,post_def_rgb_part1,Post_Defoliation,0.01145063050958043,0.048648222810676336,552.9013119353092,-0.06027578826887981,0.3828867135564892,0.35493508810822794,0.3155328321503863,7.675393249799785,3645.6402842842845,0.03242573921124834,0.006471416853591631,0.4917160685212407
DJI_20250929124743_0206_D.JPG,post_def_rgb_part1,Post_Defoliation,0.01882395578187153,0.047511203458171815,2.6456795968814433,-0.01426211770381488,0.43695197773398053,0.4308320147964508,0.4058880960770496,7.423276774095857,3005.0114864864863,0.037665705942216715,0.008243694441060823,0.5060714846073379
DJI_20250929124301_0065_D.JPG,post_def_rgb_part1,Post_Defoliation,0.012835447948827476,0.04934316991673938,352.4005962005571,-0.0563911422307028,0.42137907449111944,0.3904547388324451,0.3466949552249432,7.733367399239487,3780.5105995995996,0.030143761285697887,0.005988610652868137,0.4713118975580989
DJI_20250929124611_0160_D.JPG,post_def_rgb_part1,Post_Defoliation,0.020720939094147323,0.046989491673404944,7.378961454312342,-0.015142737136651752,0.42963591165776605,0.42294360289386457,0.39553035503581585,7.473198798522189,3080.548380380381,0.0370028177183704,0.00796417489357115,0.5212193264838096
DJI_20250929124209_0039_D.JPG,post_def_rgb_part1,Post_Defoliation,0.015583311292007688,0.05115178969967382,431.26209515073623,-0.05794462386218542,0.4184319063095716,0.3871756583259587,0.340336099050338,7.748950669398988,3720.010557557558,0.030472381962962265,0.005978537034026753,0.49528226905482553
DJI_20250929124815_0222_D.JPG,post_def_rgb_part1,Post_Defoliation,0.018661440619542235,0.04688767642384797,2.9270534030627746,-0.015106216014482537,0.417080105424374,0.41098781392555184,0.38623408180718743,7.399884659890666,3124.010633633634,0.03990017384932488,0.008754853870002853,0.5299903261169326
DJI_20250929124303_0066_D.JPG,post_def_rgb_part1,Post_Defoliation,0.015087865097474477,0.05160652420017269,412.34644853206436,-0.05456310846527626,0.43487036884337343,0.40395059314821924,0.35794295235559065,7.766231080642573,3916.009565565566,0.029307155425702076,0.005792020022789358,0.47087215222668827
DJI_20250929125009_0279_D.JPG,post_def_rgb_part1,Post_Defoliation,0.02125221520955105,0.05805181898307689,577.2093162896991,-0.04743171227514936,0.3976790084197113,0.3762659444771873,0.3336006653251122,7.762051330950743,3736.9136566566563,0.03226441300003405,0.006157834435167687,0.5331113039673925
DJI_20250929124229_0049_D.JPG,post_def_rgb_part1,Post_Defoliation,0.02565545720693523,0.060294929760317355,641.7994854945737,-0.053504786263961206,0.420501620206406,0.3907544357135262,0.3353517940137111,7.757248530085205,3854.6188028028027,0.030203210567542705,0.005919224052995945,0.48377488650708567
DJI_20250929124237_0053_D.JPG,post_def_rgb_part1,Post_Defoliation,0.027147918172385845,0.06010450676339277,522.8970228528613,-0.04918066365139701,0.41826090542461436,0.39086281595320355,0.3363168083094071,7.72394562155746,3852.7735465465466,0.029103617164314557,0.005950342573912622,0.4440687996539028
DJI_20250929124507_0128_D.JPG,post_def_rgb_part1,Post_Defoliation,0.015779476274071228,0.05119903136618769,588.0180365448514,-0.056005727828916274,0.37400775847152906,0.3499362012514967,0.3100851677573931,7.6831392611958345,3519.440767767768,0.033251292487617205,0.006550158566777036,0.5188449852605785
DJI_20250929125103_0306_D.JPG,post_def_rgb_part1,Post_Defoliation,0.019767054353683745,0.049283300763315226,7.900675111988169,-0.015624906763583626,0.42757321756643335,0.4208710333874641,0.39440179485481114,7.513128493859526,3113.3448948948953,0.0356932267853617,0.007652244712594713,0.5167069612469335
DJI_20250929124927_0258_D.JPG,post_def_rgb_part1,Post_Defoliation,0.01814136559041915,0.05140800969797249,8.127495537220065,-0.01941075483621401,0.4253015450481139,0.41658896292070774,0.38973501520288234,7.492606459424213,3036.9124654654656,0.03809247835838089,0.007959656708281613,0.5441829645724716
DJI_20250929124451_0120_D.JPG,post_def_rgb_part1,Post_Defoliation,0.014441168097137436,0.053581331051758566,699.2266341767565,-0.060318379278968166,0.38740715607871967,0.3597627589236203,0.3176771936713834,7.694085049569186,3680.914376376377,0.03245213532851278,0.006381522658350958,0.49769965295026075
DJI_20250929124243_0056_D.JPG,post_def_rgb_part1,Post_Defoliation,0.02121200668734571,0.060132401063063584,501.0906957714104,-0.05559328438015945,0.4447287018838237,0.41239241242196545,0.35884411627276147,7.778746347542458,4010.5842072072073,0.02846253702547677,0.005638865560803948,0.45692004478410997
DJI_20250929124607_0158_D.JPG,post_def_rgb_part1,Post_Defoliation,0.01672355168589481,0.04503471806768546,5.808604240985248,-0.019421750095151062,0.4298574493222237,0.420311025446579,0.3940410498850397,7.455504443096147,3086.3662492492494,0.037874492845136165,0.008168205950961705,0.5298729673570957
DJI_20250929124241_0055_D.JPG,post_def_rgb_part1,Post_Defoliation,0.026226549456379054,0.05935787078528016,484.49927177610056,-0.05016633637257902,0.42657475246126886,0.39808241123991955,0.3433635205621912,7.740043828851012,3884.684936936937,0.029135982060880992,0.005868437797728577,0.45234006092823703
DJI_20250929124715_0192_D.JPG,post_def_rgb_part1,Post_Defoliation,0.022921649057637578,0.053005731701901794,5.625847102826084,-0.01777893214484099,0.4471533276844457,0.4383522438144605,0.40662951088683785,7.5244619969168625,3047.3422872872875,0.03417712299065716,0.007291478770431733,0.4862484543268753
DJI_20250929124931_0260_D.JPG,post_def_rgb_part1,Post_Defoliation,0.017967907116426863,0.047406262811692024,9.786191425060117,-0.017868700220081944,0.41467415786365414,0.4072199985641221,0.3817979321481634,7.492421004811227,3017.067238238238,0.03869694960277676,0.008019037137229127,0.5476754738434845
DJI_20250929124447_0118_D.JPG,post_def_rgb_part1,Post_Defoliation,0.014977401257865036,0.050644670410808695,620.07590777387,-0.05817379487822242,0.37466326918594134,0.34853147508812027,0.3074222797324341,7.652296882796439,3572.684876876877,0.033103378980108955,0.006636881749022026,0.49417632230407643
DJI_20250929124747_0208_D.JPG,post_def_rgb_part1,Post_Defoliation,0.017114974839094566,0.04821300862830968,2.817306194664446,-0.01772060626981586,0.43679998251713587,0.4283540048675658,0.4027930523789011,7.423847718662017,3037.7848808808812,0.037418665157126454,0.008263433874271005,0.5069834215247185
DJI_20250929124933_0261_D.JPG,post_def_rgb_part1,Post_Defoliation,0.017696918404889916,0.046848053021109747,11.199749594810173,-0.018410230152759284,0.41266529811437397,0.4048778399891378,0.3793934634590117,7.496111402995773,3030.5857617617617,0.038664626157143424,0.008011783425595304,0.5489726254350553
DJI_20250929124621_0165_D.JPG,post_def_rgb_part1,Post_Defoliation,0.016218538354459962,0.049284860876262264,16.021158456897922,-0.02076505262746297,0.4264570059724108,0.4164538984083384,0.3902322524898062,7.518379425471834,3180.965166166166,0.03524003103061041,0.007548221334525416,0.4985949285657272
DJI_20250929124825_0227_D.JPG,post_def_rgb_part1,Post_Defoliation,0.018821943337496774,0.0493332102168165,3.902731011150545,-0.016840125420139313,0.4278498226856082,0.42082145974255136,0.3949711534619976,7.442115240529026,3183.57288988989,0.03927420997598463,0.008415512782351676,0.5377959429713917
DJI_20250929124623_0166_D.JPG,post_def_rgb_part1,Post_Defoliation,0.014271737703568727,0.048541043457909876,23.051424423722878,-0.02386123158642996,0.42753632988722645,0.41533023312888595,0.3888523986669767,7.544344649047094,3233.1261451451455,0.034896263210768635,0.007391464493655814,0.4984050977129193
DJI_20250929125047_0298_D.JPG,post_def_rgb_part1,Post_Defoliation,0.013403440519511414,0.0471884773474217,33.70939963286772,-0.019080470612615228,0.40216263742222075,0.3941439460776804,0.3727218142136286,7.63151152531745,3287.3012892892893,0.03420370752544553,0.00691675093852943,0.528139535042836
DJI_20250929124717_0193_D.JPG,post_def_rgb_part1,Post_Defoliation,0.02175158547348222,0.05199997700202226,5.362518324032627,-0.01923442424630297,0.45078809304308176,0.44079938030456234,0.4090590820925607,7.529673769336922,3044.9213673673676,0.034109987398984964,0.007261207581797698,0.4882042261639412
DJI_20250929124709_0189_D.JPG,post_def_rgb_part1,Post_Defoliation,0.023000860400231422,0.0551862241671254,7.327661346987062,-0.0179971993803662,0.45084520354469576,0.44159268741660346,0.40933931088827974,7.555523299251463,3133.1598308308307,0.03348764070914641,0.0070507070373817295,0.48062885830613267
DJI_20250929125056_0302_D.JPG,post_def_rgb_part1,Post_Defoliation,0.01872982279975752,0.05097889276543476,8.67572541997112,-0.015452414828423432,0.4226852924504667,0.4163927416149841,0.3913703679797439,7.512037498744907,3142.2291161161165,0.035850057379076754,0.007690747593667373,0.5177471352934273
DJI_20250929124939_0264_D.JPG,post_def_rgb_part1,Post_Defoliation,0.018083119416072338,0.04687262671854379,10.568885809397148,-0.019501207114789962,0.41943053419011384,0.41071264449647243,0.3839116353867588,7.523420555828257,3002.72227027027,0.03833270510215335,0.007842176832692116,0.5536715773602596
DJI_20250929125054_0301_D.JPG,post_def_rgb_part1,Post_Defoliation,0.019118643799861456,0.05126061028265302,9.703507085512207,-0.014498786090559908,0.4263730946081285,0.42063941566530705,0.39578709292262426,7.545397172831376,3186.7725475475477,0.03497791450013457,0.007420788444240086,0.5179111834904873
DJI_20250929124453_0121_D.JPG,post_def_rgb_part1,Post_Defoliation,0.013428513184542745,0.05394143215471592,634.0240616100007,-0.061300507225231296,0.3945772725320174,0.3658181867746639,0.3236305878327677,7.7182849544928995,3745.681263263263,0.03187567096212989,0.00629576275129651,0.5080333958520644
DJI_20250929124619_0164_D.JPG,post_def_rgb_part1,Post_Defoliation,0.017501835212591025,0.05056762273652611,18.360502605395954,-0.02115076981325347,0.4351178912406646,0.4245343240514946,0.39644892164973355,7.543116137817657,3209.12698998999,0.03444057539331229,0.007346980861376125,0.5005227203818187
DJI_20250929124235_0052_D.JPG,post_def_rgb_part1,Post_Defoliation,0.024192355888030363,0.0561732034287463,560.7810387591741,-0.0528559087598079,0.38688745823037374,0.35987907253856594,0.30867833095872776,7.647233126121737,3462.736864864865,0.030657871228308653,0.006402687507619995,0.4397853416898445
DJI_20250929124817_0223_D.JPG,post_def_rgb_part1,Post_Defoliation,0.019064853953500386,0.04714653859216734,2.660385151784913,-0.013449809854162772,0.4233045035046834,0.41812488021834954,0.3938804029785153,7.40963835973652,3126.1261281281286,0.03990663263606059,0.00865834003938532,0.532669917233862
DJI_20250929124725_0197_D.JPG,post_def_rgb_part1,Post_Defoliation,0.01854538553019639,0.04750413259375834,3.0001069744672493,-0.018696411558673624,0.4493445234552748,0.43971988178640026,0.4115498545873293,7.506335603459839,3015.810317317317,0.03510475043179435,0.007494671208462008,0.49828097160296625
DJI_20250929124945_0267_D.JPG,post_def_rgb_part1,Post_Defoliation,0.017490546073655126,0.04768742268400441,47.22709065252415,-0.023811473775960542,0.377714716681476,0.3673200507874198,0.33943483881970843,7.5820273304210435,2966.615283283283,0.03917524333993298,0.007778008829081463,0.5766117338396096
DJI_20250929124459_0124_D.JPG,post_def_rgb_part1,Post_Defoliation,0.013610640057567288,0.04949984830523585,569.3691462240805,-0.06105834495480838,0.37551028503827305,0.3485824613304279,0.3080439975650155,7.681640473265311,3535.3332432432435,0.033771455786483814,0.0066179045039488705,0.5253568414788288
DJI_20250929124649_0179_D.JPG,post_def_rgb_part1,Post_Defoliation,0.026925634407177705,0.054213746916364235,386.23242082900924,-0.04726693805206547,0.4112667846384502,0.3857407533822733,0.3332890877189188,7.717920468439143,3439.5663183183183,0.03146773608751755,0.006259618155773779,0.5213115779221982
DJI_20250929124613_0161_D.JPG,post_def_rgb_part1,Post_Defoliation,0.01625160973020516,0.04803440208742402,9.996254012515022,-0.021441612571822092,0.42541347574357746,0.41492646176419523,0.3881878380546079,7.471457715301709,3084.203208208208,0.03681454341015942,0.007974508478782305,0.5160468226184767
DJI_20250929124331_0080_D.JPG,post_def_rgb_part1,Post_Defoliation,0.016355004387237627,0.049569320681233715,422.15223251602083,-0.04572511655495803,0.4165811209775143,0.39331134138476304,0.35368655740477395,7.766971961156624,3967.970197197197,0.03055015193148755,0.005909306464033563,0.49005326656486675
DJI_20250929124425_0107_D.JPG,post_def_rgb_part1,Post_Defoliation,0.01508663480099274,0.050726082618684935,525.1050944431452,-0.05222316108813907,0.42436810635949695,0.39725104379006865,0.35504734641964764,7.788024465266199,3922.775688688689,0.03082546218370597,0.005827489666399089,0.5002054962898785
DJI_20250929124533_0141_D.JPG,post_def_rgb_part1,Post_Defoliation,0.015754271248438707,0.04974850203225233,9.640036909438871,-0.020830337017236415,0.4163717165559119,0.4080028358587361,0.3838796839131216,7.4897013767436675,3152.5408778778774,0.037733376947762055,0.008027349952267254,0.5436778781794708
DJI_20250929124519_0134_D.JPG,post_def_rgb_part1,Post_Defoliation,0.01741031020368438,0.04664193760140985,400.398505815875,-0.046517931272413555,0.36800899785489466,0.3477982204502048,0.3101771328418305,7.680419799980144,3411.338063063063,0.03471922303610618,0.006766282389330715,0.5439853670626553
DJI_20250929124405_0097_D.JPG,post_def_rgb_part1,Post_Defoliation,0.015855341428019566,0.04478758029775786,412.26955861743363,-0.04624694288717301,0.3535043013628223,0.3348771128506861,0.3003945829105304,7.619526038952755,3405.0235465465466,0.03377141941541507,0.006901731787706416,0.49069489364027236
DJI_20250929125126_0315_D.JPG,post_def_rgb_part1,Post_Defoliation,0.01619463797254049,0.03646671222480219,2.8307205739546473,-0.010610488883891843,0.426903087858301,0.4223514746961075,0.40160522356137357,7.549419030636039,4347.319454454455,0.03257486744241058,0.007317574512541465,0.3752558858037507
DJI_20250929124539_0144_D.JPG,post_def_rgb_part1,Post_Defoliation,0.019339339050109733,0.04891621750418277,8.566509101130311,-0.017211972328038123,0.4194757102713929,0.4130113058107393,0.38720756229997594,7.487041510599622,3146.430796796797,0.038579511902817,0.008086934067167284,0.5500720936258099
DJI_20250929124513_0131_D.JPG,post_def_rgb_part1,Post_Defoliation,0.015892154947740652,0.05295140471034477,342.2928173665268,-0.049149226903374,0.41541364677975856,0.39053529086589445,0.3497647800042896,7.756820332299604,3674.5509939939943,0.03139811604207611,0.006045328854240343,0.519427088507949
DJI_20250929125108_0308_D.JPG,post_def_rgb_part1,Post_Defoliation,0.017668585914158534,0.048610267242799224,9.742214474472272,-0.016318455545258962,0.42203211353558184,0.41486398155257453,0.3900272636554085,7.518202588078579,3107.8679829829834,0.035710403933963526,0.007610781205442954,0.5136928239085232
DJI_20250929124523_0136_D.JPG,post_def_rgb_part1,Post_Defoliation,0.01654082083548865,0.04812077010779561,435.7254807327646,-0.051113641290069636,0.3693299532753936,0.34778570401871567,0.3097006339265491,7.669943600855906,3468.691970970971,0.0336279324508313,0.006666891437201406,0.5226580834986181
DJI_20250929124901_0245_D.JPG,post_def_rgb_part1,Post_Defoliation,0.01862543309139693,0.04644527606121548,3.3768946508662077,-0.01470260810164844,0.42517206896929804,0.4192429917971723,0.39468848153364966,7.436867365070503,2980.6974364364364,0.03906040069437655,0.008364451154869713,0.5395525444306021
DJI_20250929124759_0214_D.JPG,post_def_rgb_part1,Post_Defoliation,0.020249779098605154,0.04903882221120405,3.3735952611177438,-0.0157006521937158,0.42935303809071507,0.4222261690088297,0.3948495208283393,7.3925900090780905,3004.4847877877883,0.03879857559191824,0.008588143464108647,0.5150702560067321
DJI_20250929124809_0219_D.JPG,post_def_rgb_part1,Post_Defoliation,0.017966273354793397,0.04668230281834791,2.8684633337347494,-0.014058325744165434,0.43495812091803665,0.4287206705804852,0.40451694688814027,7.41694957511654,3090.8740260260265,0.038955485327567346,0.008479374929710208,0.5272473961022147
DJI_20250929125134_0319_D.JPG,post_def_rgb_part1,Post_Defoliation,0.019909478490970488,0.038009804067299036,4.113988357639574,-0.008338073664663723,0.43647451155371,0.4334361936665771,0.41048839728847386,7.60595508368944,4546.233788788789,0.032173087357659474,0.006939303979903985,0.3921068595674263
DJI_20250929124903_0246_D.JPG,post_def_rgb_part1,Post_Defoliation,0.01688921327562186,0.04700473478650242,3.1691984889257507,-0.01681321449301345,0.4293334765080772,0.4218133419260709,0.39740399406844273,7.446868025035249,2987.3514044044045,0.038760763988366594,0.0082848925006938,0.5406006674967653
DJI_20250929124521_0135_D.JPG,post_def_rgb_part1,Post_Defoliation,0.014527000473719529,0.05074477882943135,609.3069724597192,-0.05758725261502317,0.39851979055709064,0.37210785064707624,0.3311689102633424,7.753570868654634,3721.18348948949,0.03221774159809535,0.00617753662518907,0.5296222191526684
DJI_20250929125015_0282_D.JPG,post_def_rgb_part1,Post_Defoliation,0.02180473454433708,0.05828817250985175,552.0614711548704,-0.04381706471054063,0.3757208270100637,0.3574499355882623,0.3173743096221238,7.7070773046306975,3661.1011141141144,0.03329589734764331,0.006492692157175191,0.5257008221444714
DJI_20250929124545_0147_D.JPG,post_def_rgb_part1,Post_Defoliation,0.017419464112666542,0.0463673962958063,6.273601843717961,-0.017412501934406036,0.41496326289271107,0.4082599849082631,0.38413724281114847,7.468701985659447,3180.2979889889884,0.03885638347133804,0.008280263490020402,0.5476029118861759
DJI_20250929124327_0078_D.JPG,post_def_rgb_part1,Post_Defoliation,0.01590658244101636,0.04766302427047324,410.3610844343332,-0.046515910490545036,0.4008888117630237,0.3773043396779308,0.3378132851518215,7.718378232061648,3819.7056396396392,0.031071981032398378,0.00615506500905605,0.4785223330274079
DJI_20250929124417_0103_D.JPG,post_def_rgb_part1,Post_Defoliation,0.014217823569664405,0.05086399760214594,620.5166912524628,-0.0545576402754553,0.41420191983325805,0.38720191491432493,0.34598408642572753,7.767480804261093,3928.12634034034,0.03103664540087435,0.005940897721490303,0.496419251953302
DJI_20250929124657_0183_D.JPG,post_def_rgb_part1,Post_Defoliation,0.029243156825496382,0.055784744349679415,30.329550133822675,-0.023931695656527363,0.4256972463587881,0.41267618416364915,0.37041196514301405,7.5941604829612555,3142.1782862862865,0.03300651109413051,0.0069417769949363115,0.49648487069587793
DJI_20250929124753_0211_D.JPG,post_def_rgb_part1,Post_Defoliation,0.021622526752987554,0.05070172615390493,3.366511868393216,-0.01717341305034908,0.44053806443066246,0.4320997513047563,0.40203891142586273,7.418106817367912,3003.6676826826824,0.037890831993661375,0.008310815136122652,0.5127163581298612
DJI_20250929124345_0087_D.JPG,post_def_rgb_part1,Post_Defoliation,0.015993065919109012,0.0405168515224389,315.569416361097,-0.04022186996002092,0.3602977186063934,0.34400099737937273,0.31171121023324305,7.646586448276193,3602.298767767768,0.03309204891686764,0.00675714339159992,0.4951425646506872
DJI_20250929124751_0210_D.JPG,post_def_rgb_part1,Post_Defoliation,0.021591595488579963,0.049954811166504624,3.3178810434710226,-0.014874125003169118,0.434035915232441,0.4276439028211095,0.3996602949211979,7.41587944553762,3022.849933933934,0.037843549563017304,0.00834818688436527,0.5107583775473752
DJI_20250929124415_0102_D.JPG,post_def_rgb_part1,Post_Defoliation,0.014536396011203451,0.047272097877427616,429.07492562704124,-0.049508057937034104,0.3834164721247447,0.36054310727569516,0.3231333464154421,7.689405163901475,3646.971975975976,0.03237899137178284,0.006435883215607405,0.4948387047799818
DJI_20250929124655_0182_D.JPG,post_def_rgb_part1,Post_Defoliation,0.03298968109243268,0.058658856045649334,102.12895986970521,-0.0312385472930568,0.43157763529393744,0.41375005594816905,0.36293279550996793,7.652311815040059,3307.8392582582583,0.031690935585522675,0.006580313537513065,0.500579728560921
DJI_20250929125017_0283_D.JPG,post_def_rgb_part1,Post_Defoliation,0.019535287561573023,0.06076417667335503,542.6715773511099,-0.04688615628139959,0.40382223546954704,0.38192128697160144,0.3404850509120828,7.766354626471155,3826.1039229229236,0.031780196540296936,0.006093547818694166,0.5250491745148588
DJI_20250929125116_0310_D.JPG,post_def_rgb_part1,Post_Defoliation,0.014198561816643807,0.038910709511796,5.7117833063808074,-0.016256504692625882,0.42851515774830323,0.4205679418793899,0.39842216419383264,7.589789070031701,4402.519095095095,0.030977301945243042,0.006930824852059582,0.36622308263368475
DJI_20250929124339_0084_D.JPG,post_def_rgb_part1,Post_Defoliation,0.015394101718727751,0.04373093381859183,408.2155361759799,-0.04500163646549415,0.3898187536535281,0.3691950305109022,0.3331772056495485,7.717196792920087,3881.4475705705704,0.03208133023422447,0.006272612852577836,0.49281670676811096
DJI_20250929124511_0130_D.JPG,post_def_rgb_part1,Post_Defoliation,0.014871787636370848,0.047393629608120484,464.6209380061425,-0.05269174453660908,0.368730733553341,0.34562344096108893,0.30764436073246587,7.653228636125193,3378.482179179179,0.03298008146513141,0.006674864010998357,0.5093320358718059
DJI_20250929125124_0314_D.JPG,post_def_rgb_part1,Post_Defoliation,0.017282113422934512,0.03621146280639332,2.6937990536818734,-0.007866325792543004,0.4183523596534548,0.4159354806090404,0.3962364881416917,7.5290601623255515,4203.296717717718,0.03281884704867561,0.007469513134019655,0.37521505970582353
DJI_20250929124847_0238_D.JPG,post_def_rgb_part1,Post_Defoliation,0.018943398927116883,0.0480329969533951,2.739887204498908,-0.016314639856829103,0.4336871840993652,0.42640052967520925,0.40017047632393643,7.42387681555067,3059.1188198198197,0.039009615422736274,0.008450257735995613,0.533989529603845
DJI_20250929125025_0287_D.JPG,post_def_rgb_part1,Post_Defoliation,0.018462394119028867,0.05625402361383592,526.3205897908819,-0.046998069269420156,0.40373554659784067,0.3815796143196072,0.34096128792234487,7.775517458047509,3874.5494134134133,0.03218231739829977,0.006094224520432306,0.528953524398381
DJI_20250929124531_0140_D.JPG,post_def_rgb_part1,Post_Defoliation,0.014667623004865762,0.04829781800953614,10.161557954296105,-0.021567168186212803,0.40876318874824497,0.4000488562692289,0.3766669007853471,7.480730700999128,3120.457543543544,0.038534002271050125,0.00814767607150081,0.5444764100898453
DJI_20250929124333_0081_D.JPG,post_def_rgb_part1,Post_Defoliation,0.01787804910011313,0.046882426758623016,326.5629873188287,-0.04126950055184875,0.3993608212695563,0.3792690114506752,0.3412991525316809,7.727880715471012,3840.1486366366366,0.03175103544701416,0.006179192476116448,0.49376900731083356
DJI_20250929122439_0322_D.JPG,part3_post_def_rgb,Post_Defoliation,0.01237347039958858,0.04666779541528484,10.445914451015122,-0.018087786133882778,0.41579152653340046,0.4064702703821057,0.3847755438312224,7.5722475840012216,3136.397921921922,0.0345619409317445,0.007215630713101185,0.5189671801176419
DJI_20250929122129_0227_D.JPG,part3_post_def_rgb,Post_Defoliation,0.01204694280429946,0.04936386337708102,399.83304773278144,-0.053123873123812754,0.3859847639993584,0.3613937682075618,0.3247558296114659,7.690629424511016,3783.984404404405,0.03172045211702608,0.006315031898266579,0.4738827464233132
DJI_20250929121617_0071_D.JPG,part3_post_def_rgb,Post_Defoliation,0.020578524156391727,0.045939535248852664,2.5478749721028513,-0.006683960931774073,0.4282054615401021,0.42667425459015307,0.40456452348381217,7.4594324251071145,3084.5365665665668,0.03794809515686729,0.008121853053925692,0.5189788346766536
DJI_20250929121745_0115_D.JPG,part3_post_def_rgb,Post_Defoliation,0.016693677241095904,0.04876045030209464,433.91730906344503,-0.04167357443875728,0.4096977447105324,0.3900014351268589,0.35361144830208946,7.779800781644415,4156.437931931932,0.030841804326544375,0.005898947436971059,0.4875224609092242
DJI_20250929122538_0351_D.JPG,part3_post_def_rgb,Post_Defoliation,0.0168558097780277,0.04747104526822221,6.42124672516708,-0.018870464163936312,0.41859286337171747,0.41003491991826907,0.38462116668679297,7.485655364396651,2948.8826866866866,0.03640956701549924,0.007852446189654003,0.5230564130393154
DJI_20250929122015_0190_D.JPG,part3_post_def_rgb,Post_Defoliation,0.019309400771829396,0.05216918285961584,347.4541019448139,-0.039937136836789296,0.3927362875168145,0.3731777733920421,0.3343098584954403,7.731375868629675,3759.5410640640644,0.03193434660060754,0.006165998788727103,0.49827115284183354
DJI_20250929122315_0280_D.JPG,part3_post_def_rgb,Post_Defoliation,0.017155336749400864,0.04916887593861335,373.30384555119997,-0.03963259546356095,0.39522436492444823,0.3774619195734181,0.3425441374729871,7.763925101145123,3865.8922262262267,0.03253887723047338,0.006177665735885581,0.5285434685449083
DJI_20250929122403_0304_D.JPG,part3_post_def_rgb,Post_Defoliation,0.015990747637260008,0.05370874480565067,555.3576626782083,-0.05813248566053541,0.3803891690803233,0.35409733862445303,0.31181476053132284,7.687477475678891,3558.1025545545544,0.03272490164165016,0.00644298359171344,0.5074174625137384
DJI_20250929121747_0116_D.JPG,part3_post_def_rgb,Post_Defoliation,0.013721018472958936,0.04567098276048184,360.58781935855745,-0.04182108703478088,0.3907709006213326,0.3722804856691581,0.3400690522440247,7.74079564395577,4050.5922072072067,0.03171870056243561,0.006150431878883081,0.4859442343451928
DJI_20250929122255_0270_D.JPG,part3_post_def_rgb,Post_Defoliation,0.015239350021958717,0.046350413528451206,406.0198986718922,-0.04433306190299238,0.39598874664536277,0.3769278590040055,0.34262762134068936,7.771350931442538,3977.685778778779,0.03257452384984083,0.006154518406466443,0.5268117745739656
DJI_20250929122411_0308_D.JPG,part3_post_def_rgb,Post_Defoliation,0.016796464541327147,0.05238236140767384,410.02649336287465,-0.05450950380268433,0.3843202421376677,0.3581766129368989,0.31523651919480294,7.678555721930484,3474.4355575575573,0.03262633134495865,0.006473524320471682,0.5061206825498296
DJI_20250929122525_0345_D.JPG,part3_post_def_rgb,Post_Defoliation,0.017216299601618995,0.04678213299396591,3.1733227816715908,-0.018306873999276174,0.4286388865608442,0.4197122604442089,0.39356933472595457,7.450278542369098,2834.472972972973,0.037609172694228456,0.008083386228847196,0.5243072251745731
DJI_20250929122527_0346_D.JPG,part3_post_def_rgb,Post_Defoliation,0.016179074618786447,0.047839026667550445,4.265918392250535,-0.020178787003113728,0.43688137508733915,0.4265531100948821,0.40004577048363854,7.476554876299053,2894.63157957958,0.03688060715100569,0.007869192777263528,0.525738544112611
DJI_20250929121541_0053_D.JPG,part3_post_def_rgb,Post_Defoliation,0.019808086891036098,0.049430403069261705,27.733137384695198,-0.014729043254742955,0.3867705485233588,0.3794417630627334,0.35230489071107196,7.611471478360987,3126.40892992993,0.03712785267413795,0.007311383809518344,0.5463156665350596
DJI_20250929122507_0336_D.JPG,part3_post_def_rgb,Post_Defoliation,0.016211364034384165,0.04666404030682404,6.035611991316654,-0.01790877255665291,0.42961556041741394,0.4202728128471415,0.39471870124248487,7.508893619091182,3017.4001431431434,0.03607370317183983,0.00760076087376484,0.5107076275312219
DJI_20250929122559_0362_D.JPG,part3_post_def_rgb,Post_Defoliation,0.016013827758943146,0.04796532905254971,333.9735729801124,-0.042946332145421776,0.36831242655394725,0.35019545398972773,0.3160646536665651,7.660064738768585,3498.891173173173,0.03358800894849778,0.0066850489953522736,0.5119723248237175
DJI_20250929121625_0075_D.JPG,part3_post_def_rgb,Post_Defoliation,0.018894261227333103,0.048679167367760984,2.501797746347487,-0.008558023172405926,0.4265333455593226,0.42428707200777177,0.403146537228888,7.449201322602952,3011.737816816817,0.038127271004447516,0.008137954342182686,0.5195173491621184
DJI_20250929121801_0123_D.JPG,part3_post_def_rgb,Post_Defoliation,0.014659021818734538,0.048076570995009955,446.3275860655462,-0.04272214394672382,0.40665078489648765,0.3868693000455996,0.3524287933759771,7.788221289324267,4178.9649109109105,0.0312548029270056,0.005890750306829823,0.49410072304966723
DJI_20250929122229_0257_D.JPG,part3_post_def_rgb,Post_Defoliation,0.0137120680801352,0.04256238729579028,271.7632546126644,-0.038027240431950396,0.3777837486489831,0.3618419926454818,0.33218816856184513,7.713072517257756,3873.0872142142143,0.03352784567592408,0.00643047222956583,0.5053586459314631
DJI_20250929122505_0335_D.JPG,part3_post_def_rgb,Post_Defoliation,0.01744900549688883,0.045712497926015075,7.000251558673565,-0.016599633363629362,0.4235008498489325,0.4150144689850386,0.389079082624256,7.517885507744784,3031.273334334334,0.035819746079192145,0.007592285456574309,0.5153759710962255
DJI_20250929121659_0092_D.JPG,part3_post_def_rgb,Post_Defoliation,0.016505222217115544,0.050681762592772205,363.3774654518272,-0.04865515409532861,0.40724569567079827,0.3815585804364949,0.3393662429850759,7.734814422237105,3825.725770770771,0.030667303407568007,0.006016666006968392,0.47146427717719774
DJI_20250929121627_0076_D.JPG,part3_post_def_rgb,Post_Defoliation,0.02148304139653839,0.050569309611246394,3.004280193799654,-0.008896767697270307,0.43126875690528077,0.4287207047501723,0.40468961119852553,7.466875696081715,3016.8006266266266,0.03776351633520202,0.007981849292384224,0.5200784331353893
DJI_20250929122119_0222_D.JPG,part3_post_def_rgb,Post_Defoliation,0.016407453918234265,0.05139750179782117,500.4557548524983,-0.05299651637088823,0.377671998940214,0.3529654784402041,0.31185150402195994,7.662529019301227,3612.219115115115,0.031667073196233735,0.006455306522048734,0.46981371864638405
DJI_20250929121549_0057_D.JPG,part3_post_def_rgb,Post_Defoliation,0.02065887436339244,0.05027558248074935,5.654708169731324,-0.010151079273423678,0.43160549691887046,0.4275215601338431,0.40277874898542315,7.5413124537993665,3159.7440600600603,0.036219808672532154,0.007477397678377496,0.5161169509075598
DJI_20250929121809_0127_D.JPG,part3_post_def_rgb,Post_Defoliation,0.017648499582754322,0.04851150446400652,460.59760684745476,-0.038582723764232836,0.3891876301452039,0.37167434545899125,0.3365125611900243,7.747279156425819,4044.5125455455454,0.0322109181730306,0.006143022522724762,0.4903507423978973
DJI_20250929122025_0195_D.JPG,part3_post_def_rgb,Post_Defoliation,0.021003041590291784,0.05034789516246683,334.8226323896631,-0.03224232641815119,0.41582714730574644,0.3973946880855783,0.35795918727511844,7.782909357351868,3828.352491491492,0.031097806799483485,0.005876160011751802,0.5053962642462311
DJI_20250929122325_0285_D.JPG,part3_post_def_rgb,Post_Defoliation,0.01787727502527806,0.05096156647594336,410.3072482487933,-0.03959086774116384,0.41520211407478697,0.3958588640974667,0.3586383390948683,7.793311788002897,3967.573537537537,0.0315206548718253,0.0059105980580342185,0.5152880416832288
DJI_20250929122221_0253_D.JPG,part3_post_def_rgb,Post_Defoliation,0.015949987894167992,0.04378615237689689,276.2900075822481,-0.0358690370689339,0.3874769972294767,0.37164020374595896,0.3398534223682732,7.730185234662601,3931.671034034034,0.03263985251872262,0.006297726936583626,0.5037374753644682
DJI_20250929122257_0271_D.JPG,part3_post_def_rgb,Post_Defoliation,0.013262341302455351,0.04500513447251291,352.9276093970641,-0.04496648227862779,0.38183052345857915,0.3634255928027674,0.3317583208445004,7.736824946014566,3853.330225225225,0.033479380597481734,0.00638849970996006,0.5295844560734105
DJI_20250929122027_0196_D.JPG,part3_post_def_rgb,Post_Defoliation,0.017665796766511244,0.04681537312869774,265.4852753386689,-0.03472856686261561,0.39943956888068216,0.379805835071106,0.34250630449501857,7.716819774331978,3648.9896776776777,0.032520460278625304,0.00622253929441557,0.4910802548396841
DJI_20250929122327_0286_D.JPG,part3_post_def_rgb,Post_Defoliation,0.01896850745154513,0.04969398905127102,382.7870755522001,-0.03886615570036955,0.4011600103740672,0.3827303587006086,0.34533219957560496,7.765121571880653,3823.767300300301,0.03220445323772882,0.006087295481360217,0.5210923573221339
DJI_20250929122413_0309_D.JPG,part3_post_def_rgb,Post_Defoliation,0.0178182722364308,0.05879667264716179,513.0969829068615,-0.05631898633259763,0.4322861199126218,0.40206316889978716,0.3540219456505218,7.795407156923427,3793.3733953953956,0.030605037842129455,0.005792457170111409,0.5128486495643826
DJI_20250929122515_0340_D.JPG,part3_post_def_rgb,Post_Defoliation,0.018816831026616607,0.047862422017011096,3.8342259473463205,-0.016336750065900723,0.4359450852950489,0.42772687864939773,0.4006918409771299,7.4802501164357835,2904.393720720721,0.03691783700612904,0.00781499386975059,0.5223443102503672
DJI_20250929122121_0223_D.JPG,part3_post_def_rgb,Post_Defoliation,0.017783196113877728,0.05323130189900219,560.7245250506575,-0.05236633672041672,0.3861740770204273,0.3614045688326193,0.31885186453093356,7.689106992361781,3736.7443733733735,0.03114780246136429,0.006293331704420146,0.4701202417220867
DJI_20250929122017_0191_D.JPG,part3_post_def_rgb,Post_Defoliation,0.01871081638066263,0.05291204467046463,400.29438303197173,-0.041766642574362266,0.41706794852558177,0.3943673277787691,0.35295589065129374,7.778444496911045,3924.7625005005,0.030539149530767806,0.005858751968147647,0.4941404513886294
DJI_20250929122317_0281_D.JPG,part3_post_def_rgb,Post_Defoliation,0.016407711317360844,0.052030538888029845,415.7464776232559,-0.043030038628621245,0.4178683512923201,0.39693233185359816,0.35958860109751534,7.801133328803267,4014.700841841842,0.03174204031138635,0.005914442558765034,0.5215734594606721
DJI_20250929121455_0030_D.JPG,part3_post_def_rgb,Post_Defoliation,0.014898542876874376,0.05043481060297569,389.80260070116236,-0.05037414285491714,0.38499407625292353,0.36242590697614335,0.32495919482248886,7.7132379118176155,3743.8713863863863,0.03252976554970836,0.006349615099059194,0.51129982741812
DJI_20250929122059_0212_D.JPG,part3_post_def_rgb,Post_Defoliation,0.013939102933816845,0.04890248057395794,424.25768972887954,-0.05431428159335333,0.38366775506507406,0.3570555800375731,0.3165043020762553,7.667787318081255,3587.8644604604606,0.03179068194975738,0.006403488879899783,0.4647905400416691
DJI_20250929121615_0070_D.JPG,part3_post_def_rgb,Post_Defoliation,0.019758291143157018,0.04692216583953085,2.494414477413054,-0.007299537668580284,0.4320745609232755,0.43000300749570286,0.40817316292497324,7.474670398604584,3113.408651651652,0.037467591262868145,0.007978823634568978,0.5189103149154021
DJI_20250929122219_0252_D.JPG,part3_post_def_rgb,Post_Defoliation,0.014701527595289119,0.04558575937398562,290.380576715669,-0.03990965276118511,0.40705161072150164,0.3881893563527381,0.3546255743886855,7.770757805452822,4007.8659089089088,0.03210841699822535,0.006033801755152164,0.5071488356737128
DJI_20250929121535_0050_D.JPG,part3_post_def_rgb,Post_Defoliation,0.019519005330170796,0.05223784163466631,409.0383918500519,-0.04835884309318673,0.3880914770962465,0.36385864514862537,0.3201068078708335,7.713992381309343,3582.5802772772768,0.03300459195006,0.006341084330903727,0.5156705453066333
DJI_20250929121855_0150_D.JPG,part3_post_def_rgb,Post_Defoliation,0.01774341790443542,0.051995780770758754,440.85570842481934,-0.039827937129639036,0.40851886966524825,0.3894918227808327,0.3527213579919819,7.794829927385855,3996.978775775776,0.03185715013415691,0.005936454433497384,0.5183816503286311
DJI_20250929122123_0224_D.JPG,part3_post_def_rgb,Post_Defoliation,0.015215998983470584,0.0487219243950187,480.36197864971393,-0.05200254044693013,0.3633213442790481,0.34039904580960983,0.3022607483567009,7.629918157366098,3488.064013013013,0.03266683883497495,0.0066731349401258425,0.46836219312512495
DJI_20250929122231_0258_D.JPG,part3_post_def_rgb,Post_Defoliation,0.01595538144785751,0.045640431888526456,383.6313065468074,-0.04118864280871862,0.4006452042355993,0.3820866956680947,0.34757280565273263,7.772877411679832,4068.076219219219,0.031913139451522035,0.006032324218908379,0.5038693229202695
DJI_20250929121553_0059_D.JPG,part3_post_def_rgb,Post_Defoliation,0.020363079022245288,0.048302806123245785,4.40085742304754,-0.009445774635711035,0.4325611337006538,0.4289730311801774,0.4050218496374559,7.521398996491299,3172.723531531531,0.03665861186811098,0.007635752919035455,0.5143999590334523
DJI_20250929121813_0129_D.JPG,part3_post_def_rgb,Post_Defoliation,0.01689078864839437,0.04784159869736865,463.2328685078415,-0.04008202531551849,0.3855173416418993,0.36741502355530564,0.33242191682031763,7.733749647698609,4005.0140690690687,0.03216422662835168,0.006214861936783283,0.4877980675836348
DJI_20250929122409_0307_D.JPG,part3_post_def_rgb,Post_Defoliation,0.01733783930123816,0.05726164020499344,571.9887153123797,-0.05855823321196288,0.4059812835726563,0.3766796468296238,0.3300401707853531,7.7336751403547135,3747.8818148148152,0.03126423991977244,0.006092486451682655,0.4953843957162686
DJI_20250929122424_0314_D.JPG,part3_post_def_rgb,Post_Defoliation,0.017477643074112325,0.050401540080308734,403.54695583456976,-0.05349869143311414,0.3774234831813045,0.3520089277131633,0.3091167291709097,7.676087579483252,3367.062343343343,0.033612117644599954,0.006555264832373142,0.5188298844771254
DJI_20250929121915_0160_D.JPG,part3_post_def_rgb,Post_Defoliation,0.017496917406083674,0.052787678283803464,466.26214221924994,-0.04472085642012337,0.39627033246579874,0.3767339235001535,0.3397005971284246,7.762206022106265,3901.6985185185185,0.03200598006462074,0.006079386352083356,0.5123051462388598
DJI_20250929122223_0254_D.JPG,part3_post_def_rgb,Post_Defoliation,0.014173135814518227,0.046477806101033727,354.20547499044324,-0.04278589002765153,0.4123265259431284,0.39227042382277544,0.3580411858879042,7.790728740855688,4092.9029399399396,0.0314597289664856,0.005920970505378269,0.5071109797635043
DJI_20250929122131_0228_D.JPG,part3_post_def_rgb,Post_Defoliation,0.013000687298849435,0.047029519257213215,388.98919291307215,-0.05074166894720861,0.3683132385533801,0.34591868151418426,0.31052343717613895,7.646352808351269,3581.1822132132133,0.03270299173092728,0.006611946608834512,0.47769702032551226
DJI_20250929122447_0326_D.JPG,part3_post_def_rgb,Post_Defoliation,0.012800308556029573,0.04776315249352312,17.97092626752678,-0.015310413088385096,0.42481192290777875,0.41650101314999755,0.39538979483618675,7.606423230226775,3285.626633633634,0.03323466170934147,0.006861551624852087,0.4982069655548445
DJI_20250929122133_0229_D.JPG,part3_post_def_rgb,Post_Defoliation,0.011108555894398695,0.049633013089074085,412.50763573441236,-0.05527748006403306,0.3954508442390959,0.3690030939337466,0.3314467877339985,7.70907646541441,3835.2487787787786,0.031484778267850524,0.0062103623188718374,0.47877901918979504
DJI_20250929121543_0054_D.JPG,part3_post_def_rgb,Post_Defoliation,0.01939035852337687,0.049315230137804096,9.070828920280242,-0.011788061266541854,0.41154226797806165,0.4062346181961769,0.3815366098909153,7.573410454196583,3107.7394344344343,0.03670927025031944,0.00738838954114653,0.5310959956859831
DJI_20250929122445_0325_D.JPG,part3_post_def_rgb,Post_Defoliation,0.010544183996330399,0.04416093301390007,19.310364409182736,-0.01895051114624391,0.4047102712802803,0.39485060900145214,0.37444676272629346,7.579715713501875,3204.24325025025,0.03393401788179529,0.007103530236685502,0.49780793183533506
DJI_20250929121803_0124_D.JPG,part3_post_def_rgb,Post_Defoliation,0.01675911425712547,0.04519971160193595,352.70990928009206,-0.03534354243989823,0.3764058451267568,0.36161135870992084,0.33005775803595944,7.718832722148409,3958.6034454454457,0.032931587296419776,0.006341093258892525,0.4924434253890953
DJI_20250929122605_0365_D.JPG,part3_post_def_rgb,Post_Defoliation,0.01818298389383636,0.05350563351622589,449.984393125401,-0.04323377834867002,0.410452984162688,0.3890788473791024,0.3495217267016804,7.76457341982121,3869.9370480480484,0.03148697272728624,0.0059888254854654115,0.5022418945897321
DJI_20250929121917_0161_D.JPG,part3_post_def_rgb,Post_Defoliation,0.016546262639780304,0.05055480389346633,378.21265365513847,-0.04370759224349698,0.37791604804513346,0.3589711067884579,0.3234799028920022,7.705946567866504,3700.454029029029,0.03316824796159225,0.006421429301471232,0.5150223079256053
DJI_20250929122607_0366_D.JPG,part3_post_def_rgb,Post_Defoliation,0.014345798059702477,0.05000730823802901,411.39923297462894,-0.044359315391994,0.38832345660404677,0.36744337237989844,0.3322174900960476,7.712251814603015,3715.0824944944943,0.032287013678596724,0.006301397663806206,0.49931492783540454
DJI_20250929121739_0112_D.JPG,part3_post_def_rgb,Post_Defoliation,0.01636154600486516,0.04728424431193413,365.61780198992375,-0.03903623457268463,0.3759357032752434,0.3593427490722366,0.32638824886436485,7.701033640828318,3879.0144044044046,0.03235868977139974,0.006391225836066781,0.48433678323062
DJI_20250929121959_0182_D.JPG,part3_post_def_rgb,Post_Defoliation,0.01670844136211337,0.0550485297482002,534.095740466803,-0.053117739250507,0.3989981631727974,0.37303758830798917,0.3303685720810677,7.747793921454965,3776.789224224224,0.03174870750540983,0.006094683682785944,0.5067968873882172
DJI_20250929121927_0166_D.JPG,part3_post_def_rgb,Post_Defoliation,0.015910159368922677,0.052683817933785536,478.62580944935155,-0.051507956672177786,0.4039405555210104,0.378937025341742,0.3380233357935508,7.758940935494066,3811.6095075075077,0.031784782942259296,0.006047976807901495,0.5099423474198224
DJI_20250929121811_0128_D.JPG,part3_post_def_rgb,Post_Defoliation,0.017114095439015143,0.04624276764714103,427.87432956773466,-0.038509367526916194,0.37042929574547595,0.3541772329852982,0.32081107478610527,7.699284053909914,3876.8504144144144,0.03289180461176874,0.006462953331237798,0.4892564474518151
DJI_20250929122554_0359_D.JPG,part3_post_def_rgb,Post_Defoliation,0.019447657333761092,0.05465643176202291,299.5456889262045,-0.0410536853898377,0.4225205205868235,0.4015234177632508,0.361078657605917,7.7775271878637495,3750.912114114114,0.03104556191245481,0.00592452203326851,0.5179243996867495
DJI_20250929121925_0165_D.JPG,part3_post_def_rgb,Post_Defoliation,0.017726937976986303,0.05014975076401004,465.79330710684263,-0.04967336788092478,0.3790050759633449,0.3566622129671184,0.31659241199390564,7.701037967467477,3643.8115585585583,0.0328988448130266,0.006423094271759351,0.5121922061448833
DJI_20250929122233_0259_D.JPG,part3_post_def_rgb,Post_Defoliation,0.014514591244930118,0.0419346241262468,274.84754367033105,-0.038032804896091905,0.37653009868806425,0.36064297062698597,0.3302412513209776,7.707452293036712,3875.3182702702707,0.033395191455510446,0.006465624974301426,0.5033599948211981
DJI_20250929121551_0058_D.JPG,part3_post_def_rgb,Post_Defoliation,0.01958559623024992,0.049158354317480855,4.487306410596399,-0.009410637121013584,0.4349638471568117,0.43133248355949905,0.40811552373193666,7.544475403992619,3185.3225125125127,0.03599480442175314,0.007446006754641291,0.5157292742366132
DJI_20250929121537_0051_D.JPG,part3_post_def_rgb,Post_Defoliation,0.019644248498185926,0.051828012874347906,259.4430991107782,-0.037908407492131986,0.3797668378830835,0.3603496129738472,0.32128813956642494,7.707074431133265,3378.482205205205,0.036245503290920134,0.006789315799345133,0.5598737289124314
DJI_20250929122401_0303_D.JPG,part3_post_def_rgb,Post_Defoliation,0.016647084995256797,0.05625229830900721,622.7793304494618,-0.05823958608774213,0.40641784018889904,0.37777397405326685,0.33248302292237786,7.748819946127486,3765.741334334335,0.03135759098942179,0.006063500293194959,0.5060726103175166
DJI_20250929121857_0151_D.JPG,part3_post_def_rgb,Post_Defoliation,0.017398874810977797,0.049455099150779135,392.3515500224122,-0.039115628301211236,0.38140568479207104,0.3635560507907241,0.3283075419783994,7.725080867904068,3748.691852852853,0.033561229847323196,0.006371542474979463,0.5203531738340567
DJI_20250929121649_0087_D.JPG,part3_post_def_rgb,Post_Defoliation,0.014036412007122915,0.048135026671985194,339.5877270248486,-0.051850295779969996,0.38932675840964814,0.3627725408038633,0.3221819111909555,7.685034592690306,3567.2582832832836,0.03151414208064466,0.006310369855615565,0.4689553249540732
DJI_20250929122535_0350_D.JPG,part3_post_def_rgb,Post_Defoliation,0.01760407016546239,0.04803086376284639,4.9166082603275365,-0.019391667331427956,0.43333394500828176,0.42379899895583445,0.39665998273792463,7.490941762491219,2963.7998598598597,0.036804277152883716,0.0077813520566942995,0.5248775865161469
DJI_20250929122245_0265_D.JPG,part3_post_def_rgb,Post_Defoliation,0.01331629073251999,0.04391007659869264,299.15375336497266,-0.042984254653220116,0.37776747242543796,0.3596501348839012,0.32821650660984436,7.72086638915275,3786.8452952952953,0.03392106551719781,0.006487217963797943,0.5303556262295985
DJI_20250929122111_0218_D.JPG,part3_post_def_rgb,Post_Defoliation,0.013892068734991622,0.048124843610615156,357.6828448380514,-0.05275242262382877,0.3819979436607195,0.35645857777801804,0.31702714316032504,7.667129928308002,3567.373119119119,0.03184907933005567,0.0064347219354940165,0.4728937680834699
DJI_20250929122351_0298_D.JPG,part3_post_def_rgb,Post_Defoliation,0.016619895123842963,0.051988182934723424,438.9170388044501,-0.049284741124373546,0.3829980207490356,0.36114613673011564,0.32267435758735274,7.706877092122993,3648.963153153153,0.033002946954593645,0.006379833763933979,0.515108235831453
DJI_20250929121949_0177_D.JPG,part3_post_def_rgb,Post_Defoliation,0.0161454957668639,0.05280553950048367,472.84930919949,-0.05458876063836847,0.3928385487540606,0.36632753608919744,0.3236710276574704,7.728625919377741,3672.8353203203205,0.03225470046222542,0.006221932189271724,0.5098277355925422
DJI_20250929122247_0266_D.JPG,part3_post_def_rgb,Post_Defoliation,0.013180865748726182,0.04450541058572506,302.70049401920204,-0.04326940299991451,0.3937487691402817,0.3746745823563056,0.3424195298236033,7.761934410939156,3902.6828378378377,0.03277977791465386,0.006219958648036253,0.5300014640594107
DJI_20250929122337_0291_D.JPG,part3_post_def_rgb,Post_Defoliation,0.01716641110744632,0.05249195953483043,432.1676624798733,-0.04328970425159459,0.4016181027172336,0.38151133014256045,0.344238146460441,7.765480619158373,3870.743006006006,0.03160104139355032,0.006071223736245721,0.5162676452204304
DJI_20250929122201_0243_D.JPG,part3_post_def_rgb,Post_Defoliation,0.016406320498447872,0.04695523965525793,355.8262513795894,-0.03851292191346268,0.3809249092212796,0.36402181235119285,0.33071239498265836,7.712371418272892,3819.0468858858867,0.032337916062027336,0.0063228541015505815,0.4933133539237828
DJI_20250929121829_0137_D.JPG,part3_post_def_rgb,Post_Defoliation,0.018481158909622004,0.05040650078186454,398.059177153797,-0.0382040880997461,0.39240214102002596,0.3754483455337891,0.34001339113793017,7.767013369781033,3992.570258258258,0.03283553872396958,0.006156078720510405,0.5164932360114255
DJI_20250929122005_0185_D.JPG,part3_post_def_rgb,Post_Defoliation,0.018885731759995722,0.05320612317432193,520.2048964295452,-0.05068376792340287,0.37741203183022753,0.353418864378334,0.31053996516644466,7.691928022860743,3565.2239769769767,0.033291020222275605,0.0064560147205546215,0.5081796067109302
DJI_20250929122343_0294_D.JPG,part3_post_def_rgb,Post_Defoliation,0.0171906131964383,0.05200565998364797,427.4027964893287,-0.04543760703377379,0.38047150019044906,0.3612832724512117,0.324904431515536,7.710660385837497,3713.9052692692694,0.03299503120365854,0.006398961906453812,0.5177077075608366
DJI_20250929122103_0214_D.JPG,part3_post_def_rgb,Post_Defoliation,0.015131687157965186,0.048478178622886656,442.59059679934165,-0.052787881387072876,0.3804824356167996,0.35495375433241594,0.31429338589006706,7.667206417938461,3523.5361991991995,0.03187462113516724,0.006425077779086425,0.47023978708994313
DJI_20250929122433_0319_D.JPG,part3_post_def_rgb,Post_Defoliation,0.02434434303181701,0.05366805702958295,181.65622937992222,-0.03234134251541288,0.3964968354363837,0.3794976699277315,0.33815416138726223,7.6953368978671275,3343.4267657657656,0.033884822909248456,0.006544365638815377,0.53678712547244
DJI_20250929122007_0186_D.JPG,part3_post_def_rgb,Post_Defoliation,0.020201236927653982,0.0546637246460304,571.4120905469463,-0.05016984646242134,0.39181955217283165,0.36715613692086513,0.32229148474124464,7.730065250075457,3695.7542992992994,0.03216060735078074,0.006204808239658707,0.5067245060914924
DJI_20250929122550_0357_D.JPG,part3_post_def_rgb,Post_Defoliation,0.017796118638956027,0.04803945416014923,170.84625188230663,-0.038400605767317415,0.3726079707666687,0.3549955121307646,0.31958693485590456,7.633831126962415,3206.8537787787786,0.03421528185942813,0.0068140282896450195,0.5139856715071713
DJI_20250929121733_0109_D.JPG,part3_post_def_rgb,Post_Defoliation,0.015165574851290517,0.048167853007836575,306.92791133558865,-0.04024812689004082,0.3993253730353556,0.38026651623743535,0.34604208458822444,7.748330156477927,4012.705335335335,0.03132028049257693,0.0060474906129140745,0.4835491940338627
DJI_20250929122139_0232_D.JPG,part3_post_def_rgb,Post_Defoliation,0.016566636785087536,0.05159550775701955,421.3182362081096,-0.044707304143563664,0.40273809625728524,0.38131867731619407,0.34333262159001543,7.746788150599137,3940.0434514514523,0.030935669837907465,0.0060165124154171,0.48411691144753627
DJI_20250929122041_0203_D.JPG,part3_post_def_rgb,Post_Defoliation,0.014240737912041368,0.04882879346676271,318.0946176539965,-0.04730602097228377,0.4108437524594664,0.38547916828127826,0.34587384619104866,7.733109421831532,3864.469824824825,0.030491718608184257,0.006014210653847096,0.4684169795204599
DJI_20250929121713_0099_D.JPG,part3_post_def_rgb,Post_Defoliation,0.011362133648385358,0.05027516600270399,361.95241797161816,-0.051627827416876174,0.41622196715114035,0.3896257867288841,0.35166747265824244,7.763494759566019,4035.490025025025,0.03030655920402913,0.005880069375143217,0.47524436224465877
DJI_20250929121905_0155_D.JPG,part3_post_def_rgb,Post_Defoliation,0.019012790239575316,0.049593361170421936,392.23916248962,-0.03807526211452684,0.3770039975154507,0.36018729194039967,0.32435779612577326,7.717954660615534,3696.362841841842,0.033444618795717404,0.006424085809521671,0.5234230223003723
DJI_20250929122209_0247_D.JPG,part3_post_def_rgb,Post_Defoliation,0.014008117253243791,0.04507341618029274,298.33883542315294,-0.04040036066395218,0.3894579900969488,0.37133441546103996,0.3392027235718873,7.727838796420328,3896.6607937937943,0.032115629066415935,0.00624039587195691,0.49580329524967326
DJI_20250929121711_0098_D.JPG,part3_post_def_rgb,Post_Defoliation,0.013114578433174906,0.0485355365089046,335.29552229923274,-0.048983399049736,0.39747518717478725,0.37330879011070683,0.3360278146134515,7.7203662040143275,3883.855328328328,0.03113375608545429,0.006133767078561879,0.4725450209657635
DJI_20250929121821_0133_D.JPG,part3_post_def_rgb,Post_Defoliation,0.014792576669268068,0.04884639298772587,406.89592625143604,-0.04449281121380191,0.3947819506475569,0.37435569074735936,0.33913685417789385,7.766588615455423,3973.1056766766765,0.03291742465079348,0.006173137828825523,0.5187099399129035
DJI_20250929121605_0065_D.JPG,part3_post_def_rgb,Post_Defoliation,0.021251384623310363,0.04601551744836074,2.7722332625545816,-0.004011251724189917,0.4224283305832367,0.4223011281028328,0.40092254099911867,7.460076783008932,3003.301267267267,0.03873446248725134,0.008190494448714898,0.5260581418372766
DJI_20250929121607_0066_D.JPG,part3_post_def_rgb,Post_Defoliation,0.01868144359192952,0.046883691854403525,3.9146332038662153,-0.006769029589154173,0.4470576989336654,0.4448228849939951,0.4239066274623954,7.557126673138184,3136.876840840841,0.03554551982661508,0.00736443980981929,0.5295572377989853
DJI_20250929121907_0156_D.JPG,part3_post_def_rgb,Post_Defoliation,0.018531530848543722,0.052135851190406236,483.47744732998194,-0.04123645639673636,0.39718991497079875,0.3785600993354108,0.34139875285147914,7.772717666432698,3896.171952952953,0.03192873548246509,0.006066591733996835,0.5198190177883918
DJI_20250929122431_0318_D.JPG,part3_post_def_rgb,Post_Defoliation,0.02056166348100045,0.05701449776194424,315.0371245806827,-0.04454530484999742,0.4187235280675067,0.39466986600075576,0.3500545404530045,7.752856385809295,3585.142870870871,0.031559488799030075,0.00604684066266984,0.5166483778839619
DJI_20250929121731_0108_D.JPG,part3_post_def_rgb,Post_Defoliation,0.015348424544619453,0.046710818693573554,371.29347066008404,-0.04213571574337513,0.38245763484485007,0.3636776777920164,0.32954929619456325,7.714664067728707,3914.970895895896,0.03203960108839272,0.006262115614538566,0.48231379388218637
DJI_20250929122049_0207_D.JPG,part3_post_def_rgb,Post_Defoliation,0.015363837701946607,0.05241279631615535,491.3155841137606,-0.05401642522749017,0.4022160979629159,0.3741162545502008,0.33065257343553905,7.710328357655513,3807.6445965965963,0.0307443636641362,0.0061285009577754755,0.46361100895184576
DJI_20250929122543_0354_D.JPG,part3_post_def_rgb,Post_Defoliation,0.009728451994518428,0.04808152616212022,33.01955011744446,-0.028414255714880286,0.40818186211427304,0.3938565377050106,0.3698027613012298,7.635989622121279,3306.685872872873,0.03270458213652476,0.00673763371075726,0.5100130604741252
DJI_20250929122518_0341_D.JPG,part3_post_def_rgb,Post_Defoliation,0.018011540492656294,0.04782429755412288,4.419484642817028,-0.01826559488840147,0.4278381178780609,0.4188070782093823,0.39176449804804725,7.456370723766367,2865.6009169169165,0.03749912026259219,0.008052642097128379,0.5247479171656383
DJI_20250929122335_0290_D.JPG,part3_post_def_rgb,Post_Defoliation,0.016638286676315284,0.05018327596985272,422.5063254812935,-0.0438764014508227,0.38633824941258177,0.3664092055840628,0.32984187507922863,7.73085004820782,3715.1562492492494,0.03313536226847613,0.006322284166572134,0.5222361354268251
DJI_20250929121819_0132_D.JPG,part3_post_def_rgb,Post_Defoliation,0.016368588339830827,0.04754395373194914,306.06780960803803,-0.039358684440363084,0.3805666978774842,0.3627059412674896,0.32847659631766424,7.714650836981666,3797.124189189189,0.034464237934771436,0.006489064092582418,0.509362303218386
DJI_20250929121641_0083_D.JPG,part3_post_def_rgb,Post_Defoliation,0.0165192081328962,0.04908478023066566,470.48517552772313,-0.050873088817951745,0.3817878676733432,0.3565331803432529,0.3147592848802664,7.67507902746002,3532.091549549549,0.03171505671581121,0.0063650177051854506,0.46546189713571545
DJI_20250929121723_0104_D.JPG,part3_post_def_rgb,Post_Defoliation,0.016221318678067174,0.04611668846360502,328.486872665349,-0.039757838676605484,0.37640076191643435,0.3589494980285217,0.32527691546254195,7.693097830370261,3823.99030930931,0.032542303970529936,0.0063865811314567054,0.483112202676829
DJI_20250929122113_0219_D.JPG,part3_post_def_rgb,Post_Defoliation,0.015339690434650435,0.05367866066971087,529.653752596904,-0.05820866928665176,0.4105539719219796,0.3803959598362739,0.33489825731591777,7.7350061938426595,3850.460049049049,0.030437181452372043,0.006011012844651199,0.47377017628193485
DJI_20250929122353_0299_D.JPG,part3_post_def_rgb,Post_Defoliation,0.015047613018305338,0.05369371271849116,515.5490621931622,-0.0545524634647196,0.4026929002749796,0.3767482792746354,0.3357560452559858,7.748476105392972,3775.3994394394394,0.0317394327840463,0.006099499042811461,0.5115906321989442
DJI_20250929121941_0173_D.JPG,part3_post_def_rgb,Post_Defoliation,0.01654745275871785,0.05405916857701865,491.80916255110617,-0.05395118368809999,0.3884635036951325,0.36261039249630667,0.32020982853876295,7.713989601606925,3656.2357767767767,0.032181509249315565,0.006285537921764925,0.5056089821173083
DJI_20250929121703_0094_D.JPG,part3_post_def_rgb,Post_Defoliation,0.014264596051215779,0.05086891663473145,456.7606964782227,-0.05155596329184362,0.4032876779377069,0.3770510825933156,0.3365498911977084,7.735700543834756,3877.1574314314316,0.030456827661187014,0.00602007249161801,0.470531259499073
DJI_20250929121839_0142_D.JPG,part3_post_def_rgb,Post_Defoliation,0.016417741997984965,0.04978383486359548,455.229489805377,-0.04158425193388824,0.41992474070088864,0.39995819920792414,0.36357391571697467,7.819357484977354,4175.65336036036,0.03169913700903719,0.0058488371565013205,0.5201398923933961
DJI_20250929122457_0331_D.JPG,part3_post_def_rgb,Post_Defoliation,0.014580421212361524,0.044864446978784174,13.874104784457497,-0.011974107151675094,0.38713041634599726,0.3819140433734238,0.36211724918848875,7.555428301810608,3054.0412872872876,0.03609422633278726,0.007504501266638757,0.513999519340906
DJI_20250929122213_0249_D.JPG,part3_post_def_rgb,Post_Defoliation,0.012661573055241647,0.04480244869322133,286.6983437693571,-0.04298156572466026,0.39297561801323766,0.3736084147097574,0.3415796383510355,7.736427277801592,3960.0955555555556,0.03198825800240672,0.006214292416925347,0.4987958362920713
DJI_20250929121757_0121_D.JPG,part3_post_def_rgb,Post_Defoliation,0.013748040124374656,0.04822949411208548,464.00126528262575,-0.04435221350468368,0.4113924898482235,0.39021414405759847,0.3552877581425989,7.789292769538523,4206.500585585585,0.03075997234058448,0.005846344953805622,0.48882729595460656
DJI_20250929121643_0084_D.JPG,part3_post_def_rgb,Post_Defoliation,0.019833061928389947,0.05269540778086136,521.023730459129,-0.05003577230743155,0.4124736532937776,0.38554067052641444,0.33877462583066137,7.7473856758416755,3889.4465985985985,0.030286097394189294,0.00592834706748907,0.467569197763026
DJI_20250929121721_0103_D.JPG,part3_post_def_rgb,Post_Defoliation,0.013955296361581677,0.05040866483958304,441.8275973837486,-0.04806732756692673,0.40706851270091027,0.38397483541475547,0.34692586176701895,7.765643727265797,4059.1175015015015,0.03076298746754529,0.005922576952526615,0.48268974504774154
DJI_20250929121517_0041_D.JPG,part3_post_def_rgb,Post_Defoliation,0.02105395085693069,0.05617719694462522,495.52555379706064,-0.0509986214706126,0.4321064123285433,0.4034785252152765,0.3537966872450791,7.805836007492199,3774.7580010010006,0.031000346360584907,0.005762158470400287,0.5235521391370498
DJI_20250929122421_0313_D.JPG,part3_post_def_rgb,Post_Defoliation,0.01870465851490579,0.05358325892470413,523.9567956879304,-0.054564752238064854,0.4040999437814774,0.37665158938609916,0.3304985764758151,7.748319404044475,3643.9721861861863,0.03182774407504638,0.0060931969417451805,0.5163688710654121
DJI_20250929121943_0174_D.JPG,part3_post_def_rgb,Post_Defoliation,0.018495220674598238,0.05586097876557448,567.2255927866589,-0.05427425729680598,0.40954355962978384,0.3818683025535795,0.33569782480277705,7.762588507497829,3833.7356116116116,0.0312572489662244,0.005974994260438091,0.502199788058607
DJI_20250929122035_0200_D.JPG,part3_post_def_rgb,Post_Defoliation,0.01600060183708254,0.048478275660464455,228.81061422952948,-0.03779100093992119,0.39319182145159437,0.373455225055828,0.3377180268229791,7.690887036393554,3711.3147877877877,0.03134157853501022,0.006269590354933417,0.4659928440426558
DJI_20250929121831_0138_D.JPG,part3_post_def_rgb,Post_Defoliation,0.016427514716245904,0.046882341890821404,345.8726761682024,-0.03846181093074541,0.3710344904691355,0.35540140145282,0.3233407977202586,7.714697652397459,3840.9482872872873,0.03427865314687002,0.006519677206392986,0.5194701218848018
DJI_20250929121701_0093_D.JPG,part3_post_def_rgb,Post_Defoliation,0.014797791864700654,0.048563432932267815,354.2185937231995,-0.04937486058217299,0.38699102091965876,0.36244449979182775,0.32310018679929614,7.6860552227487755,3642.9014284284285,0.03150771368260969,0.006315255737307885,0.4689652031036105
DJI_20250929122053_0209_D.JPG,part3_post_def_rgb,Post_Defoliation,0.015091460424443086,0.05341442811260331,405.66444594365373,-0.05236964969275616,0.4127891756213777,0.3848057201708394,0.3417308042958581,7.730237696882713,3869.8892882882883,0.030180055487170256,0.005997702760588451,0.46321840444499846
DJI_20250929121559_0062_D.JPG,part3_post_def_rgb,Post_Defoliation,0.017383287050304386,0.046620139568241695,8.038174223067086,-0.012720231635018548,0.42704576864373234,0.420189838333072,0.39595062097210737,7.569238832409067,3204.5908708708707,0.03643632779055958,0.007439756555508578,0.5294911663240947
DJI_20250929121937_0171_D.JPG,part3_post_def_rgb,Post_Defoliation,0.016895757333941327,0.05531785186949173,557.0872342564116,-0.05657347692069764,0.3869471170021153,0.36022103976330244,0.3165992051905482,7.711479942168539,3655.068117117117,0.032679108050749445,0.006322652005356082,0.5070817779925606
DJI_20250929121507_0036_D.JPG,part3_post_def_rgb,Post_Defoliation,0.01656455769104835,0.05113661583510555,506.6568305789542,-0.054185979804893404,0.3949474453315046,0.3681974938074013,0.32488298459224974,7.729326509830044,3639.0320440440446,0.03269065115172534,0.006219473492120364,0.515406461779115
DJI_20250929122155_0240_D.JPG,part3_post_def_rgb,Post_Defoliation,0.016871941437511976,0.051236127990470476,421.9601388611343,-0.040193252001007394,0.41032767303078965,0.390844914792065,0.35449021511582846,7.780811926197863,4031.7435305305307,0.030749943911315424,0.005864989668321268,0.4913355276503569
DJI_20250929121823_0134_D.JPG,part3_post_def_rgb,Post_Defoliation,0.015178067626842384,0.045851936115610434,377.590701783452,-0.041564938434943854,0.3698323237129518,0.35249785200335,0.3199853126669058,7.71271612825515,3813.695721721722,0.03420445642716864,0.006553927217323822,0.5216784330011114
DJI_20250929121719_0102_D.JPG,part3_post_def_rgb,Post_Defoliation,0.014938039092525205,0.04827896874529511,387.8753548422261,-0.0474392251764177,0.38816092172843647,0.3660545706049371,0.3290101803889126,7.709069342191628,3902.2545245245246,0.031648088539552574,0.00625715629161607,0.4786812708266252
DJI_20250929122349_0297_D.JPG,part3_post_def_rgb,Post_Defoliation,0.013022911300899317,0.052575262555889096,482.4384239965915,-0.052856718298621666,0.39913686168771517,0.37440360265655426,0.33664743232449396,7.742283727580606,3804.3769529529536,0.03172814039347949,0.006133624056525597,0.5093526764492247
DJI_20250929122109_0217_D.JPG,part3_post_def_rgb,Post_Defoliation,0.01719428343387482,0.051509206750834,406.1470690803939,-0.05069797325524945,0.41027003571520837,0.38406844289712083,0.34067256664515855,7.740210904596474,3858.5767017017015,0.03037503880307727,0.005984430173006172,0.47343768985290846
DJI_20250929121951_0178_D.JPG,part3_post_def_rgb,Post_Defoliation,0.018487862927136108,0.05563069109497729,579.9850789460625,-0.054135973496366056,0.409792433794917,0.3823457865696759,0.33641127641729857,7.770829351636442,3815.6876456456457,0.031418084647636235,0.0059665366436048506,0.5098347423565776
DJI_20250929121505_0035_D.JPG,part3_post_def_rgb,Post_Defoliation,0.014870383675270517,0.05267264506965585,530.2776914224505,-0.056188321360664296,0.4138472253387981,0.38480276017475656,0.3408879113354445,7.770506247465156,3794.835632632633,0.03141960059983364,0.005953726545004028,0.5123653544938617
DJI_20250929122419_0312_D.JPG,part3_post_def_rgb,Post_Defoliation,0.01493976766565314,0.05061977143550487,390.5384848210712,-0.05673559318253095,0.3852506586864301,0.35744988940286104,0.3147093524536389,7.689669021541812,3409.0010100100103,0.03321106495689604,0.0064681510587849145,0.5202565776764463
DJI_20250929121845_0145_D.JPG,part3_post_def_rgb,Post_Defoliation,0.014627432693977182,0.046482972464793715,348.1287795244302,-0.04186176976059648,0.39846049657492066,0.37961239652968154,0.34613686379046515,7.775951546875877,3964.463788788789,0.032814770643543975,0.006117033085528075,0.5268380258874041
DJI_20250929121525_0045_D.JPG,part3_post_def_rgb,Post_Defoliation,0.020295813552463914,0.05326840570841868,280.20229507151686,-0.04337762904512067,0.4146064562609982,0.39083605451709746,0.3467698392207329,7.765402691823308,3638.713401401402,0.03187138355725273,0.0060060325324739535,0.521695316877194
DJI_20250929121651_0088_D.JPG,part3_post_def_rgb,Post_Defoliation,0.015913054405050926,0.0503256976397648,365.86784709173133,-0.050724348075400744,0.4118821172454335,0.3842917241543491,0.3407882766582136,7.739742142997586,3822.2107957957955,0.030562662762054056,0.005979881035222494,0.4727458930070494
DJI_20250929121527_0046_D.JPG,part3_post_def_rgb,Post_Defoliation,0.021627066439990218,0.05137227488687298,212.6891871187577,-0.03798938703604201,0.39787469014477134,0.37728523187624774,0.33506870716773396,7.732729850642409,3462.0922022022023,0.0331009778980134,0.006298928784417117,0.5371060688872838
DJI_20250929122602_0363_D.JPG,part3_post_def_rgb,Post_Defoliation,0.01816103606546642,0.05289328505984826,433.62788332062786,-0.042924395296547395,0.40220075014103446,0.38180222232135186,0.3432426584362029,7.746927504670683,3801.7257157157155,0.03174830540915245,0.006117038654908876,0.509696339058332
DJI_20250929122541_0353_D.JPG,part3_post_def_rgb,Post_Defoliation,0.01319334613307283,0.04741351738069162,21.52818333139394,-0.024635310583437976,0.40452217616448793,0.3924457259579078,0.36717592961825474,7.583053108073958,3103.2452402402405,0.034327015447031636,0.00718205878246211,0.5234202564123845
DJI_20250929121637_0081_D.JPG,part3_post_def_rgb,Post_Defoliation,0.0193780204501447,0.047005453075770726,18.21662462139595,-0.017068950953869986,0.3826418854953508,0.37456267475354266,0.34710544356158984,7.451135651518246,2778.416052052052,0.03944861993048215,0.008449107612729496,0.524092663060621
DJI_20250929121847_0146_D.JPG,part3_post_def_rgb,Post_Defoliation,0.015216774935760987,0.048466406903688246,486.40009356716024,-0.044868931519672764,0.4166068826686541,0.395475315179692,0.3591269727549689,7.816432376982695,4102.992778778778,0.031554822502418395,0.005837224967177431,0.5215785945639388
DJI_20250929122203_0244_D.JPG,part3_post_def_rgb,Post_Defoliation,0.014828215840676437,0.050133743605312205,389.5469891980327,-0.04242697157920235,0.41057895559562796,0.39054307216728035,0.35567897289825634,7.780524422062666,4057.0896746746744,0.03094914925965147,0.00589541096829557,0.4933180631881959
DJI_20250929121635_0080_D.JPG,part3_post_def_rgb,Post_Defoliation,0.022466549566022443,0.050849695111535524,2.9318800667656952,-0.00817452457140567,0.43397472070223436,0.4318197404816019,0.4071982106949468,7.47926514854849,3005.721818818819,0.03746429025612809,0.007849082850568505,0.5185776857473092
DJI_20250929122341_0293_D.JPG,part3_post_def_rgb,Post_Defoliation,0.016737974861023245,0.0536857328186128,455.4069932719247,-0.046517302862677384,0.40208843550595474,0.3807124069983725,0.342598403629767,7.759701421973647,3871.9305985985984,0.03167570786667515,0.006078843700007223,0.5132788309705768
DJI_20250929122101_0213_D.JPG,part3_post_def_rgb,Post_Defoliation,0.015181918475482234,0.05154447939631685,463.53505409742365,-0.05384325749696156,0.4058288066007725,0.3778674059935584,0.33472408691086203,7.7229066350741515,3789.5219489489496,0.03066433244403168,0.006076463601173209,0.47140808335481466
DJI_20250929121653_0089_D.JPG,part3_post_def_rgb,Post_Defoliation,0.01814371804195527,0.04761953890992372,389.65032228283604,-0.04981237451550743,0.38256931208384326,0.35781763953398255,0.3149222489421665,7.676017675875498,3527.7014204204206,0.0317173895747717,0.006380634944273326,0.4711474982388677
DJI_20250929121953_0179_D.JPG,part3_post_def_rgb,Post_Defoliation,0.01942225254688081,0.05201354939611688,432.27832910799475,-0.04833368115838256,0.37938363591905494,0.3563075314271003,0.31380917438826494,7.695474285273925,3536.962397397397,0.03338356599741815,0.006461441030463725,0.5156399996916918
DJI_20250929121935_0170_D.JPG,part3_post_def_rgb,Post_Defoliation,0.018114952422277855,0.05680790528444381,696.561993436358,-0.055101037577690734,0.4021434800557168,0.3756245479087551,0.33099066333951543,7.76259919991808,3838.713675675676,0.03162465413429673,0.006009391146457376,0.50584834031732
DJI_20250929122239_0262_D.JPG,part3_post_def_rgb,Post_Defoliation,0.01649283364033483,0.04798744342500128,405.22579351579986,-0.042097789163625825,0.39530465580386026,0.37739343244344953,0.34298937544270397,7.756693220263638,3998.810425425425,0.031931425460175716,0.006120805588960872,0.5063020028982407
DJI_20250929122043_0204_D.JPG,part3_post_def_rgb,Post_Defoliation,0.016950419821542613,0.04796764469632544,353.7400779854285,-0.04472612090464654,0.3915685056041291,0.3685354113609779,0.3285518972962841,7.687671450930363,3724.3644734734735,0.03193690203211867,0.0062931413580720715,0.46670146545288105
DJI_20250929122157_0241_D.JPG,part3_post_def_rgb,Post_Defoliation,0.01822153987985487,0.04838085153912648,375.52649539623906,-0.03751385491303542,0.3836594507046315,0.366740129804258,0.3315992690240296,7.714686109837452,3815.3244904904905,0.032239181567530764,0.006285954337301484,0.4919794050124424
DJI_20250929122615_0370_D.JPG,part3_post_def_rgb,Post_Defoliation,0.014044193871745467,0.048027856295511595,300.3480739672166,-0.042814499597136374,0.39723661723552056,0.375915615817366,0.34055042052746587,7.722724394653234,3715.1902912912915,0.032195810105888054,0.006225779018601007,0.5004244248559032
DJI_20250929121833_0139_D.JPG,part3_post_def_rgb,Post_Defoliation,0.016970368347725154,0.05035071093995563,462.85463360085834,-0.04293861236763726,0.40198531852456637,0.3828703990328552,0.34678511119341876,7.789833508168105,4060.833266266266,0.03250516593991624,0.006055062377631929,0.5238802712525149
DJI_20250929122051_0208_D.JPG,part3_post_def_rgb,Post_Defoliation,0.017286395147573994,0.049988906445788,398.6074858160802,-0.049743685663020856,0.38968364746165035,0.3644448479095962,0.321919653209968,7.67619689773146,3649.8204514514514,0.03164955951789378,0.00634625212682244,0.4644023611724706
DJI_20250929122305_0275_D.JPG,part3_post_def_rgb,Post_Defoliation,0.014616658165548904,0.049504028020925864,473.9245966480516,-0.045264751378840715,0.41664522199632675,0.39606703784709646,0.36087219553231714,7.815255853609063,4085.7990390390387,0.03152089225946167,0.005879123243829999,0.5287071711870398
DJI_20250929121729_0107_D.JPG,part3_post_def_rgb,Post_Defoliation,0.019152588943320073,0.047666569008287384,312.1305705852064,-0.03533264998687271,0.39983283231560235,0.3828138463232215,0.34664227138752063,7.750998670163354,4002.595792792793,0.031132934575853664,0.006019017520763551,0.4834909255215766
DJI_20250929122307_0276_D.JPG,part3_post_def_rgb,Post_Defoliation,0.01632089740712904,0.045882235201035355,352.8812330991217,-0.04215414104295686,0.389496479808794,0.3709345189764173,0.3360516607369118,7.745088159003148,3815.8393393393394,0.03335283650330074,0.006329772743150965,0.531969751633113
DJI_20250929122429_0317_D.JPG,part3_post_def_rgb,Post_Defoliation,0.015776952410862927,0.054893881694345885,323.51312386346825,-0.050721830491423085,0.4075686065361279,0.38048496004324456,0.3376243611394983,7.730804537852174,3538.9415495495496,0.032090522243718694,0.00617672475552232,0.5142562860862124
DJI_20250929122037_0201_D.JPG,part3_post_def_rgb,Post_Defoliation,0.015981811137605762,0.04876233953607503,251.7145121662956,-0.040567082250408844,0.4143315686379647,0.39218416883099716,0.3540549578864239,7.740772184201885,3889.301293293294,0.030408679958571178,0.005970172675944929,0.46733471279745664
DJI_20250929122147_0236_D.JPG,part3_post_def_rgb,Post_Defoliation,0.0175372045936676,0.05057145038928607,411.59077589433195,-0.039345915320753586,0.40514624588536885,0.3856891374414459,0.34869482440385535,7.753540458153907,3962.00710910911,0.03061297733748117,0.005994467102090081,0.4856916612996832
DJI_20250929121515_0040_D.JPG,part3_post_def_rgb,Post_Defoliation,0.019000120983221857,0.05326756003049538,316.75838375727113,-0.04968694523602335,0.40726958704093214,0.380916339200907,0.33556297037765986,7.741509675503943,3574.757684684685,0.03203246271449144,0.00614459745627991,0.5211038570055079
DJI_20250929121709_0097_D.JPG,part3_post_def_rgb,Post_Defoliation,0.012165805815845964,0.04608157278169184,336.48971079334586,-0.051091998478887866,0.37584022434539893,0.3520576272148716,0.3161092242684983,7.663821298980449,3633.642781781782,0.03221344820651707,0.006484572755236237,0.46895861645257364
DJI_20250929122455_0330_D.JPG,part3_post_def_rgb,Post_Defoliation,0.016950397479824113,0.051144203385767854,72.56643190969663,-0.021210573362475376,0.4109074079581277,0.398859009187215,0.36986021293647836,7.698727830621311,3495.140135135135,0.03267865378012757,0.006398529081565612,0.5044108045347148
DJI_20250929122359_0302_D.JPG,part3_post_def_rgb,Post_Defoliation,0.016871439969191708,0.05328619042662282,596.2262269293299,-0.057509967520448346,0.38510800962999414,0.35894822210987526,0.3159169946205648,7.702960516393886,3617.271747747748,0.03271746904983379,0.00637268500061945,0.5110814296751616
DJI_20250929121755_0120_D.JPG,part3_post_def_rgb,Post_Defoliation,0.014999361852931265,0.04468678991424769,417.3019105733779,-0.04098775167174532,0.38215825581695745,0.3647966092555845,0.3324356008412802,7.731214533709925,4016.6532862862864,0.03192425945751611,0.006220806271127171,0.4859382315962535
DJI_20250929122145_0235_D.JPG,part3_post_def_rgb,Post_Defoliation,0.01480028193371291,0.047190733167775153,331.4249216183068,-0.04095769435052354,0.3781904422729045,0.3597076755105327,0.32642462681444795,7.682923718071978,3745.0032162162165,0.032351052677862556,0.0064254336124512975,0.48360676041604106
DJI_20250929122211_0248_D.JPG,part3_post_def_rgb,Post_Defoliation,0.013546971228973251,0.04714013798337927,320.6350241872001,-0.04307188779083102,0.4135178609084961,0.392404110282928,0.35774338842838665,7.776558895670802,4067.24978978979,0.03135716241954406,0.005939822025102613,0.49858513882559
DJI_20250929122503_0334_D.JPG,part3_post_def_rgb,Post_Defoliation,0.01776918935834284,0.045589471046327275,6.615620010800766,-0.015222518634728448,0.4297148980812106,0.42197924120164354,0.3964743949637336,7.53453779227938,3061.4033453453458,0.03571372717434043,0.007466898847729627,0.5176845488170344
DJI_20250929121623_0074_D.JPG,part3_post_def_rgb,Post_Defoliation,0.021472712763752434,0.04904852227245057,2.408510385510448,-0.006868718061670284,0.4303847636313772,0.4291657174252488,0.406473958455368,7.463194041536525,3047.2554814814816,0.03783812480693717,0.008018089843579622,0.5177382987454663
DJI_20250929122441_0323_D.JPG,part3_post_def_rgb,Post_Defoliation,0.015537570472163493,0.04539012436112785,6.686037959990538,-0.013886112610244578,0.42043353485187923,0.4139105489033558,0.39184999248266883,7.533950987542912,3101.8312942942944,0.03492905486992977,0.007429002690258145,0.5130655979510323
DJI_20250929121919_0162_D.JPG,part3_post_def_rgb,Post_Defoliation,0.017553562862010937,0.052038791238458726,465.51749203832793,-0.04530541661329412,0.39746820754682977,0.3768754920810436,0.33872921375324655,7.759601223061676,3880.7182432432437,0.03144402182067506,0.006049219165476767,0.508795788355085
DJI_20250929121751_0118_D.JPG,part3_post_def_rgb,Post_Defoliation,0.015021568206900983,0.04396830049894222,336.87154072296687,-0.04104117910629561,0.38479578824436594,0.36675001873700425,0.33368268102274157,7.722305244096304,3994.200334334335,0.03224815196324069,0.006264794693959442,0.4844595422260644
DJI_20250929122548_0356_D.JPG,part3_post_def_rgb,Post_Defoliation,0.01671577057225439,0.049962830751162465,156.64799876661948,-0.03969406067690482,0.3869904541158928,0.36758872572300055,0.3314712267578539,7.651544846365207,3309.4355555555558,0.03273798030681894,0.0066393840648135,0.508705764794944
DJI_20250929122523_0344_D.JPG,part3_post_def_rgb,Post_Defoliation,0.017844798615128867,0.04710797431631174,3.325910231706704,-0.016821549804957567,0.43537221340569193,0.42706807825774545,0.40091914449467014,7.463718314272825,2861.219315315315,0.03725955611123305,0.007944602620955877,0.52378952050778
DJI_20250929121737_0111_D.JPG,part3_post_def_rgb,Post_Defoliation,0.016670579283587075,0.050249118722470426,382.2189863129346,-0.04000526235563136,0.40118477363445915,0.38215491544842345,0.3464544779788007,7.756484778268844,4027.515913913914,0.03127348513622818,0.006023465155774805,0.4868882455620012
DJI_20250929121957_0181_D.JPG,part3_post_def_rgb,Post_Defoliation,0.01608813312299826,0.051720262954746576,467.92981393110114,-0.052841191519501604,0.3804785701240082,0.35564532176430336,0.3147239402816003,7.701758596986161,3583.050116116116,0.0332783687902372,0.006415523769071221,0.5119238071060047
DJI_20250929122531_0348_D.JPG,part3_post_def_rgb,Post_Defoliation,0.017217078370092405,0.04753826415457101,4.421499245243069,-0.020069070436721327,0.4355399631012438,0.42543758227009276,0.3981181230688494,7.4812108092124,2922.705328328328,0.03703076157981203,0.007840248083481226,0.5244408169958253
DJI_20250929122405_0305_D.JPG,part3_post_def_rgb,Post_Defoliation,0.016593242580146318,0.05614999909209292,593.2810459141091,-0.058878211357245955,0.39600637426125884,0.3681331190556009,0.3236666212697966,7.723003312767508,3726.3134054054062,0.03161620120671408,0.00618471532543007,0.49838340372553064
DJI_20250929122407_0306_D.JPG,part3_post_def_rgb,Post_Defoliation,0.01546113138011892,0.05478802127074233,494.1013110700659,-0.05741405157315317,0.3865410643414457,0.35948902818856504,0.3169758606555653,7.6924930502489,3621.6125425425425,0.032141500086855145,0.006364341889821238,0.49737770387750974
DJI_20250929122333_0289_D.JPG,part3_post_def_rgb,Post_Defoliation,0.019757115668371097,0.052224874432401175,517.947228412947,-0.04135065919099805,0.40800434307987987,0.3881106554902502,0.34845985223224935,7.786902214345577,3927.2046496496496,0.031656525179780196,0.005969511202177432,0.518403985988687
DJI_20250929122033_0199_D.JPG,part3_post_def_rgb,Post_Defoliation,0.01827310231320521,0.053291087239329446,284.283852659904,-0.036599704898820994,0.42136564017171657,0.4002813025124257,0.3609238625399297,7.757418845413269,3928.6433113113117,0.029969431777523568,0.005863013387075632,0.4654578426525693
DJI_20250929121743_0114_D.JPG,part3_post_def_rgb,Post_Defoliation,0.015728287266587242,0.047987911258254815,421.7882911925474,-0.04195013823877188,0.3869163528312327,0.36870625378870486,0.3347678674795898,7.732271585707863,4014.283324324324,0.031862867015557655,0.0061985460411353825,0.4847434377096591
DJI_20250929121631_0078_D.JPG,part3_post_def_rgb,Post_Defoliation,0.022492641126064663,0.051144664247741105,2.9340760128619356,-0.009157916204838676,0.43324645709158444,0.43038913660034595,0.40503917498304287,7.465186531939,2986.212532532533,0.037777910491049345,0.007965037803588756,0.5207929826377732
DJI_20250929121921_0163_D.JPG,part3_post_def_rgb,Post_Defoliation,0.015798206707231716,0.04907041658935668,408.705799027177,-0.04685759387860513,0.37431412689014687,0.3537571654960357,0.31740199739469277,7.692498867117662,3627.3194134134137,0.03336333093374295,0.006478006264721142,0.5134584419813245
DJI_20250929121859_0152_D.JPG,part3_post_def_rgb,Post_Defoliation,0.020246947708212802,0.05344601355207072,487.03147808502155,-0.038436756257206016,0.40046459415874075,0.38261005962347555,0.3445085773799976,7.781211022846465,3923.8075535535536,0.03206616000188514,0.0060158913892677385,0.5186786245603839
DJI_20250929121539_0052_D.JPG,part3_post_def_rgb,Post_Defoliation,0.016462184745209784,0.0452026610034456,24.475809897200296,-0.012794477494559883,0.36150983381065754,0.3561300829850278,0.3342881474141883,7.588744654672693,2947.755084084084,0.037519063636172766,0.007535665047570163,0.5483461036617597
DJI_20250929122511_0338_D.JPG,part3_post_def_rgb,Post_Defoliation,0.01923765813430805,0.0463763459941705,2.7412978755345305,-0.01259013864783801,0.4315443990776137,0.4258893305039331,0.4009966037959444,7.45682661272539,2888.4451591591587,0.036815423659022,0.007962412015853947,0.5158833371591844
DJI_20250929122513_0339_D.JPG,part3_post_def_rgb,Post_Defoliation,0.019870126463889474,0.0471522170024117,3.642721627451567,-0.01514406588799228,0.4268975089997699,0.41972564801497403,0.39268366056628856,7.45487796055852,2883.240347347347,0.03755324365703836,0.008023564250942014,0.5183273290756482
DJI_20250929121633_0079_D.JPG,part3_post_def_rgb,Post_Defoliation,0.020730805121938468,0.04988696325267194,2.562191495263716,-0.00906098117818017,0.4276462930094978,0.42496982553783835,0.4015625529442405,7.452310365358309,2972.9474854854852,0.038010159259221264,0.008081602240723046,0.5189886652440365
DJI_20250929122331_0288_D.JPG,part3_post_def_rgb,Post_Defoliation,0.015968525324919932,0.04776034419994101,340.89566642720206,-0.03996762346457618,0.3871587559710589,0.3688721968089868,0.3346171123219947,7.736582609683302,3702.9180020020017,0.03305813253959934,0.006295038911896389,0.5263288971677966
DJI_20250929121929_0167_D.JPG,part3_post_def_rgb,Post_Defoliation,0.01408693489345366,0.0507756770856327,515.6287489189514,-0.0568351889120302,0.38045714366498506,0.3547538256156401,0.31496357267284153,7.702030169536166,3615.9696036036034,0.03334841844717896,0.006425652942889866,0.5144082947492118
DJI_20250929122031_0198_D.JPG,part3_post_def_rgb,Post_Defoliation,0.017151046200721304,0.048833672796661225,246.76903814570508,-0.03468632553088885,0.3829142034452657,0.36473543087149374,0.3294056120970004,7.664475153301634,3562.554058058058,0.03175694790658664,0.006417733784331209,0.4631449613270018
DJI_20250929122533_0349_D.JPG,part3_post_def_rgb,Post_Defoliation,0.020092342640705512,0.04696515108454325,4.5071961792760025,-0.015763162724031388,0.4222298640286768,0.4154810250846056,0.3886398434998291,7.465388172612972,2896.290701701702,0.03714335649269266,0.008004450880388937,0.5242747203803917
DJI_20250929121955_0180_D.JPG,part3_post_def_rgb,Post_Defoliation,0.02029945037119545,0.05427448703140757,572.7803982347605,-0.050679588253767484,0.3948826894562709,0.3705728910394013,0.3259636422513363,7.742514884417875,3744.5636676676677,0.03185776149145653,0.006145436723182883,0.5103093495055515
DJI_20250929121735_0110_D.JPG,part3_post_def_rgb,Post_Defoliation,0.017187529100557708,0.04730176987567366,325.34333322085956,-0.038042324825148424,0.3802825361883271,0.3634253618757611,0.3293806584626374,7.706360194050006,3882.8333993993992,0.0324514125311461,0.006328504593567996,0.48391172836095886
DJI_20250929121753_0119_D.JPG,part3_post_def_rgb,Post_Defoliation,0.014808979996539472,0.04759745641669631,395.02818086209265,-0.04165067766819762,0.413783598377458,0.3939454218852415,0.35929826539648557,7.796186440932221,4222.931368368369,0.03059475139097078,0.0057928421766821345,0.48692173865882027
DJI_20250929122609_0367_D.JPG,part3_post_def_rgb,Post_Defoliation,0.014339979637870405,0.05180672478385761,432.68612886352844,-0.04459466010177639,0.40730024025420447,0.38475184602673373,0.3478634721613927,7.752770925679674,3846.4656346346346,0.03131900113977195,0.006031145584331533,0.49748000016262467
DJI_20250929122023_0194_D.JPG,part3_post_def_rgb,Post_Defoliation,0.020370087750760442,0.04871224834965483,302.68138724790185,-0.0321128705847368,0.3993829587209152,0.38147508643053385,0.34319712638939204,7.741465399982944,3713.9888828828825,0.03192746232746787,0.006115098033023102,0.5052911535775851
DJI_20250929122323_0284_D.JPG,part3_post_def_rgb,Post_Defoliation,0.01576474801245068,0.0500396131636312,425.79040348249134,-0.043926553392492136,0.40142528561352536,0.3805815752090584,0.3439731167921408,7.7643575924992705,3860.9951651651654,0.03246781867627097,0.006111175917589048,0.5195454431170854
DJI_20250929122450_0327_D.JPG,part3_post_def_rgb,Post_Defoliation,0.011978698053814778,0.04865546199293658,40.79573133983408,-0.01908265326819386,0.4064122217160603,0.39559166014814173,0.3727924005264084,7.629407521251571,3268.4801141141147,0.03372879497083131,0.006828523254037585,0.5140033131609776
DJI_20250929121655_0090_D.JPG,part3_post_def_rgb,Post_Defoliation,0.016279053433580434,0.05051375032186246,371.43486643471925,-0.05109776484742538,0.41239493403222743,0.3847113211533043,0.3407486548408008,7.740669425750373,3827.414823823824,0.03053267655683229,0.00598091174816795,0.47334264461832726
DJI_20250929122117_0221_D.JPG,part3_post_def_rgb,Post_Defoliation,0.016442253491616335,0.05508077760965265,514.9741329479206,-0.054919056243768465,0.40755375548892847,0.3794807688870505,0.33496552879355623,7.730739296488331,3868.1346086086087,0.030511509032776968,0.0060349647204897515,0.47031314371962146
DJI_20250929122509_0337_D.JPG,part3_post_def_rgb,Post_Defoliation,0.017706598189111716,0.046284581892018735,4.685552588924631,-0.014762636805639304,0.42167853237213626,0.4149645975757096,0.390544064590171,7.46550618515914,2943.334078078078,0.036642342968739215,0.00792457955498495,0.5090084833016368
DJI_20250929122227_0256_D.JPG,part3_post_def_rgb,Post_Defoliation,0.02053856383378182,0.046521256834748836,410.4371745065619,-0.03642007238185748,0.3998809713968929,0.38357212143291,0.34672470763514524,7.7733919119217,4045.142254254254,0.03209642287888198,0.006031165562403689,0.5064589555710662
DJI_20250929122225_0255_D.JPG,part3_post_def_rgb,Post_Defoliation,0.014642481437223602,0.04313445254149538,311.90910196727714,-0.039959302108370925,0.3819794711899222,0.36465477839418386,0.33268760416122206,7.717929066396894,3895.51921921922,0.033119343264906995,0.006393288465309846,0.5056674347479205
DJI_20250929122555_0360_D.JPG,part3_post_def_rgb,Post_Defoliation,0.016451329673947586,0.047671954743612736,278.84953632460207,-0.041665878703365654,0.3709273044787974,0.3529667819574439,0.31855492976214295,7.65520862890261,3448.2137537537537,0.03304237500520519,0.0066806119871212705,0.509044226988871
DJI_20250929121629_0077_D.JPG,part3_post_def_rgb,Post_Defoliation,0.02156757551275558,0.05035091739312948,2.724645789184913,-0.00884992809306619,0.4300005213693469,0.4273246665113635,0.4030812361406247,7.450727284954935,2973.618905905906,0.03809208562490141,0.008095897298173445,0.5201649174641492
DJI_20250929122021_0193_D.JPG,part3_post_def_rgb,Post_Defoliation,0.01777862432238882,0.05054064216940576,333.2274717567389,-0.037933284721530514,0.4172804612622388,0.3958521750995953,0.3566452646145629,7.776028804119137,3885.0179259259257,0.030843903203303165,0.005883544899554141,0.49752075374688653
DJI_20250929122321_0283_D.JPG,part3_post_def_rgb,Post_Defoliation,0.01847561835117967,0.05275224305970397,517.5115893164706,-0.042992880246416815,0.41919364682631943,0.39853022132344684,0.3593911774693945,7.809344466988686,4021.5735085085093,0.03141476873305342,0.005856800100115936,0.520715454229263
DJI_20250929121933_0169_D.JPG,part3_post_def_rgb,Post_Defoliation,0.016469007230155597,0.05258086118675607,612.3905574193064,-0.05761055390892795,0.3740603230905378,0.34846882290159065,0.306408315482488,7.6862395352495385,3566.5316466466475,0.03317120318847599,0.006509089154020582,0.5118038426003783
DJI_20250929122529_0347_D.JPG,part3_post_def_rgb,Post_Defoliation,0.01631945082779258,0.04657541974244718,4.171619608040305,-0.01958270059309449,0.42590509624737233,0.41646438906551986,0.3907042310558749,7.451817396935045,2845.7915075075075,0.03738936332541668,0.008077072176897187,0.5246864298254675
DJI_20250929122259_0272_D.JPG,part3_post_def_rgb,Post_Defoliation,0.012578656930033098,0.04366814600905293,342.7483076806939,-0.04506379817522435,0.38677216520014873,0.3670940641170523,0.3348373061039227,7.740321955333673,3858.597601601602,0.03338703477594483,0.006364434896916035,0.5296721612069993
DJI_20250929122057_0211_D.JPG,part3_post_def_rgb,Post_Defoliation,0.015961123457257403,0.051508608615059834,478.809045130861,-0.05348105785909196,0.39880828898032844,0.3715747119082336,0.3283800113788813,7.705416199703667,3776.746777777778,0.0308939727370634,0.006157203740713101,0.4636463381145187
DJI_20250929122613_0369_D.JPG,part3_post_def_rgb,Post_Defoliation,0.016904074648825734,0.05117675545696961,390.96034618080756,-0.041001392427745836,0.4137090859300794,0.3926572038411835,0.3547012471034619,7.766318362976469,3885.233842842843,0.031006158285501476,0.005949116453825372,0.49717256077246946
DJI_20250929122319_0282_D.JPG,part3_post_def_rgb,Post_Defoliation,0.01817774954835934,0.05044890876663441,380.5221732827171,-0.03766798438393019,0.3977126905316773,0.3803685613795722,0.34484668267910773,7.768119091110527,3858.1721961961966,0.032533732160475975,0.006122094993887407,0.5260533317384951
DJI_20250929122019_0192_D.JPG,part3_post_def_rgb,Post_Defoliation,0.019849282579257152,0.04880732306849401,270.09440830144496,-0.0353232488735026,0.3907816629463011,0.37228377778709,0.33393661004862163,7.713892750744584,3686.4497487487483,0.03238956694163645,0.00626213413570351,0.4979918559600449
DJI_20250929121749_0117_D.JPG,part3_post_def_rgb,Post_Defoliation,0.013322528390128608,0.046973490542227145,396.95484375760327,-0.04429489132218977,0.41071881437794344,0.3895973291996273,0.35515331563118246,7.782490728653414,4190.566263263263,0.03071953532260423,0.005873919079096186,0.48551618098202415
DJI_20250929122217_0251_D.JPG,part3_post_def_rgb,Post_Defoliation,0.014390334304203034,0.04384016503562532,296.10218003197735,-0.03982666557656435,0.3925971170096252,0.3748138897299889,0.34264032814614953,7.7419459368017085,3959.0295335335336,0.03245790869020553,0.006203157691977347,0.5036249859557954
DJI_20250929122127_0226_D.JPG,part3_post_def_rgb,Post_Defoliation,0.01351236296828993,0.04798432208375697,449.3013761620488,-0.05390591986609297,0.36474763958805323,0.34094902044143327,0.3036380383265235,7.632857419534632,3528.161515515515,0.03276114665826124,0.006677430123785874,0.4710425398805173
DJI_20250929122453_0329_D.JPG,part3_post_def_rgb,Post_Defoliation,0.019576553278878115,0.05447049139350873,134.41877309254505,-0.030128354990927544,0.41331881966485773,0.3956894575475807,0.3584835421514256,7.68846681485003,3481.2305335335336,0.03240038226635726,0.006360550664282225,0.4882290897342966
DJI_20250929122125_0225_D.JPG,part3_post_def_rgb,Post_Defoliation,0.013866136570907434,0.05284828026861986,493.5703611002422,-0.05648889153537286,0.3960010021105602,0.36845049368063554,0.32703384867980345,7.704245958591031,3823.950727727728,0.03107706065066019,0.0062123706025524915,0.4711743773369521
DJI_20250929122435_0320_D.JPG,part3_post_def_rgb,Post_Defoliation,0.019213989805868116,0.05238704934479665,102.11442779066827,-0.027560709827184466,0.397345326780864,0.3828887271273371,0.3492181376679422,7.685830433735621,3317.1472242242244,0.03391730456567935,0.006625533298179028,0.5384313673586965
DJI_20250929122437_0321_D.JPG,part3_post_def_rgb,Post_Defoliation,0.013718184266383576,0.04874477603017428,38.25151554423212,-0.021720025111028125,0.38597475284426974,0.37552537790171986,0.3513578186927864,7.625732437671068,3202.333993993994,0.03527810821911555,0.00704869918042415,0.5348819001164303
DJI_20250929122215_0250_D.JPG,part3_post_def_rgb,Post_Defoliation,0.01309850854197119,0.04614655258011262,291.81420048447063,-0.04172999793976224,0.4170639300201804,0.39658653443223046,0.36301063030230935,7.788093449939041,4092.6519479479484,0.03139944616801576,0.005898404705083556,0.5018598230120569
DJI_20250929122451_0328_D.JPG,part3_post_def_rgb,Post_Defoliation,0.009041167413743693,0.04916469858820771,67.65895308471863,-0.024189334885943114,0.39239086277033103,0.3786193092075817,0.3558065882310886,7.644449297837971,3242.1926696696696,0.033507928588318074,0.0066971273077969405,0.5082172958829837
DJI_20250929121741_0113_D.JPG,part3_post_def_rgb,Post_Defoliation,0.017027376903514413,0.05007776978494007,414.80390429486033,-0.0408594269307511,0.4037735477958074,0.3844681230988887,0.34813532149845566,7.760723426838705,4111.861255255255,0.031387249601676374,0.006001151232756989,0.48408699232547475
DJI_20250929121619_0072_D.JPG,part3_post_def_rgb,Post_Defoliation,0.020220831553505673,0.04753540073946137,2.710777548084414,-0.007635728701129794,0.43496493082403176,0.43294016940354585,0.4106945764295546,7.479744043366031,3087.625239239239,0.037228722208196424,0.007915904428699584,0.5197136433725044
DJI_20250929122552_0358_D.JPG,part3_post_def_rgb,Post_Defoliation,0.018499414909819063,0.05070681817756344,164.17997954937442,-0.03682962499507439,0.396124112301568,0.37840989652517565,0.3421962658389642,7.707958922643952,3491.706926926927,0.033157370295771676,0.006393826918544633,0.5239862481658968
DJI_20250929122055_0210_D.JPG,part3_post_def_rgb,Post_Defoliation,0.016155463552734263,0.04974755558401123,427.7616309453316,-0.051270046616182584,0.3834805761474857,0.35836070306496837,0.31708536642971674,7.665531086766199,3614.776176176176,0.03158327558492031,0.006396720264499173,0.46273747851626024
DJI_20250929121923_0164_D.JPG,part3_post_def_rgb,Post_Defoliation,0.016217701384871133,0.053060188523462164,490.32066618605114,-0.05037012087546798,0.40455406211493394,0.3810369927416075,0.34130222198340987,7.767988354111556,3872.676015015015,0.031289471297939464,0.005988818081900148,0.5099876374159514
DJI_20250929121459_0032_D.JPG,part3_post_def_rgb,Post_Defoliation,0.014497803790296951,0.04988637564252026,386.79370057135077,-0.05046665206670818,0.38503247021454656,0.36187144391184795,0.3242126138188523,7.712003180765536,3707.763069069069,0.032839355260994886,0.006336344005928622,0.5118786380071447
DJI_20250929122611_0368_D.JPG,part3_post_def_rgb,Post_Defoliation,0.014674650695679812,0.04945064874504034,354.58797462868455,-0.041546773220110765,0.394492228874422,0.3743623500814365,0.33955782059277123,7.723164571918527,3745.2646016016015,0.03205861706690733,0.006223595266640325,0.49769157623559285
DJI_20250929122519_0342_D.JPG,part3_post_def_rgb,Post_Defoliation,0.018584584544667514,0.04804666231714021,4.13878037715589,-0.017053618037497796,0.43266256341293147,0.4242855833734358,0.39732401878927265,7.468073466071338,2878.9892882882878,0.03717588178777985,0.007928792792382325,0.5245553821441744
DJI_20250929122501_0333_D.JPG,part3_post_def_rgb,Post_Defoliation,0.01675805236838737,0.04495443798912531,6.265993185141348,-0.014550574870278029,0.41890784780836376,0.4118230981227249,0.38798029606869866,7.514495650946895,3046.287830830831,0.035892477156497994,0.00763595467507474,0.5142996389910515
DJI_20250929121807_0126_D.JPG,part3_post_def_rgb,Post_Defoliation,0.01651635815569602,0.04473956962896074,328.2003102349783,-0.03667256640901197,0.36812829211793185,0.35260300564828684,0.3205613610229458,7.688120460100832,3806.5966766766765,0.03364219359409515,0.0065276671764954,0.4910852381077529
DJI_20250929122329_0287_D.JPG,part3_post_def_rgb,Post_Defoliation,0.017605857315196816,0.05037939155596322,440.5742046543327,-0.04103816506437627,0.410783106146218,0.39083209158437404,0.3532752197073333,7.787975859694678,3921.3006226226225,0.03164578147537539,0.00594405663556163,0.5178985975398582
DJI_20250929121931_0168_D.JPG,part3_post_def_rgb,Post_Defoliation,0.01685209147773458,0.0534844676039413,611.3270142937638,-0.056095186261780144,0.3968809237470764,0.3703319911780627,0.3269309671313143,7.74301252070659,3770.863281281281,0.031843041737000984,0.0061261787929458664,0.5079021735214057
DJI_20250929122029_0197_D.JPG,part3_post_def_rgb,Post_Defoliation,0.017825972807237304,0.04931802827963857,214.3544636925767,-0.032440320056174206,0.4358915038462301,0.41491535492617243,0.37611323319887746,7.769695128963266,3865.997545545545,0.0303615913993309,0.005830124760164524,0.4757045337119527
DJI_20250929121805_0125_D.JPG,part3_post_def_rgb,Post_Defoliation,0.018103561713008275,0.04709804144828698,371.60644017517126,-0.035471131549258565,0.3947657619134304,0.37894378793586253,0.34501825224528637,7.762071852296125,4089.45832032032,0.03189835364807346,0.006051391207959372,0.492498118297278
DJI_20250929121621_0073_D.JPG,part3_post_def_rgb,Post_Defoliation,0.020644947775200404,0.0489870264774627,3.404900174877442,-0.01091689135513292,0.43064358999950136,0.4264829142928121,0.4016772908109225,7.462282111155477,3059.4713443443443,0.037586670162418144,0.008060369634684058,0.518402101786581
DJI_20250929121545_0055_D.JPG,part3_post_def_rgb,Post_Defoliation,0.022142114206959856,0.049599756150028644,4.622594303067868,-0.00870896772309015,0.4243746892811419,0.4212962073674951,0.3960756112468886,7.531751864460113,3082.8370420420424,0.03658153621656473,0.0075593912882520615,0.5172326836354849
DJI_20250929122115_0220_D.JPG,part3_post_def_rgb,Post_Defoliation,0.014624983178000189,0.0502328065803995,490.2247114063335,-0.05618523731062458,0.37486527643351975,0.3490385943612056,0.30858692911089125,7.655922886021414,3564.616895895896,0.032107258464312824,0.006499989845077008,0.47116652381397534
DJI_20250929121657_0091_D.JPG,part3_post_def_rgb,Post_Defoliation,0.015180905588328417,0.045398323516589845,276.1265786378267,-0.04679538065319609,0.3769105404172577,0.3537733681233317,0.31545529024107727,7.654543807239661,3459.612818818819,0.03209376826065394,0.006500332367460454,0.4683393786326816
DJI_20250929122521_0343_D.JPG,part3_post_def_rgb,Post_Defoliation,0.0173335532584514,0.04723932903446855,4.532461769864651,-0.01836465895626273,0.42897944137593147,0.41991776107293116,0.3935225275114795,7.455120610865213,2848.7295375375375,0.03744577640539368,0.00804283835535515,0.5256743491837234
DJI_20250929121547_0056_D.JPG,part3_post_def_rgb,Post_Defoliation,0.02198666653749774,0.05182780629259464,5.265011087876671,-0.012084175997246161,0.43758858566483255,0.4321887980726194,0.4048023439429085,7.537084821955995,3113.3961211211217,0.03635520662593657,0.007476499393990045,0.5168637668624894
DJI_20250929122444_0324_D.JPG,part3_post_def_rgb,Post_Defoliation,0.014669409779109119,0.04566710140518714,18.85244043585383,-0.01734573219233659,0.4156278965380925,0.40628911096181586,0.38228091560643007,7.58227327266329,3203.2306176176176,0.03476081793678826,0.007151563645825857,0.5103504748885155
DJI_20250929121529_0047_D.JPG,part3_post_def_rgb,Post_Defoliation,0.022032090630626732,0.05491409872411793,373.15864091746926,-0.043804044437771174,0.41655018032583013,0.3924034653770201,0.34622465979758327,7.786200593009724,3647.809063063063,0.03212576647202661,0.005985372464801273,0.5389514016723936
DJI_20250929121849_0147_D.JPG,part3_post_def_rgb,Post_Defoliation,0.013163518812402863,0.04643078075198405,396.6877666064625,-0.045553457855533316,0.39385664772389334,0.3734171035129743,0.33981404048965236,7.766109141839845,3902.967744744745,0.03298063415698634,0.0061710677010599685,0.5269731933808617
DJI_20250929122415_0310_D.JPG,part3_post_def_rgb,Post_Defoliation,0.016881463139994484,0.050054601725750054,343.392382576765,-0.051852545224900584,0.3803250025383196,0.3548885159511609,0.31257056622400775,7.669300666711661,3372.2425385385386,0.03361991904365982,0.006581941285077628,0.5159355089818171
DJI_20250929121509_0037_D.JPG,part3_post_def_rgb,Post_Defoliation,0.016310312126198642,0.05350911070161852,528.4355335489388,-0.05566251218211542,0.41396703477557945,0.3850904655608605,0.3399035842199428,7.769952062789635,3782.7645295295297,0.03140026588981431,0.005948917199126938,0.5103172085000125
DJI_20250929122345_0295_D.JPG,part3_post_def_rgb,Post_Defoliation,0.017673962570750025,0.054391086596493894,558.8245755988089,-0.048404184191873055,0.40385977931939393,0.3815195105909508,0.3415052792917578,7.765966381603013,3904.1865305305314,0.031583637327412484,0.006024843872552516,0.5115722235744845
DJI_20250929122105_0215_D.JPG,part3_post_def_rgb,Post_Defoliation,0.014657819308591776,0.05222172554808981,448.5002097533159,-0.055564947188144115,0.4138314053368996,0.38421050355905456,0.3399317824726176,7.740798581030566,3845.7331201201205,0.030443364676722144,0.005980841341805394,0.47399188072063014
DJI_20250929121715_0100_D.JPG,part3_post_def_rgb,Post_Defoliation,0.01452488720999323,0.04803368818725034,369.75839501385383,-0.04780291960590258,0.39113572173438427,0.3685848102147989,0.3315090114852204,7.712798587098159,3891.627718718719,0.03131394823491764,0.006206576081199422,0.47539676582891444
DJI_20250929122251_0268_D.JPG,part3_post_def_rgb,Post_Defoliation,0.011506512967659104,0.0448288691422703,393.9293115096485,-0.049169336660779765,0.3972121237654605,0.37547234373113153,0.3422260507291436,7.770016856643206,3979.262903903904,0.032643330179005156,0.006172881079137482,0.5263027596994351
DJI_20250929122347_0296_D.JPG,part3_post_def_rgb,Post_Defoliation,0.015357020098384667,0.05098900431572497,432.55615752030855,-0.04844424041720593,0.3825300603128772,0.3612558394493318,0.3246245984874018,7.705095878400356,3696.397777777778,0.032849152404563965,0.006391563918679356,0.5125703045250346
DJI_20250929122107_0216_D.JPG,part3_post_def_rgb,Post_Defoliation,0.01427566665435056,0.04937291037357757,445.8807269027881,-0.05570013599641764,0.38989615099877617,0.3620888066788746,0.3200057957046225,7.689175242085483,3636.958948948949,0.031685009151355185,0.00630846198280408,0.4733083908143403
DJI_20250929122159_0242_D.JPG,part3_post_def_rgb,Post_Defoliation,0.016269246921123446,0.051022508707765826,391.0114471051453,-0.04141521029196762,0.408451544116896,0.3882005788420096,0.3516803666459996,7.7676204942900275,3984.3880520520515,0.03136474261165027,0.005967966205050815,0.49432441364657626
DJI_20250929122003_0184_D.JPG,part3_post_def_rgb,Post_Defoliation,0.018522724644289803,0.054721366445243974,565.129295202773,-0.052061449633716755,0.3933859186043508,0.36797112150770783,0.324033599766775,7.733621950067632,3714.5254894894897,0.032243229476017106,0.006178729174492862,0.5060724581059677
DJI_20250929122604_0364_D.JPG,part3_post_def_rgb,Post_Defoliation,0.01667878676733432,0.049459209479725284,385.86974621171987,-0.04249193842847372,0.3760691283936132,0.3571915592461821,0.3216352033314168,7.6807945537833575,3621.316588588589,0.033304037729057906,0.006524636940360732,0.5050015069141658
DJI_20250929121555_0060_D.JPG,part3_post_def_rgb,Post_Defoliation,0.019883879011971854,0.04808723916095505,4.275227421264453,-0.009062320721377488,0.4379434555136207,0.4343984445357638,0.4109695545459352,7.538618596561077,3209.389425425426,0.0363410002410961,0.00750926822863252,0.516496534593732
DJI_20250929122237_0261_D.JPG,part3_post_def_rgb,Post_Defoliation,0.01294183226573713,0.04365357006163903,345.48334411642446,-0.044356082912437915,0.37077501525244716,0.35227689052993505,0.3208369335416858,7.686750134546855,3769.271184184184,0.033719605590694215,0.006583477995927624,0.5036988553166786
DJI_20250929122141_0233_D.JPG,part3_post_def_rgb,Post_Defoliation,0.017392883475509272,0.049274559093733,406.06711555694824,-0.04193254333387519,0.3822216034129435,0.36340076439467534,0.327187041900898,7.6973580714069945,3810.962515515516,0.031815292017005926,0.006318930196542665,0.4819912488340844
DJI_20250929122011_0188_D.JPG,part3_post_def_rgb,Post_Defoliation,0.01991919451008028,0.05519665731322106,583.8466238873318,-0.04956738309517771,0.3940894163261714,0.37037568613482713,0.32674276143340264,7.741402659023439,3777.524653653654,0.03176489678353501,0.00612706886731631,0.50183195909176
DJI_20250929122243_0264_D.JPG,part3_post_def_rgb,Post_Defoliation,0.011614304061852088,0.04721726676436367,332.8519626836457,-0.047213350645632174,0.40167724894366846,0.3802826510885936,0.3472737491716667,7.774530992534096,3928.5635775775772,0.03238914986503241,0.006113983825267536,0.5269005226962832
DJI_20250929122039_0202_D.JPG,part3_post_def_rgb,Post_Defoliation,0.014256556599721113,0.04475664357578741,256.79948695782673,-0.042588529677285256,0.3809457375230326,0.36016096419647614,0.3251196342701985,7.667146551321743,3634.300175175175,0.03177290513716144,0.006425746777852712,0.46559627751326377
DJI_20250929121913_0159_D.JPG,part3_post_def_rgb,Post_Defoliation,0.017516525737359318,0.04966110006158464,381.3731118001026,-0.04072085483441578,0.3740920856921682,0.35677617563249214,0.3219437398354568,7.704230822999323,3705.564465465465,0.03339538475307037,0.006460676469267026,0.5162858969406942
DJI_20250929122301_0273_D.JPG,part3_post_def_rgb,Post_Defoliation,0.01548242022166589,0.049781682748337316,511.2292948700796,-0.046320389280333,0.4194710517414675,0.39815134858367773,0.361349225204222,7.817338044888358,4125.757371371371,0.03145710584370825,0.005880877217642034,0.5268815845153143
DJI_20250929122357_0301_D.JPG,part3_post_def_rgb,Post_Defoliation,0.015960041479747212,0.05485295770507167,582.1328604967526,-0.05756009648051823,0.40786729916634973,0.3796664276290533,0.3355055146120096,7.754577870415201,3788.670299299299,0.03158351787418063,0.006043256562384865,0.5082261461467529
DJI_20250929121613_0069_D.JPG,part3_post_def_rgb,Post_Defoliation,0.01762039576608288,0.04458319165378568,2.804673783241832,-0.006694613373038577,0.4096064951243235,0.4079080489589285,0.3885892070274505,7.449012731185292,3036.355029029029,0.038071275774910804,0.008311706283201728,0.5163577925353969
DJI_20250929121911_0158_D.JPG,part3_post_def_rgb,Post_Defoliation,0.017622900854737823,0.0518928124681343,435.0149287348547,-0.04307221970663441,0.3958706160291429,0.37618996874111965,0.33888642059835855,7.7568962495816915,3845.6676086086086,0.0322967351281289,0.006120640327105455,0.5146073523502523
DJI_20250929122149_0237_D.JPG,part3_post_def_rgb,Post_Defoliation,0.01725443785382523,0.047506524438157734,355.7345289105784,-0.037257537904002304,0.38127291528110463,0.36462621309899085,0.3307250730630518,7.702244252457437,3795.7981301301306,0.03208075414803221,0.006320246085054024,0.48519777313153756
DJI_20250929121759_0122_D.JPG,part3_post_def_rgb,Post_Defoliation,0.01551146520669732,0.0455385266882873,335.7217479617774,-0.03736410232966018,0.3894011441287916,0.37288217105330357,0.3408517327711181,7.741667188316889,4037.029084084084,0.03219134750989739,0.006174409773311249,0.4918399518366398
DJI_20250929121611_0068_D.JPG,part3_post_def_rgb,Post_Defoliation,0.020678746477142806,0.04693724296051339,3.837260702158244,-0.005761591954113055,0.42093176700238577,0.41952396275098575,0.397437412022443,7.474005974193604,3130.744358358359,0.037281695644281895,0.008036336156167875,0.5153217286463184
DJI_20250929122355_0300_D.JPG,part3_post_def_rgb,Post_Defoliation,0.014042081734492366,0.0521856131877781,532.0250501535727,-0.058540190956105846,0.3869035074695687,0.36019602004251167,0.31944645088096213,7.709169651960919,3624.8436696696695,0.03270316015524228,0.006357735302413346,0.5159338937213626
DJI_20250929122459_0332_D.JPG,part3_post_def_rgb,Post_Defoliation,0.016595641404829234,0.046527370543567356,6.506252342958569,-0.013524633143014072,0.4324299341178393,0.42544641306901165,0.4018672506153548,7.553945144099584,3140.5170800800797,0.034713540614924036,0.0072955958778365875,0.5103479307086854
DJI_20250929121705_0095_D.JPG,part3_post_def_rgb,Post_Defoliation,0.013645878767752466,0.046123581767102365,375.33881859207133,-0.049113513854188315,0.3692942472665752,0.3465030708410459,0.31006601564776415,7.64965352077685,3529.593488488488,0.03248559336848744,0.006561178176903832,0.4670949111451368
DJI_20250929121519_0042_D.JPG,part3_post_def_rgb,Post_Defoliation,0.017435704852305847,0.04810554195724013,382.8423439371989,-0.05146559257115717,0.3877352100451971,0.36173198840693865,0.31829306191637424,7.711882706039981,3491.801844844845,0.03338742973119152,0.006378749422884999,0.5245500602773362
DJI_20250929121707_0096_D.JPG,part3_post_def_rgb,Post_Defoliation,0.014704934801233053,0.05017751363206755,378.4083482923938,-0.04991722714977588,0.40246934866418305,0.37704047159124704,0.336906659717078,7.725165166578978,3859.825821821822,0.030826929378728607,0.0060836999678808195,0.4715499450727363
DJI_20250929122425_0315_D.JPG,part3_post_def_rgb,Post_Defoliation,0.019017919635299044,0.05317655356782663,419.92856940735754,-0.050667889848202245,0.39220589249119997,0.3670701635473873,0.32291651496827556,7.709892710679746,3524.1587387387385,0.03269470984102815,0.0063074496874090755,0.5131997591178721
DJI_20250929121725_0105_D.JPG,part3_post_def_rgb,Post_Defoliation,0.01734473613341528,0.04939061181431601,402.48532019509923,-0.0414752867389582,0.4032479825240449,0.38373143572163676,0.3468701527858133,7.763078744283102,4069.397824824825,0.03071035925893596,0.005949625382016122,0.48314365874691734
DJI_20250929122309_0277_D.JPG,part3_post_def_rgb,Post_Defoliation,0.015704263348106654,0.04864457770545175,450.60891027483507,-0.0455204336638407,0.4097302010319096,0.38868772217806447,0.35194097997611273,7.792092817767848,3999.4367787787787,0.03208972130761189,0.006020353067508904,0.5283081185491334
DJI_20250929121727_0106_D.JPG,part3_post_def_rgb,Post_Defoliation,0.016632704250618958,0.045673415810058085,308.49362353864313,-0.037873203143470466,0.3781105026653858,0.36133995076260733,0.32793669460920993,7.696982560901718,3854.24022022022,0.032255315169472915,0.006366540319391784,0.48158876919874954
DJI_20250929122013_0189_D.JPG,part3_post_def_rgb,Post_Defoliation,0.020339398490345675,0.05712719173291133,627.2028963183044,-0.047578624235123844,0.41355615686695063,0.3889812812821608,0.3440670072070253,7.781235548211819,3956.002663663664,0.03078066567990831,0.005869426367337554,0.4963576055886488
DJI_20250929122427_0316_D.JPG,part3_post_def_rgb,Post_Defoliation,0.018233230230996097,0.05525828213981911,413.4830055007929,-0.05125366924295841,0.4194346972595761,0.391523553315526,0.34537917914047994,7.756719196359225,3706.642740740741,0.03115368285090472,0.005978533346824889,0.5033609059923225
DJI_20250929122545_0355_D.JPG,part3_post_def_rgb,Post_Defoliation,0.014068015400540826,0.04184766561107898,69.79226624395642,-0.027639569025751598,0.3347489532435519,0.32383324956127624,0.29884953047845975,7.465482598500539,2663.0238008008014,0.03659311572820298,0.007829430833359572,0.5036432882056482
DJI_20250929121557_0061_D.JPG,part3_post_def_rgb,Post_Defoliation,0.020188589074291354,0.04745924885796911,5.140520937194472,-0.008394587866005476,0.43207048327803105,0.4288246312903015,0.40539019022828054,7.5473935962718555,3203.3067137137136,0.036433653722144334,0.007499579430847275,0.5212937134478454
DJI_20250929122235_0260_D.JPG,part3_post_def_rgb,Post_Defoliation,0.01300863062463089,0.04576125749324456,381.88784276828983,-0.044792383053957975,0.4015908431922268,0.3810946415096663,0.347589809202475,7.76812505522426,4062.7273993993995,0.031855729393315116,0.006059722332686852,0.5037171552236709
DJI_20250929121939_0172_D.JPG,part3_post_def_rgb,Post_Defoliation,0.01732663464779238,0.056793276522129066,562.8385014146378,-0.05517426638612514,0.4076833057272301,0.37982236888152326,0.33463479738802404,7.759217554120213,3830.4536706706704,0.03132000876004173,0.0059969748165382055,0.5014688360152564
DJI_20250929121521_0043_D.JPG,part3_post_def_rgb,Post_Defoliation,0.015007777546475278,0.0503147504956574,337.559882396531,-0.05365001697592627,0.40695605012235003,0.378288703591557,0.3346135795142888,7.742002961746213,3616.5741561561563,0.03201015704795517,0.006129605170566414,0.5164182895702476
DJI_20250929122417_0311_D.JPG,part3_post_def_rgb,Post_Defoliation,0.01925024008898838,0.05406631332408598,564.441686899349,-0.055754944006698344,0.40190164597260297,0.37376678276099484,0.32638167946039826,7.738104094920938,3633.420537537538,0.03193085469178934,0.006141862398733484,0.5122374588840353
DJI_20250929122253_0269_D.JPG,part3_post_def_rgb,Post_Defoliation,0.014392356511345539,0.04381858166583701,329.95175901945873,-0.04389598483727943,0.3795722082839938,0.3605099981630977,0.32705543153085603,7.723125340262497,3800.564029029029,0.03407349522998424,0.006506692574532062,0.5307687710295349
DJI_20250929121717_0101_D.JPG,part3_post_def_rgb,Post_Defoliation,0.015742308854019286,0.05042957530655013,433.38202998369206,-0.04627586231597785,0.4100468100306581,0.38759733272924335,0.34940554657380923,7.768885734670833,4092.6143493493496,0.030370010660704355,0.005882137918600718,0.47894293141999683
DJI_20250929121841_0143_D.JPG,part3_post_def_rgb,Post_Defoliation,0.01582962873846416,0.047492140157063954,364.1014861343872,-0.04113687678978204,0.39893531460443965,0.38023707886423863,0.34570921438557345,7.773194931254229,3989.859186186186,0.03244573337730962,0.006113933839501423,0.5221983219322937
DJI_20250929121501_0033_D.JPG,part3_post_def_rgb,Post_Defoliation,0.014488968109994251,0.053297429423351236,528.9736918158353,-0.05588727593838617,0.4131542841728412,0.38565303453856953,0.34366281679430355,7.777519842741156,3911.4786716716717,0.03084195511167084,0.005914129680928191,0.5082817785904498
DJI_20250929121639_0082_D.JPG,part3_post_def_rgb,Post_Defoliation,0.007560321513475322,0.04046798320562633,152.00347494206684,-0.03894114644898601,0.33752533212935876,0.318653964967885,0.2922222762929359,7.528862965988475,2802.7176786786786,0.038506847476883196,0.007751506247973721,0.5149018639138642
DJI_20250929121603_0064_D.JPG,part3_post_def_rgb,Post_Defoliation,0.02059552770613408,0.04705549479891891,4.427516849993273,-0.00816743910311313,0.43171892206878154,0.4282217370126652,0.40412902425041475,7.5312629232298836,3152.7147377377373,0.03688453666696101,0.007624572024909168,0.5237385913720416
DJI_20250929121903_0154_D.JPG,part3_post_def_rgb,Post_Defoliation,0.01922742055810589,0.052628954651151034,506.13888055799066,-0.041251382733778943,0.3961832889427793,0.3773893715075575,0.3393680335142299,7.770121336041729,3872.48233033033,0.03197635923055703,0.006071771277517502,0.5198951461885157
DJI_20250929122153_0239_D.JPG,part3_post_def_rgb,Post_Defoliation,0.01653748290764662,0.047881826574312614,383.8430983670238,-0.040813758001637356,0.38345885060982754,0.3648078722978912,0.3296194110783082,7.708449455361189,3789.043329329329,0.03223227002882567,0.006307205911651969,0.4892523294511959
DJI_20250929121523_0044_D.JPG,part3_post_def_rgb,Post_Defoliation,0.01724767469646804,0.05196115969897617,290.25455617596924,-0.050978429524527295,0.40679235028570365,0.3794547006074544,0.33486937623273716,7.741191555154194,3564.0783063063063,0.03227611831013664,0.006160391456341703,0.5224165057261428
DJI_20250929122135_0230_D.JPG,part3_post_def_rgb,Post_Defoliation,0.015032692129767308,0.050685779712325275,389.1557994930932,-0.046179253046881204,0.40794829991162446,0.38537655915155844,0.3477721262617251,7.752465195805719,3958.6534884884886,0.030447980625175647,0.005956776762276878,0.48068721819364646
DJI_20250929122558_0361_D.JPG,part3_post_def_rgb,Post_Defoliation,0.017549445226967827,0.05238140687963521,415.50288268181544,-0.043601685417023514,0.4020341030750015,0.38134859644443003,0.3431136445868907,7.741686023365796,3780.5933993993995,0.03169707925344293,0.006127685330243832,0.5071301813325565
DJI_20250929121843_0144_D.JPG,part3_post_def_rgb,Post_Defoliation,0.014779603828386762,0.04921221329016075,460.070414559566,-0.044726729293031856,0.41570611320484924,0.3948050469153559,0.3591243767974757,7.815802450435451,4129.7581001001,0.03175351974663299,0.005862705797429644,0.5230548492096861
DJI_20250929121503_0034_D.JPG,part3_post_def_rgb,Post_Defoliation,0.015762688443946994,0.05118693301632767,521.9494970862216,-0.05697453308336297,0.3936940651609175,0.36612594056757425,0.3227951275302841,7.7228247641809755,3671.3544254254257,0.032441036200007226,0.006262420506744655,0.5142321874369142
DJI_20250929121827_0136_D.JPG,part3_post_def_rgb,Post_Defoliation,0.018804806676171095,0.04843640052606061,395.5180244170216,-0.03844221575744142,0.3730050383015908,0.3569443316093788,0.32207881824099555,7.719893448311601,3838.768735735736,0.033740386424305914,0.006480237492750319,0.5186513470365361
DJI_20250929122009_0187_D.JPG,part3_post_def_rgb,Post_Defoliation,0.021555829025699812,0.057680527459325545,704.5976477326572,-0.05069527591677956,0.4168874852657305,0.3907267592056892,0.34301020411994804,7.789070896291312,3951.3529649649645,0.0305670197449327,0.005830342553889703,0.4999280854915702
DJI_20250929121601_0063_D.JPG,part3_post_def_rgb,Post_Defoliation,0.017901563852706567,0.04548953630496085,5.92542412856261,-0.009511245839711533,0.41896659225935684,0.4143172879616963,0.3917664198113293,7.5556506136195445,3182.0024384384387,0.03678864901352411,0.007558005740809242,0.52973402875178
DJI_20250929121825_0135_D.JPG,part3_post_def_rgb,Post_Defoliation,0.017961273878978928,0.048832830435643994,424.3354808066804,-0.040266518878404704,0.3902545799396451,0.3724929888307929,0.33677012384296184,7.762839042409432,3977.7638538538536,0.03292949796282085,0.006203503924268597,0.5182364981192314
DJI_20250929121901_0153_D.JPG,part3_post_def_rgb,Post_Defoliation,0.01787482175439039,0.05070406505787882,382.2284558284364,-0.040140968627672594,0.38086174711788073,0.36316642830493717,0.32759628773760324,7.7252129892363,3727.776893893894,0.03361975740584586,0.006373691179730148,0.521300656940873
DJI_20250929122313_0279_D.JPG,part3_post_def_rgb,Post_Defoliation,0.017344353883508853,0.048415336235441864,383.4478610534996,-0.04148145942212827,0.40230370904068335,0.3829438698680134,0.3462396768118345,7.7725623764076985,3907.987887887888,0.03247980446516364,0.0061238296087386904,0.5266504042070342
DJI_20250929121817_0131_D.JPG,part3_post_def_rgb,Post_Defoliation,0.017053037024320407,0.050312904122901195,412.4579317854224,-0.04213645112065194,0.40665069459088593,0.38579376821507166,0.34788380481493697,7.772997781400482,4023.129014014014,0.032144394465149384,0.005993862765806353,0.4945453811894261
DJI_20250929121947_0176_D.JPG,part3_post_def_rgb,Post_Defoliation,0.01572626130453407,0.05445536601281387,483.8203887507821,-0.054798419392610424,0.41061796479936463,0.382744401127795,0.3391445761516912,7.7661494168452805,3835.190081081081,0.031461160132833385,0.005971879228492307,0.5040249430159437
DJI_20250929121945_0175_D.JPG,part3_post_def_rgb,Post_Defoliation,0.017064173901628548,0.05253177145964623,413.8758164541485,-0.05262523831445344,0.3885588534560498,0.3627206898056278,0.31981835225357724,7.706316873649574,3604.75834034034,0.032612390321240706,0.006335590088052247,0.5073852820304598
DJI_20250929122249_0267_D.JPG,part3_post_def_rgb,Post_Defoliation,0.01314890751624975,0.04170564077933131,290.3616987209447,-0.042137524624287305,0.37290263193704726,0.3555816456136335,0.32511175177397006,7.709815352408872,3786.9256146146145,0.03406794632696105,0.0065590524710102465,0.528430122935657
DJI_20250929121511_0038_D.JPG,part3_post_def_rgb,Post_Defoliation,0.01886650473989884,0.05501942829373248,413.24466373467556,-0.049684306111537666,0.41746674331941314,0.3914578921313293,0.3465825362033468,7.78606704688433,3725.950417417417,0.03149083788110367,0.005894433811280025,0.5233502492277565
DJI_20250929122539_0352_D.JPG,part3_post_def_rgb,Post_Defoliation,0.01504808332086703,0.04909238779982538,10.754783576474184,-0.02257817085854654,0.42836126949324327,0.4168798436470215,0.39035033447993284,7.553057468905711,3093.3426586586584,0.034988785291743624,0.007327442400514219,0.520269857051513
DJI_20250929121851_0148_D.JPG,part3_post_def_rgb,Post_Defoliation,0.01698754255815756,0.04870917441370725,398.2513426567408,-0.03804413565249137,0.40529908126347636,0.38756417987193653,0.3528417359222391,7.79310664819865,4024.4958218218217,0.03180196737197766,0.00597562850786358,0.5205907212530692
DJI_20250929121645_0085_D.JPG,part3_post_def_rgb,Post_Defoliation,0.01784449953649383,0.04812797425323544,388.58663919889005,-0.048092129396069404,0.3849372700868195,0.3607639698072138,0.3187461699911144,7.6772332125419,3587.3113883883884,0.031834255870671915,0.006355106873953842,0.46508186308567373
DJI_20250929121531_0048_D.JPG,part3_post_def_rgb,Post_Defoliation,0.016893176208345274,0.05071312873857645,445.01693106285734,-0.05328946451868282,0.3858259125033719,0.35901853656712246,0.3153179844225278,7.718745454600402,3508.3228788788783,0.033836741119016904,0.006442587046270286,0.5335661909557426
DJI_20250929121837_0141_D.JPG,part3_post_def_rgb,Post_Defoliation,0.017348677287656798,0.04879951444282567,446.3627726388247,-0.04053549958509872,0.3986486206035253,0.3808424831119137,0.3456876683326454,7.784911834072849,4022.056144144144,0.03257804156095417,0.006070003421591683,0.5235058204530606
DJI_20250929121647_0086_D.JPG,part3_post_def_rgb,Post_Defoliation,0.016451055940959587,0.051979545696167716,465.49001335208004,-0.053260539970972756,0.41899976989907406,0.38958906745742083,0.34372730907480803,7.757094231107407,3907.5620680680686,0.029948174431164147,0.005868231150656751,0.4691794203397922
DJI_20250929122143_0234_D.JPG,part3_post_def_rgb,Post_Defoliation,0.016916758549330814,0.05039991379029693,396.2765734896093,-0.04073919915423316,0.39858127046050823,0.3793621769800545,0.34322632495027,7.738972904559981,3930.092389389389,0.030614130534904783,0.006053077014456743,0.48138611246321494
DJI_20250929121835_0140_D.JPG,part3_post_def_rgb,Post_Defoliation,0.01694624849127689,0.04231087911547525,310.5140484845454,-0.03571712230137172,0.35346654329532157,0.3395809928975113,0.30874919400842427,7.666678626599034,3617.4326496496496,0.03542843819061963,0.006891023685102952,0.5247587557544066
DJI_20250929122241_0263_D.JPG,part3_post_def_rgb,Post_Defoliation,0.013261692641636732,0.04558322749829618,324.53929547716785,-0.044642122763691235,0.3741203350116282,0.355989057739712,0.32459608782615906,7.694043477301321,3753.095206206206,0.034010701188029006,0.006546396165081797,0.5121634676631641
DJI_20250929121853_0149_D.JPG,part3_post_def_rgb,Post_Defoliation,0.01768362358041847,0.04983047642343992,460.3177220761441,-0.04265257641533777,0.38983702129394826,0.3709060973065575,0.33429154973874836,7.754857272317147,3879.989974974975,0.033025916857466024,0.006213851364944487,0.5224651507469855
DJI_20250929121533_0049_D.JPG,part3_post_def_rgb,Post_Defoliation,0.02001027700276422,0.05431373998217714,555.415839856985,-0.05146775281823705,0.404985864451029,0.37859586542279994,0.33219558939180654,7.766729086083868,3764.781946946947,0.03178240167955394,0.006023379568128017,0.5153701531308718
DJI_20250929121513_0039_D.JPG,part3_post_def_rgb,Post_Defoliation,0.0177660267848292,0.05591962933133049,387.5886481813441,-0.05218321350911517,0.42800193054977304,0.3995740739113613,0.35338019048812036,7.785708333141229,3773.965144144144,0.030651980499856093,0.005817252703605559,0.5108448359261533
DJI_20250929121815_0130_D.JPG,part3_post_def_rgb,Post_Defoliation,0.01627084895376173,0.04581054879317208,447.0913846466625,-0.04180000481767505,0.3629731330133549,0.34545534769121056,0.31166671341530455,7.673146118605038,3731.055069069069,0.03330124547423322,0.006588467340428264,0.48343301267406363
DJI_20250929122303_0274_D.JPG,part3_post_def_rgb,Post_Defoliation,0.015057232348465325,0.044778593696932156,357.9618326908692,-0.042844938748811894,0.3874063161052024,0.36860814154000604,0.3347527346263443,7.739712852200032,3820.854102102103,0.0332928692575728,0.006357189063708164,0.5307356940389917
DJI_20250929122339_0292_D.JPG,part3_post_def_rgb,Post_Defoliation,0.015587421604974982,0.05064842043579798,389.59949058121623,-0.04472286284359847,0.379964784570261,0.3610899262805898,0.3266276463859435,7.718427879879629,3726.408391391392,0.033082623830983246,0.00637110129982356,0.517311881786588
DJI_20250929122311_0278_D.JPG,part3_post_def_rgb,Post_Defoliation,0.01608956862534823,0.04870165733872307,379.23488810646506,-0.041964394749247264,0.39975102013413144,0.38108458642212284,0.3463285840847661,7.773123586576865,3892.683770770771,0.03297140499121819,0.0061436987494190255,0.5321364904911472
DJI_20250929122045_0205_D.JPG,part3_post_def_rgb,Post_Defoliation,0.015054987475119961,0.05079928680436887,426.65983436723553,-0.05116983577896873,0.40302634422798134,0.37634303861339863,0.33460474552369585,7.71205378992789,3824.4783203203206,0.0310606271110936,0.006127047280382591,0.4634270405073966
DJI_20250929122047_0206_D.JPG,part3_post_def_rgb,Post_Defoliation,0.014737244868839467,0.048225661617983084,424.28657144246563,-0.0507041695861915,0.37518581044039395,0.3508239107604926,0.3117247662117517,7.648891672920139,3573.642230230231,0.032110891340925055,0.00651752674190971,0.46257063031726836
DJI_20250929122207_0246_D.JPG,part3_post_def_rgb,Post_Defoliation,0.01615964821293287,0.04851521136195319,417.5133264032854,-0.041504175461093376,0.4058192625565714,0.3865064224743119,0.35103393417911943,7.772650070801282,4056.8164224224224,0.031336499590062135,0.005966556334200146,0.4964774924325127
DJI_20250929122137_0231_D.JPG,part3_post_def_rgb,Post_Defoliation,0.015775420219563144,0.04873360137515493,375.27315135013725,-0.04391045670908511,0.3852695667268654,0.3653626902012452,0.3296803934560618,7.703434662213115,3812.9069449449453,0.03195807814532521,0.006285951826696155,0.4844238700719714
DJI_20250929121609_0067_D.JPG,part3_post_def_rgb,Post_Defoliation,0.01967289865436017,0.046517713121795014,2.6756951603535613,-0.003548107655240914,0.424250679038046,0.4244604734071219,0.40499736912183754,7.449974064251948,3096.572278278278,0.03766310350879553,0.008171668866759338,0.5136349599192346
DJI_20250929122001_0183_D.JPG,part3_post_def_rgb,Post_Defoliation,0.015874966468647698,0.05186577599037352,422.7311204913467,-0.05148017709550137,0.3724230432935192,0.3485749843645519,0.3088519589669369,7.676838447363423,3491.529473473474,0.03372499829253538,0.00656393967238742,0.5122756842628311
DJI_20250929122205_0245_D.JPG,part3_post_def_rgb,Post_Defoliation,0.015069873067497672,0.047296044155124194,337.18312534026165,-0.04168605959932724,0.38772308618961876,0.36913732279074574,0.33548168632437503,7.721893414921098,3870.8514864864865,0.03253047116957385,0.00627226791905064,0.4934581936023358
DJI_20250929121909_0157_D.JPG,part3_post_def_rgb,Post_Defoliation,0.017209010756767704,0.04968552793956491,380.0095812288877,-0.03952484800034699,0.37784141788130515,0.3602846757364281,0.32551892283478334,7.717461453916547,3708.6568838838843,0.0334869640906562,0.006407199337815677,0.5210341579770662
DJI_20250929122151_0238_D.JPG,part3_post_def_rgb,Post_Defoliation,0.01717301186491694,0.05041333026398838,446.8019313938688,-0.04084713203389051,0.4046831326633971,0.38513307290774873,0.3484100012871834,7.763589264238638,3983.15741941942,0.030624798282209424,0.005945184656171021,0.48735640600320007
DJI_20250929121421_0013_D.JPG,part4_post_def_rgb,Post_Defoliation,0.014404402077036348,0.05018485543238213,431.17867541666396,-0.04585059163107558,0.4169338646081345,0.3950689660688248,0.35879966545247877,7.804316688290366,4122.063169169169,0.031276674062299684,0.005865031781413993,0.5128277394496035
DJI_20250929121419_0012_D.JPG,part4_post_def_rgb,Post_Defoliation,0.018075097800403363,0.0507298048578409,429.5874145922496,-0.042103881149666574,0.39932782536751565,0.3804805155432274,0.34355810791853586,7.771891812513622,3986.985015015015,0.03211599745249654,0.006081725518566345,0.5166593693671461
DJI_20250929121359_0002_D.JPG,part4_post_def_rgb,Post_Defoliation,0.01783614598672143,0.05287262200227307,525.834721233386,-0.04670776562093519,0.39663095615195554,0.3742962409363966,0.33412537973411627,7.764402047841026,3857.86014014014,0.03259035085315399,0.00612686824490836,0.517989387201166
DJI_20250929121429_0017_D.JPG,part4_post_def_rgb,Post_Defoliation,0.017295193278769976,0.04880827266777324,441.8760095254487,-0.0419070056513912,0.4086643140649341,0.3888579840966015,0.351756460849499,7.796268666067779,4026.894353353353,0.031922254956243276,0.005958082745418403,0.5229673761409639
DJI_20250929121433_0019_D.JPG,part4_post_def_rgb,Post_Defoliation,0.0186663909060269,0.05152628641245757,505.8232797316164,-0.04346358083913174,0.4073063727743143,0.38654243187991255,0.34711210007948395,7.787305827955096,3992.177053053053,0.03186983389621993,0.0059817268686899175,0.5196633427690114
DJI_20250929121431_0018_D.JPG,part4_post_def_rgb,Post_Defoliation,0.01698043470000066,0.047168195969783576,408.0857773187469,-0.042180740031880375,0.3825475065665878,0.3635838788092067,0.32763981635182493,7.730370589604795,3807.6305465465466,0.03363970229887472,0.006389412912791199,0.5267302828741961
DJI_20250929121423_0014_D.JPG,part4_post_def_rgb,Post_Defoliation,0.014525256129966769,0.047736121568691774,402.3410638779145,-0.045706364250904984,0.4000557975970975,0.3791223363790165,0.3436636190309687,7.773371768569477,3958.7987997998,0.0323682386387688,0.006101722609771308,0.5211756101218856
DJI_20250929121409_0007_D.JPG,part4_post_def_rgb,Post_Defoliation,0.01799506807502852,0.05012353154495508,403.51562999343844,-0.04022303162217625,0.37740855421970854,0.36026971448260037,0.32513580667046366,7.724167118555522,3806.358432432432,0.03367744962305978,0.006429858615907453,0.5204789616536611
DJI_20250929121447_0026_D.JPG,part4_post_def_rgb,Post_Defoliation,0.01732443276817422,0.047808057767137105,316.7316350680055,-0.04157049645853867,0.3793544264689361,0.361776344791218,0.32687383034532563,7.716795158572114,3750.8378748748746,0.033114736188454605,0.006386448517180777,0.518153148265015
DJI_20250929121445_0025_D.JPG,part4_post_def_rgb,Post_Defoliation,0.01869089432660033,0.04955365362338251,404.6240066888732,-0.04139896682144454,0.39794970330948815,0.3797437070701063,0.3428468165041241,7.772109837394059,3933.87918018018,0.031856142263433675,0.006032768742717353,0.5150902491041774
DJI_20250929121401_0003_D.JPG,part4_post_def_rgb,Post_Defoliation,0.017704551762795385,0.0505464796947455,424.4803820594331,-0.04446317378159569,0.3757215473896762,0.3555366754892048,0.31764725182593795,7.705656003674343,3702.2984054054054,0.03417870313205417,0.006529567394971936,0.5182100518134203
DJI_20250929121403_0004_D.JPG,part4_post_def_rgb,Post_Defoliation,0.01954429991042285,0.052481791115105605,430.7982993844727,-0.04098725592623796,0.38752790837357093,0.368787025296683,0.3305018423093722,7.738216265372651,3865.30692992993,0.032819806065348005,0.0062809897479294595,0.5114780594432307
DJI_20250929121439_0022_D.JPG,part4_post_def_rgb,Post_Defoliation,0.021389421335222203,0.05026684492937226,404.70884746169025,-0.037449454139386405,0.38129645068570683,0.36506164831116134,0.32743742460139375,7.731395139988521,3792.1182892892894,0.03269734815359983,0.006299060457491388,0.5172538124393337
DJI_20250929121411_0008_D.JPG,part4_post_def_rgb,Post_Defoliation,0.01836651754414423,0.05143656197687914,452.35002303789514,-0.04096313978462398,0.3949363383057362,0.3765778821793141,0.3398529085087477,7.767456241412246,3955.0807807807814,0.032442516439886604,0.006141936383723041,0.5199487568110448
DJI_20250929121413_0009_D.JPG,part4_post_def_rgb,Post_Defoliation,0.01781653239857085,0.05338364390058379,533.1681669732773,-0.042944237737077305,0.42227969713791697,0.4017358961424751,0.36337556274846244,7.820793797743379,4186.911261261261,0.03099546151070021,0.0057714801529875764,0.512335848316711
DJI_20250929121415_0010_D.JPG,part4_post_def_rgb,Post_Defoliation,0.016582811250553473,0.051559945384875724,465.0944469096205,-0.04410913043156874,0.402399389984722,0.3820778297607611,0.34517345828624674,7.775023060856369,3996.4658108108106,0.03205666806575815,0.006044826284492763,0.5145764842889127
DJI_20250929121357_0001_D.JPG,part4_post_def_rgb,Post_Defoliation,0.018243882537081996,0.05477574434512079,588.3006712887864,-0.050637655685265556,0.38047977976848124,0.3568436230276956,0.3149635837498281,7.717324118537439,3669.7380220220225,0.03376525113570168,0.006428261839564856,0.5195926705456446
DJI_20250929121425_0015_D.JPG,part4_post_def_rgb,Post_Defoliation,0.015007929432611969,0.04856237612353036,449.3625058181404,-0.046760076346089044,0.41818546232262555,0.39528244907439947,0.35737150639356147,7.806047662607488,4099.410572572573,0.03168495612258263,0.005890267549811718,0.5194755487512523
DJI_20250929121427_0016_D.JPG,part4_post_def_rgb,Post_Defoliation,0.01480098842015588,0.04585769321544588,373.87155541145944,-0.04561748308204133,0.3895348362213102,0.3687724040500166,0.33320898345856714,7.743660367067493,3843.020307307307,0.03319229507819928,0.006307986453338173,0.5269169061475412
DJI_20250929121417_0011_D.JPG,part4_post_def_rgb,Post_Defoliation,0.015506192748876983,0.052626603623472504,537.9086687952283,-0.04615585201986334,0.4174033930949896,0.3958806797529809,0.35885177366209525,7.812656852954693,4163.256253253253,0.03115808592733489,0.005813037934561177,0.5112177418017153
DJI_20250929121435_0020_D.JPG,part4_post_def_rgb,Post_Defoliation,0.0185451643659578,0.04964346746530833,456.4270637815862,-0.041352154014109875,0.380629186913145,0.36288186915848547,0.3265893870378681,7.73220788790844,3809.5234084084086,0.03291254857044307,0.006322287455186877,0.520207869272431
DJI_20250929121437_0021_D.JPG,part4_post_def_rgb,Post_Defoliation,0.019243010196234634,0.05209973612608033,441.6231436897848,-0.0404715496418006,0.4008572451677303,0.3821546833949439,0.3442091114259228,7.773394956203556,3965.0917067067066,0.0315326870259907,0.006022243524361696,0.5135901600953615
DJI_20250929121443_0024_D.JPG,part4_post_def_rgb,Post_Defoliation,0.01901959150927583,0.047915090338646535,360.31972886225094,-0.0399210312696163,0.38471082381538574,0.367436934961042,0.3311434545974225,7.7392769151628205,3832.4197877877878,0.032732890937284265,0.006262582347192977,0.5168002949627277
DJI_20250929121441_0023_D.JPG,part4_post_def_rgb,Post_Defoliation,0.01969371907080079,0.0507544428925216,421.585141897542,-0.040888999547673416,0.3994716651061258,0.38070601332422543,0.34224664247152425,7.77202664039591,3935.5768908908913,0.03197942367241952,0.006047625275194129,0.5145869885587229
DJI_20250929121405_0005_D.JPG,part4_post_def_rgb,Post_Defoliation,0.01865888953323156,0.05161390576101236,435.5585589271819,-0.041307339607925375,0.3754182953591707,0.3575261159669616,0.32097504704152086,7.714650444630943,3807.0496316316317,0.03355176912768512,0.006451945487490306,0.5108485284777754
DJI_20250929121407_0006_D.JPG,part4_post_def_rgb,Post_Defoliation,0.017978112024906172,0.05224798668280228,405.09502436322765,-0.03966932457347989,0.3936840442430611,0.37591043798329454,0.3401587196986218,7.763602108223733,3937.1459869869873,0.032479935424047215,0.00613335670827626,0.5143196828664534
DJI_20250929100235_0457_D.JPG,part_one_pre_def_rgb,Pre_Defoliation,0.10313929156550937,0.11952898248972911,1911.219046625249,-0.01917708208045234,0.409067948938622,0.3973721146890904,0.2825369888740495,7.6638202622963965,3025.012656656657,0.03142305135051785,0.00632991081881707,0.49035428851951773
DJI_20250929100041_0400_D.JPG,part_one_pre_def_rgb,Pre_Defoliation,0.10541937602246217,0.11353652086647016,4218.630787575433,-0.02543021005998182,0.3582181469425715,0.3465880754475703,0.229538627930107,7.585454701178061,3078.1470700700697,0.03490713606879309,0.006966330957128112,0.4661278195027492
DJI_20250929100608_0563_D.JPG,part_one_pre_def_rgb,Pre_Defoliation,0.11663881837166647,0.1318988289665776,5251.921125646049,-0.03051879419939668,0.4155986236299833,0.39976450683453824,0.2672915716674267,7.7374644893516304,3701.452960960961,0.030335722403587086,0.005924264107340407,0.4662529240601299
DJI_20250929100627_0573_D.JPG,part_one_pre_def_rgb,Pre_Defoliation,0.08626437642649057,0.11916872885883366,2918.9063399224233,-0.03720584643030398,0.3912067338540343,0.37041851821311916,0.26336592614571336,7.67527909103957,3057.004035035035,0.03341473004092327,0.006365621670927003,0.5086042984268052
DJI_20250929095925_0362_D.JPG,part_one_pre_def_rgb,Pre_Defoliation,0.07969772067910413,0.11580478419864453,2530.744293165367,-0.03747594126634951,0.40228856773888894,0.3810612541581881,0.2801362198983831,7.725820464256645,3756.3984874874877,0.0310627542559721,0.006164994631827518,0.4701124508163742
DJI_20250929095955_0377_D.JPG,part_one_pre_def_rgb,Pre_Defoliation,0.10662623773120487,0.11791525328972549,4597.851360231428,-0.03362106769352051,0.4027012359889263,0.38632779198635975,0.26332811025258834,7.718408250663247,3747.7502712712712,0.031096793474058193,0.006129231835908455,0.4657028391629633
DJI_20250929095819_0329_D.JPG,part_one_pre_def_rgb,Pre_Defoliation,0.09627890661657314,0.11686470805385503,3393.73174649555,-0.03280296643623085,0.3870446600063563,0.3706021921093406,0.2578808175957517,7.668362096133769,3528.8255205205205,0.031084370322300117,0.006362998941009739,0.45137947390021893
DJI_20250929100201_0440_D.JPG,part_one_pre_def_rgb,Pre_Defoliation,0.08508961976723159,0.1118564176402803,1414.328030584091,-0.030005661286901623,0.40389211116548224,0.38488851407370556,0.28079529721469737,7.588973643231856,2834.896492492492,0.032118623347608656,0.006637654922280284,0.46360522185820363
DJI_20250929100059_0409_D.JPG,part_one_pre_def_rgb,Pre_Defoliation,0.07408973624456063,0.10630818663590416,2475.5423624472214,-0.04389899071717736,0.4024744690481212,0.375956995871701,0.2753497864507202,7.670943937731773,3370.4748478478477,0.031400381739967564,0.006249955145174569,0.4523771946655086
DJI_20250929095835_0337_D.JPG,part_one_pre_def_rgb,Pre_Defoliation,0.08180795024983674,0.10890081700051014,2819.787377571422,-0.0411344178396286,0.3810781289144944,0.35927972308434974,0.2556733670043683,7.662434251907441,3321.0555825825822,0.032527539346985074,0.006484806116456041,0.472924757708231
DJI_20250929100823_0628_D.JPG,part_one_pre_def_rgb,Pre_Defoliation,0.11485265955817017,0.10189631559539847,2626.530308138483,-0.012495096503107858,0.3953192291754156,0.38618454458490814,0.2621972004362305,7.601944455267908,3032.8716726726725,0.029672908049708707,0.006316038377752124,0.41543384075838874
DJI_20250929100145_0432_D.JPG,part_one_pre_def_rgb,Pre_Defoliation,0.0834302312439208,0.11029237239042479,3589.7015691734773,-0.04388694078189235,0.3780915394277636,0.3542372105489559,0.2469526504262274,7.614569855335829,3147.597057057057,0.03290877923936876,0.00665779739900112,0.45813841035062575
DJI_20250929095853_0346_D.JPG,part_one_pre_def_rgb,Pre_Defoliation,0.12450898384907783,0.12581148225535546,5185.239842522307,-0.01086740910539658,0.3807755884395613,0.3745902924970276,0.2438960127054161,7.674876653330363,3376.77080980981,0.0323529899112015,0.006370951849284716,0.4719368692354513
DJI_20250929100135_0427_D.JPG,part_one_pre_def_rgb,Pre_Defoliation,0.09960165316701182,0.11940840819387388,3467.533580051084,-0.02268555488590674,0.38136105936844206,0.3688142170455522,0.2566657215556505,7.659317680436986,3270.842921921922,0.03176078449344638,0.006365717295876825,0.46288763749338696
DJI_20250929100305_0472_D.JPG,part_one_pre_def_rgb,Pre_Defoliation,0.08127301797791152,0.1129302886562036,2523.3627909311185,-0.038745700969714976,0.38852185162755853,0.3667197580996427,0.2636446465938154,7.670348879979881,3186.544099099099,0.033292051913761986,0.0064411079213624435,0.49457446534783606
DJI_20250929100835_0634_D.JPG,part_one_pre_def_rgb,Pre_Defoliation,0.0903561108467654,0.09325502706858507,1594.8021444513354,-0.009529426619886915,0.3635951985506646,0.3575910751706081,0.2612308409437863,7.56916129342255,2947.090403403404,0.0312559643078493,0.0065365658920129915,0.4203177959737368
DJI_20250929100219_0449_D.JPG,part_one_pre_def_rgb,Pre_Defoliation,0.09469950106999935,0.11536896613861304,2769.0723568839476,-0.03419775426761821,0.39566698234200687,0.3758654500230401,0.26136441663407406,7.63691048388474,2991.257071071071,0.03229672895246811,0.006533523871650633,0.49036272424526356
DJI_20250929095801_0320_D.JPG,part_one_pre_def_rgb,Pre_Defoliation,0.09206895033574909,0.10686884996354652,3888.808582502031,-0.035169795165423734,0.3733845290996565,0.3550966423889162,0.24473980534242687,7.634218928184845,3407.297630630631,0.03166112761187968,0.006547602448572399,0.43994380410978245
DJI_20250929095851_0345_D.JPG,part_one_pre_def_rgb,Pre_Defoliation,0.11017062182672499,0.11824971993886108,3881.3684188564966,-0.011950865636483989,0.35784708498023715,0.3510552431094385,0.23409277941191495,7.609733628900366,3074.4320390390394,0.034201538507696826,0.006793481812655617,0.4761329508123971
DJI_20250929095803_0321_D.JPG,part_one_pre_def_rgb,Pre_Defoliation,0.10189183401552553,0.10992579852563947,4127.267602845396,-0.02961650281965522,0.38992168570556573,0.3734114435483726,0.2550093673756539,7.679248150915235,3625.175519519519,0.03081605035906831,0.006272455264599163,0.43908522601906436
DJI_20250929100837_0635_D.JPG,part_one_pre_def_rgb,Pre_Defoliation,0.09810268325165651,0.09689625616863107,1748.6238247316885,-0.01694622948008005,0.40010746460471003,0.3901740196453922,0.282137891434418,7.640968424575689,3316.7702222222224,0.028744211121774763,0.006046682617682798,0.39721132252470975
DJI_20250929100307_0473_D.JPG,part_one_pre_def_rgb,Pre_Defoliation,0.07996361698078747,0.11400190881119385,2839.095502349976,-0.04294892542182179,0.40260923485734645,0.3775701875412665,0.27256752324439903,7.704206913300347,3374.296571571572,0.03240298883311656,0.006231243090468753,0.48961602957448563
DJI_20250929095757_0318_D.JPG,part_one_pre_def_rgb,Pre_Defoliation,0.08491487842800814,0.10585623925899242,3309.055491758321,-0.0387652677473823,0.37449074005234045,0.35428988049320903,0.24917414250606942,7.633592257746516,3390.7846046046043,0.03168791199115691,0.006543008682117572,0.4412161387786191
DJI_20250929100147_0433_D.JPG,part_one_pre_def_rgb,Pre_Defoliation,0.08965516721518402,0.11218393422548265,3702.7262366716295,-0.03934814154406659,0.39453611551937623,0.37174285737137025,0.25929443200818025,7.646948570362119,3296.457747747748,0.031722194224188725,0.00640954647301144,0.4517372797774542
DJI_20250929095809_0324_D.JPG,part_one_pre_def_rgb,Pre_Defoliation,0.1040295487813963,0.11327465722992369,2705.2732328461343,-0.015746794189934795,0.4067696999135469,0.39724769328327586,0.2836961378716085,7.7359284882010275,3978.5781431431433,0.02964889384834102,0.005927423898608358,0.4370241695875511
DJI_20250929100715_0597_D.JPG,part_one_pre_def_rgb,Pre_Defoliation,0.16663697752670942,0.14360148516322865,6335.080088492355,0.019042528548656963,0.39189560300711274,0.40454171108725995,0.25055084164069774,7.71267621606325,3712.732862862863,0.034219846840841964,0.006307819264942082,0.4900796970730733
DJI_20250929100613_0566_D.JPG,part_one_pre_def_rgb,Pre_Defoliation,0.0963236337982814,0.1301853396643787,4332.426783072577,-0.04558063138243818,0.43226531414033276,0.40509619574229183,0.28160344354596945,7.774387627488652,3796.730924924925,0.029732225949877455,0.0057572949154130835,0.4751800890279638
DJI_20250929100257_0468_D.JPG,part_one_pre_def_rgb,Pre_Defoliation,0.07582357263078655,0.10594879228691641,2274.774544854281,-0.04223209125407377,0.3873254738171581,0.36283745081818003,0.2625258551884154,7.656190735037173,3080.0584614614622,0.03319790306360422,0.006505217628560438,0.4992010738706193
DJI_20250929100203_0441_D.JPG,part_one_pre_def_rgb,Pre_Defoliation,0.0866681175641504,0.11222432912789712,1216.668631669841,-0.02854526163524552,0.41265936422903876,0.3942438319584352,0.28916018212368133,7.5941073792251315,2914.2245275275272,0.03126682525422082,0.006493273059671825,0.4416493807223849
DJI_20250929100049_0404_D.JPG,part_one_pre_def_rgb,Pre_Defoliation,0.08659480293327615,0.10876446326177727,3124.3931100719315,-0.0340720733667318,0.3699579012557623,0.352628870974961,0.2487050377608837,7.608636686302234,3179.7960420420422,0.033590734094518904,0.0067708651874156325,0.4623923806042205
DJI_20250929100611_0565_D.JPG,part_one_pre_def_rgb,Pre_Defoliation,0.10125671340479078,0.12826731896980428,4653.935854706026,-0.041278113475144276,0.4163527912428875,0.3937091437557037,0.26980878286372917,7.742565686823779,3651.254497497497,0.03064616777556607,0.005927976566370409,0.4732387629956453
DJI_20250929095927_0363_D.JPG,part_one_pre_def_rgb,Pre_Defoliation,0.0743852484654431,0.10930709032283616,2159.1792271870186,-0.03778677857773074,0.3814189976401137,0.36100673961406726,0.2662092331225777,7.668071572496303,3374.127812812813,0.03262657578576569,0.006512272335541069,0.4799105871757025
DJI_20250929100625_0572_D.JPG,part_one_pre_def_rgb,Pre_Defoliation,0.08724032333235406,0.1208820307877704,3490.9706309738576,-0.0408246856332664,0.4033377842166986,0.37982351469251485,0.2690689218359771,7.710062608621128,3225.7154094094094,0.032500983500702345,0.006161273864223558,0.5065059690112023
DJI_20250929100451_0525_D.JPG,part_one_pre_def_rgb,Pre_Defoliation,0.09541760351687938,0.1108310489885709,3204.766576815842,-0.03266171523243547,0.3849574641841601,0.36651142795798347,0.2526477882149275,7.639559558247616,3188.6556336336334,0.03329351611759955,0.006579592143477911,0.4748819716899522
DJI_20250929100453_0526_D.JPG,part_one_pre_def_rgb,Pre_Defoliation,0.09684553840762951,0.11206463331651377,3342.0305306311584,-0.033942180012224474,0.403114623867594,0.3828356454571289,0.2657111286390341,7.683655314352662,3346.000046046046,0.03220895385103414,0.006290722040783952,0.47909385835246965
DJI_20250929100209_0444_D.JPG,part_one_pre_def_rgb,Pre_Defoliation,0.0954064675782989,0.12145875242340633,552.0948005982424,-0.015162357836718435,0.43419290260302423,0.4246229951405448,0.31964662009976647,7.578778464478861,2677.8031441441444,0.03190844615877332,0.006574429673205907,0.4582397987073748
DJI_20250929100043_0401_D.JPG,part_one_pre_def_rgb,Pre_Defoliation,0.10801500740167994,0.11500356275587566,4498.455098072226,-0.026726501086327455,0.37840628786827407,0.36516302338948875,0.24390475150902352,7.644093985861998,3333.884941941942,0.033273008803069395,0.006594763135300663,0.4655531303295824
DJI_20250929100015_0387_D.JPG,part_one_pre_def_rgb,Pre_Defoliation,0.11752114690592357,0.12233939668005886,4285.84066483323,-0.02045611339565892,0.4157644525009808,0.40471938088131665,0.27615316235572884,7.71620437595843,3750.859063063063,0.030683119014458395,0.0059724353741679725,0.4467218782422938
DJI_20250929100541_0550_D.JPG,part_one_pre_def_rgb,Pre_Defoliation,0.10648797140650543,0.12592823432068206,4768.029867395969,-0.033140581971631125,0.4156261833600983,0.3969887997022506,0.2718634446378974,7.747208114220659,3865.3521721721727,0.030119164940514424,0.005898905566006839,0.45584786722099135
DJI_20250929100511_0535_D.JPG,part_one_pre_def_rgb,Pre_Defoliation,0.07321883747064412,0.11165335122678251,2342.9440389200167,-0.04504265926672113,0.3978009607840134,0.3717692938199577,0.2725187893852581,7.661535813881603,3317.296179179179,0.03139256324447239,0.006266870755365859,0.45365487500934404
DJI_20250929100513_0536_D.JPG,part_one_pre_def_rgb,Pre_Defoliation,0.07964986152640423,0.11403298866721652,2655.5823758559,-0.04114865844300013,0.41054269217032036,0.3859263159985629,0.28166007830040124,7.697482988716941,3462.140984984985,0.030047627080403698,0.006016450961044321,0.4519652209321101
DJI_20250929100157_0438_D.JPG,part_one_pre_def_rgb,Pre_Defoliation,0.07306215105615123,0.1053453236257801,196.63554095266426,-0.01709820774574286,0.3914622564640036,0.3808946881982257,0.29726496887629644,7.4142857104349496,2151.2886426426426,0.03701001752838144,0.007855057839723213,0.48706174608072156
DJI_20250929100343_0491_D.JPG,part_one_pre_def_rgb,Pre_Defoliation,0.13852745958664742,0.13166308198141885,5812.316152328511,-0.012634045072132012,0.4110506305771689,0.4067155803860289,0.2638530706082414,7.743572792435665,3782.139184184184,0.03126539023887298,0.005952359467966341,0.47556957174332287
DJI_20250929100103_0411_D.JPG,part_one_pre_def_rgb,Pre_Defoliation,0.07115231825180972,0.10442623550996971,2076.2267397491446,-0.041020874914197154,0.3994446888891292,0.37432847290186105,0.27805993866278317,7.6653237667465906,3323.31308008008,0.03167621292014705,0.006320006845769601,0.45792208980809684
DJI_20250929095747_0313_D.JPG,part_one_pre_def_rgb,Pre_Defoliation,0.09441275468808107,0.11123094212596152,3380.633766449167,-0.031590103710741606,0.39023095629464216,0.3727476046298349,0.2608514982769466,7.681653493400304,3617.9755225225226,0.03095340524329156,0.006258244608957492,0.4398057099641169
DJI_20250929100317_0478_D.JPG,part_one_pre_def_rgb,Pre_Defoliation,0.08403503357941516,0.10810116887653677,2879.7934670564246,-0.03627368644089677,0.3773712874822693,0.35780529075925493,0.2542042604568254,7.65572508652164,3204.650911911912,0.03433772169075071,0.006662987498818862,0.4994612923712945
DJI_20250929100533_0546_D.JPG,part_one_pre_def_rgb,Pre_Defoliation,0.09731551879798402,0.12497940304490675,4234.588108019232,-0.03789228330923965,0.42140703712314964,0.40003076999099424,0.2813389840608547,7.778313383788964,4047.704444444444,0.029354552796906318,0.005747685860379503,0.4538014664133192
DJI_20250929100349_0494_D.JPG,part_one_pre_def_rgb,Pre_Defoliation,0.13088924076156797,0.1272146552489074,5093.612832403966,-0.012679211508483315,0.40144226663380367,0.39610591938387024,0.25988033137236877,7.715582477417682,3606.3473443443445,0.0320677541445119,0.006139837906771916,0.47738072443085955
DJI_20250929100841_0637_D.JPG,part_one_pre_def_rgb,Pre_Defoliation,0.10670242730943527,0.09841057883436455,1808.4926026066196,-0.01426945201858243,0.4101248194263458,0.4021826319460591,0.2875380171563371,7.649400517215337,3389.902084084084,0.02810147284551084,0.005949706136206335,0.38704593336613896
DJI_20250929100109_0414_D.JPG,part_one_pre_def_rgb,Pre_Defoliation,0.08656932755407523,0.11445243631472761,2725.7411866066286,-0.03802101045895582,0.42096368017593405,0.3975817808279668,0.28763055392592435,7.711644341992479,3583.153377377377,0.030652914832848502,0.006046315680535053,0.45747752695513244
DJI_20250929100739_0609_D.JPG,part_one_pre_def_rgb,Pre_Defoliation,0.15142010026963262,0.13094467486639227,4662.327758173469,0.011993136485217873,0.3938315551578354,0.4023960897937322,0.25954052415999646,7.696429050995467,3804.558324324325,0.03422734997216904,0.006453105841952376,0.48956930428294176
DJI_20250929100439_0519_D.JPG,part_one_pre_def_rgb,Pre_Defoliation,0.11484441734149921,0.13247072627565487,728.5793762193465,0.0019396929050618417,0.4242814539104241,0.42822249719433075,0.3173191231367382,7.68050417674677,3115.459997997998,0.03145090890164646,0.006144590688847566,0.4894201086275265
DJI_20250929100531_0545_D.JPG,part_one_pre_def_rgb,Pre_Defoliation,0.09204986619000328,0.11725807013304453,3751.1809706125428,-0.03725092059402039,0.39419381767475503,0.37452736657751007,0.2628110492902618,7.705653789834406,3560.4034354354353,0.030749116299706423,0.0061285199236154764,0.4602662736533862
DJI_20250929100021_0390_D.JPG,part_one_pre_def_rgb,Pre_Defoliation,0.12458242220425872,0.1264277072793286,3973.0164963714155,-0.018459741203027544,0.4211030027570056,0.4122814243968262,0.27887742383238795,7.716505469545018,3702.9869209209205,0.03010519925663996,0.005931290942474185,0.4479294214065624
DJI_20250929100559_0559_D.JPG,part_one_pre_def_rgb,Pre_Defoliation,0.11799239288892012,0.12769845978928623,5728.247836046372,-0.023359947415589964,0.39517817971092595,0.3832965654357769,0.25342255827170773,7.713155672749591,3554.7972962962963,0.03168185585062072,0.006140074089058571,0.47571967193822007
DJI_20250929095937_0368_D.JPG,part_one_pre_def_rgb,Pre_Defoliation,0.08015597448342945,0.10973996589826897,3095.416890216108,-0.03928373652749962,0.37736311473144574,0.3554933738593332,0.25346765850379127,7.659860271421321,3246.1477507507507,0.03414563767151521,0.006591981415610068,0.4899558672919298
DJI_20250929100859_0646_D.JPG,part_one_pre_def_rgb,Pre_Defoliation,0.13468412959218065,0.09940540788625275,2549.413451230381,-0.0023051406937096472,0.41618182020947,0.41640028222659603,0.2819346146515413,7.633682006698489,3462.5915065065064,0.027183536322987138,0.005855055299777649,0.3550670106897821
DJI_20250929100415_0507_D.JPG,part_one_pre_def_rgb,Pre_Defoliation,0.12788533925918316,0.12896843680594364,4282.15635371933,-0.011058730076188152,0.4067427967295629,0.40337248860309516,0.27211684121744417,7.714949882738537,3931.842117117117,0.03197898785494073,0.0060789386439228125,0.44760726644704896
DJI_20250929100655_0587_D.JPG,part_one_pre_def_rgb,Pre_Defoliation,0.10535275865026279,0.128003711526886,1349.8328291163245,0.003113602636331767,0.380909046601145,0.3825139817853789,0.27876615831935003,7.63733156793281,2820.3045505505506,0.03613458380189818,0.00680287184589258,0.535800041186887
DJI_20250929100721_0600_D.JPG,part_one_pre_def_rgb,Pre_Defoliation,0.14246811573926382,0.13592870464553256,4359.028345392718,0.007327145141276948,0.3880857050475612,0.3958412135766155,0.261128606366406,7.699528426776215,3767.491286286286,0.03451363759743923,0.006420663135945966,0.4853705876033005
DJI_20250929100421_0510_D.JPG,part_one_pre_def_rgb,Pre_Defoliation,0.16122139565373594,0.13782363525352115,6109.303484909471,0.00461688790304263,0.41434222770288986,0.42045242561972546,0.26534122788282516,7.72499408711838,3932.068742742743,0.031099206278562205,0.005957250050779037,0.4469914090182419
DJI_20250929100853_0643_D.JPG,part_one_pre_def_rgb,Pre_Defoliation,0.12813524921642525,0.097617189820482,2391.3228621432404,-0.0019686493068993916,0.41657644986863823,0.4156119006186291,0.28651210215219464,7.66055499354483,3485.3740020020023,0.027734061698107583,0.00580101900455091,0.37619017086000317
DJI_20250929100039_0399_D.JPG,part_one_pre_def_rgb,Pre_Defoliation,0.1116290236871781,0.11836505565747248,4982.327190460119,-0.028475871746171822,0.37962318025764097,0.3660360416227342,0.24081987930064938,7.64076417568675,3303.455184184184,0.03319150279330673,0.006577521403373451,0.46446747050845383
DJI_20250929100247_0463_D.JPG,part_one_pre_def_rgb,Pre_Defoliation,0.08412918946648426,0.12187367583412381,3070.7787404299474,-0.044860119923871365,0.40684844790016383,0.38113798801072046,0.2712983386547927,7.676046598129418,3154.0618048048045,0.031012747159152823,0.006235423974660857,0.4854186201755077
DJI_20250929095913_0356_D.JPG,part_one_pre_def_rgb,Pre_Defoliation,0.08306823157074823,0.11240025499334758,2760.0592187471834,-0.037874642853885455,0.3806116681896584,0.36231091734270077,0.2609419349249949,7.671627282549086,3434.7446496496495,0.03280840454801272,0.00652257083646495,0.48038124382823866
DJI_20250929100245_0462_D.JPG,part_one_pre_def_rgb,Pre_Defoliation,0.08337670067414163,0.12045074234766757,2881.1284862900493,-0.037479164701655125,0.37634188397836693,0.35615953631659486,0.25260048798068113,7.605494346656614,2847.214281281281,0.033061008384257615,0.0067202613165272575,0.4956383887194715
DJI_20250929100723_0601_D.JPG,part_one_pre_def_rgb,Pre_Defoliation,0.14151945633249163,0.13440465428933263,5168.967069247087,-0.006194858742281942,0.4076632100085492,0.4083249668291191,0.26746726731719744,7.7304441983774455,3969.308365365365,0.033161901573127366,0.006179422695076296,0.4808202210807577
DJI_20250929100905_0649_D.JPG,part_one_pre_def_rgb,Pre_Defoliation,0.1310039399526701,0.0962675598545314,2737.738546148225,-0.009098088516336719,0.4343666171619245,0.42941072572209943,0.29345089432960425,7.6672421736004335,3652.7312672672674,0.025939526780933614,0.005661392954830801,0.34866832469647946
DJI_20250929100423_0511_D.JPG,part_one_pre_def_rgb,Pre_Defoliation,0.15035772226668034,0.13466089617802396,5252.983233548785,0.0026397378472915165,0.3945173552346759,0.3993521324062609,0.2538291873111655,7.67872193854692,3642.837812812813,0.032630857297053124,0.006256243283269833,0.4494676907583922
DJI_20250929100851_0642_D.JPG,part_one_pre_def_rgb,Pre_Defoliation,0.11124159388147818,0.0937079134651659,2095.9972745481627,-0.005642523118997348,0.38504082413981,0.3813332176445355,0.2663840172677828,7.590441390038392,3078.8865065065065,0.029845842417829168,0.006246131747686491,0.39462431325921943
DJI_20250929095911_0355_D.JPG,part_one_pre_def_rgb,Pre_Defoliation,0.08342869529771035,0.10985821740387527,3042.052428870135,-0.03933062570333603,0.3677470443971626,0.3493891811711356,0.2476026226473983,7.635241409101331,3259.4779889889887,0.0334919129266969,0.0067747004166165215,0.4848196474846879
DJI_20250929100119_0419_D.JPG,part_one_pre_def_rgb,Pre_Defoliation,0.07567387335407245,0.10565503787560433,2531.5204389308988,-0.04474812041041082,0.38576373061940405,0.3609721444955713,0.2605066850176661,7.625308734316992,3142.4143893893893,0.03222857609544097,0.006546306508534293,0.46041077177826034
DJI_20250929100359_0499_D.JPG,part_one_pre_def_rgb,Pre_Defoliation,0.1472285182686918,0.12971139141659896,6874.503281339458,-0.007103061210930917,0.4232805554353984,0.4196220259981004,0.2687349782921104,7.75452973106672,3985.3688298298302,0.03193296575005981,0.005906398963147939,0.4708684408480129
DJI_20250929100429_0514_D.JPG,part_one_pre_def_rgb,Pre_Defoliation,0.14108371753579332,0.13776999070086338,4884.657370459042,-0.0032233926918909645,0.3966789041082928,0.39756111530159144,0.2573596089590967,7.683800719276686,3608.4485615615613,0.032245015418683076,0.006220774942378688,0.4515472236241193
DJI_20250929100729_0604_D.JPG,part_one_pre_def_rgb,Pre_Defoliation,0.15660007708080628,0.13386283874208904,6190.716210790919,0.002065162021374168,0.3932564979104673,0.3992155082917439,0.24857444159221428,7.6946328973354765,3827.1713883883886,0.034044485209303386,0.0064078896321664676,0.4783437636845303
DJI_20250929100637_0578_D.JPG,part_one_pre_def_rgb,Pre_Defoliation,0.08883382800526529,0.11826743627424889,373.5891120513364,0.0028250457767017437,0.40675300032382344,0.4073352692526286,0.31908371017616843,7.613492965641456,2384.0373933933934,0.03550961434376649,0.006776574873197897,0.5619221386894641
DJI_20250929100809_0621_D.JPG,part_one_pre_def_rgb,Pre_Defoliation,0.09805130781285765,0.097732780219039,2512.4149160976435,-0.015498652520505843,0.38358438853833043,0.37330996183058207,0.264984227309976,7.601044956894569,3109.3700010010007,0.029990630937683907,0.006361092518786934,0.4086321386769896
DJI_20250929100549_0554_D.JPG,part_one_pre_def_rgb,Pre_Defoliation,0.10055933581187476,0.12270152035460462,4449.660383024465,-0.0354172777952939,0.40888728404006763,0.38926653715228776,0.26908645445263313,7.715991974508843,3597.456725725726,0.030234720287380563,0.005954161075768633,0.4538873014788276
DJI_20250929100023_0391_D.JPG,part_one_pre_def_rgb,Pre_Defoliation,0.11957779070969013,0.12691091678540764,4520.754762051967,-0.03117849183691633,0.4422785573347825,0.42485198348650366,0.2878476189285347,7.745598032555003,3893.3667197197196,0.029694518379228187,0.005774862355191472,0.4483871914162032
DJI_20250929100333_0486_D.JPG,part_one_pre_def_rgb,Pre_Defoliation,0.12052830598106204,0.12660475190553339,4686.9788632133805,-0.017012755011486625,0.3783783781804844,0.3722042530972005,0.24550182203285456,7.667678029330863,3431.910790790791,0.03350646470480835,0.006534819203327537,0.4831862729079389
DJI_20250929100331_0485_D.JPG,part_one_pre_def_rgb,Pre_Defoliation,0.11966373066446298,0.1280710198344787,4556.298375437387,-0.02049864136769337,0.3940381783171031,0.38547863057806997,0.2572553521745739,7.7005899330768,3616.997682682683,0.03258068261242242,0.006303517941796203,0.478461856023744
DJI_20250929095745_0312_D.JPG,part_one_pre_def_rgb,Pre_Defoliation,0.09940070480424298,0.11310022424321522,3612.4452702311332,-0.0275314054888447,0.3765443855599353,0.361980372180738,0.2480156539972977,7.645467167900539,3464.312215215215,0.03197009749023417,0.006500227084598702,0.44136319738344737
DJI_20250929100341_0490_D.JPG,part_one_pre_def_rgb,Pre_Defoliation,0.1318347030496483,0.13016522895799024,5594.83833475949,-0.015519584357252628,0.399141290604853,0.39399528653573146,0.2570145794169615,7.716704473672668,3695.9632152152153,0.031718599253670876,0.006121584731542256,0.47020205537633647
DJI_20250929100101_0410_D.JPG,part_one_pre_def_rgb,Pre_Defoliation,0.06957574127944526,0.10960100816088739,2418.9761637602965,-0.04840582983706361,0.4217827848385119,0.3913225878679137,0.29128664961787026,7.719990518392375,3634.7851991991993,0.030497626975466725,0.006000229496049006,0.45291098707436467
DJI_20250929100543_0551_D.JPG,part_one_pre_def_rgb,Pre_Defoliation,0.10800731471618583,0.12106209425078285,4859.508820802521,-0.027610029443852952,0.3903704531035689,0.37560184909825073,0.2528259303767467,7.684076834361926,3500.282241241241,0.031224727752892895,0.006231343028773858,0.45584785865329785
DJI_20250929100029_0394_D.JPG,part_one_pre_def_rgb,Pre_Defoliation,0.10641471084634484,0.1183562929140558,1812.7550675207494,-0.020364708921254308,0.4033673299190682,0.39328339452335764,0.2767847482813023,7.641812533541734,3216.1755515515515,0.03139466936354752,0.006366563769831921,0.45317518161080383
DJI_20250929095917_0358_D.JPG,part_one_pre_def_rgb,Pre_Defoliation,0.07696297436537503,0.11512542080505762,2508.448833636465,-0.04168532385612075,0.40284931333197554,0.3803424818352441,0.2808726759731377,7.724757045560414,3729.456458458458,0.03116057429665939,0.00616548131182417,0.47083570269901426
DJI_20250929100605_0562_D.JPG,part_one_pre_def_rgb,Pre_Defoliation,0.11978807734755512,0.13465993654176636,5812.25949679183,-0.032373961459292305,0.4285515266866007,0.4112777330192426,0.2742158620043293,7.766544108141565,3866.802190190191,0.030008234539552512,0.005769848829898775,0.46758889495284195
DJI_20250929095943_0371_D.JPG,part_one_pre_def_rgb,Pre_Defoliation,0.09455066955314159,0.11584045414021359,3549.4298684773203,-0.03286487354016189,0.38488707819586454,0.36762920403553767,0.25582066032206924,7.683555097001442,3400.4245315315316,0.03360687969337195,0.006509248286568821,0.494541995292366
DJI_20250929100901_0647_D.JPG,part_one_pre_def_rgb,Pre_Defoliation,0.13368337699543462,0.09896496628311499,2416.890074141598,-0.0033058276808302063,0.43039540392174885,0.4297373973182127,0.295396013719242,7.667922184841071,3663.5209579579578,0.026423633263143544,0.00566456233486973,0.3504198291747931
DJI_20250929100229_0454_D.JPG,part_one_pre_def_rgb,Pre_Defoliation,0.09535667652405816,0.11479242346548625,2858.1524240773147,-0.0314884387416996,0.3881326849879272,0.37112360088273444,0.25875784025348353,7.639647988817078,3079.044237237237,0.03260853841192532,0.0065708346928874985,0.4851961837808454
DJI_20250929100759_0616_D.JPG,part_one_pre_def_rgb,Pre_Defoliation,0.12543365219283778,0.11496794794783945,3274.9203954188933,-0.007736077034048434,0.394399623953206,0.39088475533302447,0.26193623452000525,7.593774238064572,3229.818984984985,0.028850298947103864,0.006248622650213766,0.3723296297785741
DJI_20250929100719_0599_D.JPG,part_one_pre_def_rgb,Pre_Defoliation,0.17965802545318768,0.1438896805261933,7657.880376351687,0.022628376306271708,0.3942187726233368,0.410216020574207,0.24655524307188945,7.7194492726751065,3844.9627307307305,0.03379905558835205,0.006277779074617814,0.48519517815002383
DJI_20250929100223_0451_D.JPG,part_one_pre_def_rgb,Pre_Defoliation,0.09314701278832456,0.11445891227580149,3272.392387866273,-0.03686586930006223,0.38530065137937397,0.36532647296133886,0.25220528175497914,7.641720387647699,3019.064981981982,0.03315951186277157,0.0066288553691634475,0.5029714394199127
DJI_20250929100753_0613_D.JPG,part_one_pre_def_rgb,Pre_Defoliation,0.12433043202650428,0.11866845085173845,3336.9337004000677,-0.011193929170539485,0.4199456649406093,0.4145144401097756,0.2847527832524375,7.662701435482647,3610.5135055055052,0.027618085349350223,0.005824114800216338,0.3591877766742498
DJI_20250929100633_0576_D.JPG,part_one_pre_def_rgb,Pre_Defoliation,0.09837493136023291,0.1214474131792604,2164.575197292611,-0.02151450456124693,0.4068694562498836,0.3922798557828929,0.2793153239556692,7.699613699930263,3007.871226226226,0.033426371387538636,0.006306501617643814,0.533590367195603
DJI_20250929100631_0575_D.JPG,part_one_pre_def_rgb,Pre_Defoliation,0.0969252857637218,0.12085982004177916,2799.2093280913305,-0.029135084279694058,0.40034987694406743,0.3827327107766537,0.26819025884551817,7.691288668786697,3135.0462702702703,0.03344672158386847,0.006319764386777949,0.5110471787891084
DJI_20250929100445_0522_D.JPG,part_one_pre_def_rgb,Pre_Defoliation,0.10587482209233236,0.12235507624509188,3327.905210922782,-0.02940095373484304,0.41398337915075334,0.3969322315974832,0.27400626195188066,7.710267666452817,3552.33511011011,0.0314887479088967,0.006154240650257722,0.47554106398086315
DJI_20250929095949_0374_D.JPG,part_one_pre_def_rgb,Pre_Defoliation,0.09920817100854497,0.11448342384194053,4132.432423973567,-0.031390791191800174,0.37419866901934346,0.35971092294502754,0.24601500586216654,7.656796772053729,3349.5292952952955,0.03337110335785596,0.006598225034859578,0.48259538886421466
DJI_20250929100123_0421_D.JPG,part_one_pre_def_rgb,Pre_Defoliation,0.08183799347787037,0.10659474819514266,2629.9039757197565,-0.03893945292639754,0.3947258560370252,0.37113249307444274,0.26570113663399,7.648220140501664,3197.6166626626627,0.03145140899128199,0.006384262946333153,0.46124475554685546
DJI_20250929100337_0488_D.JPG,part_one_pre_def_rgb,Pre_Defoliation,0.13110945388128592,0.12927007838262633,6001.165639647634,-0.015389006679311644,0.38311524492981924,0.3783707630338957,0.24251682725668627,7.68269908384476,3502.0423143143144,0.032651344120507166,0.006373629710629631,0.47812963892113264
DJI_20250929095829_0334_D.JPG,part_one_pre_def_rgb,Pre_Defoliation,0.0900659108857564,0.1179105974413415,3634.6475124935064,-0.041594708532464164,0.4039365467783767,0.38173048813237953,0.2694585186006259,7.71806530556263,3734.369948948949,0.03014186215396289,0.006070537744350385,0.4538089986221873
DJI_20250929095847_0343_D.JPG,part_one_pre_def_rgb,Pre_Defoliation,0.10017149953709462,0.11296965638917564,3222.9019100783526,-0.015714111295975282,0.3618098038614901,0.35226710729792426,0.2425529111972638,7.63087260381712,3171.192196196196,0.034194382806542675,0.006706182841506719,0.4772161715309588
DJI_20250929100847_0640_D.JPG,part_one_pre_def_rgb,Pre_Defoliation,0.11014098356580738,0.09355444001074616,2019.4051064901676,-0.006200745850151551,0.385548709602418,0.381648957569209,0.26760822197019263,7.596577686118822,3090.5086496496497,0.029627229904446814,0.006244767790108773,0.3991674692886077
DJI_20250929095823_0331_D.JPG,part_one_pre_def_rgb,Pre_Defoliation,0.08573927882885238,0.10822924263284799,3567.7030990281232,-0.03959520886918828,0.3691551163736935,0.34950899173439026,0.24412358826623456,7.625315780820394,3271.7742182182183,0.03237178587445048,0.006683656998265999,0.46258287196603365
DJI_20250929100817_0625_D.JPG,part_one_pre_def_rgb,Pre_Defoliation,0.11590558006761244,0.10863908064886267,2709.0437060864824,-0.00968168046070873,0.4005885634733104,0.3940282980206514,0.27156245250038,7.6319957265045275,3256.000147147148,0.029020881375886584,0.0061342731014897645,0.39916778536681885
DJI_20250929100701_0590_D.JPG,part_one_pre_def_rgb,Pre_Defoliation,0.138342836449008,0.13817074127093001,3553.9744105539426,0.0032480541124906043,0.4246638125215156,0.4256431724534346,0.2882796959363455,7.755309153986432,3671.2807697697694,0.0324926564864539,0.0059686721697453215,0.49887190451871344
DJI_20250929100129_0424_D.JPG,part_one_pre_def_rgb,Pre_Defoliation,0.10173552215337218,0.11074645147795431,3898.92478646388,-0.024821801337606864,0.37433990322543825,0.3595423400347975,0.2430092546907846,7.6180373396189225,3022.0194644644644,0.03275549215709459,0.006574512164121545,0.466759782894092
DJI_20250929100151_0435_D.JPG,part_one_pre_def_rgb,Pre_Defoliation,0.08230754393095291,0.10886468705552423,719.7547692281692,-0.020959986509200616,0.3894950076960649,0.37670368501676493,0.2816048184065121,7.519466578659003,2627.549309309309,0.03367976262507856,0.007059631112494303,0.45463798470671474
DJI_20250929100153_0436_D.JPG,part_one_pre_def_rgb,Pre_Defoliation,0.08365260625345826,0.1115005200528988,195.09196782263476,-0.012821646791815694,0.4210298146666211,0.41301341043817097,0.3213443999562628,7.508578816055437,2510.581054054054,0.033478616653241214,0.007080033023111481,0.45929756856956944
DJI_20250929100517_0538_D.JPG,part_one_pre_def_rgb,Pre_Defoliation,0.07279934748664303,0.10951864190914218,2685.3532917709063,-0.04567324643031891,0.3923062691387797,0.36572506592872156,0.26634451523202046,7.6514810015947345,3175.2200110110107,0.03101216057597645,0.006282582049091753,0.4592241455100994
DJI_20250929100239_0459_D.JPG,part_one_pre_def_rgb,Pre_Defoliation,0.10637609346753683,0.1279300026638263,2080.48202111845,-0.02097118838483045,0.4301632090698215,0.41703268240454866,0.297526062271739,7.698588684145358,3280.688371371372,0.029672711474835006,0.006012772464678111,0.4664022085041319
DJI_20250929100815_0624_D.JPG,part_one_pre_def_rgb,Pre_Defoliation,0.10092629365684443,0.10189395317374933,2459.8277179767942,-0.011690955194057414,0.37273088157191975,0.3651557054440797,0.2566542356593954,7.574425923525972,2994.0579299299297,0.03082239902975467,0.006532974002618444,0.41414233543184664
DJI_20250929100703_0591_D.JPG,part_one_pre_def_rgb,Pre_Defoliation,0.14518029184817907,0.13661342843214275,4529.506877160764,0.007297940824167045,0.40042760922734755,0.4038424842008378,0.2620770673261491,7.72032623918033,3568.557234234235,0.0342462091218842,0.006287273342424253,0.4996838485964249
DJI_20250929095821_0330_D.JPG,part_one_pre_def_rgb,Pre_Defoliation,0.09092841105097246,0.11266473933336248,3204.4833795013046,-0.03535051030297183,0.39379378695207595,0.3748960749618351,0.2650699519206218,7.685976372230382,3577.765123123123,0.03071994408547077,0.006273396899751758,0.4559796554762899
DJI_20250929095815_0327_D.JPG,part_one_pre_def_rgb,Pre_Defoliation,0.1110696659090759,0.12119489143861419,3087.7902554221464,-0.018562859977963322,0.3990148291560703,0.3893418411348361,0.2685991872045261,7.682107422666499,3675.4761471471475,0.030838119514913234,0.006259684065954649,0.434704584679418
DJI_20250929100537_0548_D.JPG,part_one_pre_def_rgb,Pre_Defoliation,0.11080800721183165,0.12957544128125495,4960.149027599991,-0.031200974525841852,0.4258086690148375,0.4082366282374089,0.2798565802481485,7.782510301922783,4112.770722722722,0.02956847849373242,0.005718258761900587,0.45102702077145135
DJI_20250929100313_0476_D.JPG,part_one_pre_def_rgb,Pre_Defoliation,0.07739725287731296,0.10793497942991195,2971.4135392055705,-0.044814081629626044,0.38621089035240286,0.36138189818394495,0.25915565313817407,7.6698060112585935,3262.318114114114,0.03364932670733023,0.006521263161348874,0.4944086558297592
DJI_20250929100709_0594_D.JPG,part_one_pre_def_rgb,Pre_Defoliation,0.14939614164904863,0.13906566881774676,4967.300236611375,0.014425778697216283,0.38456019407180714,0.3925844252238077,0.25121251472675965,7.698926878005829,3538.741256256256,0.03484113191999902,0.006424665663007997,0.49699565010249047
DJI_20250929095845_0342_D.JPG,part_one_pre_def_rgb,Pre_Defoliation,0.10886425892782581,0.11609197189449848,4170.796494951638,-0.021268057939050174,0.38424660139280153,0.3714869271658475,0.24986299401106765,7.6855089115928825,3411.5240960960964,0.03258402088365668,0.006363780866444517,0.4767931568112086
DJI_20250929100845_0639_D.JPG,part_one_pre_def_rgb,Pre_Defoliation,0.10848114013506865,0.09471854528988628,1862.1960759269266,-0.010635854803805151,0.40520361923073,0.39889208750954497,0.2840994156532914,7.63989532085685,3318.7162122122127,0.0283225702420498,0.005984336492396229,0.38903554946143676
DJI_20250929100121_0420_D.JPG,part_one_pre_def_rgb,Pre_Defoliation,0.07398915983573318,0.10260306425125526,2329.485525404229,-0.04180272789847115,0.3716313744490044,0.3483735756497347,0.2511266170147318,7.582955257192976,2968.634148148148,0.03301997273918303,0.006799279533461329,0.4604376827585693
DJI_20250929095959_0379_D.JPG,part_one_pre_def_rgb,Pre_Defoliation,0.10111574823804571,0.1149689595020962,4544.353955263159,-0.036545620629774296,0.4044003514671487,0.38542566718754784,0.2653352346699013,7.720216898059982,3767.8950920920925,0.03124097112915957,0.006151499496151834,0.4678730105882797
DJI_20250929100311_0475_D.JPG,part_one_pre_def_rgb,Pre_Defoliation,0.07436049421683677,0.10903382542709081,2949.5297242606703,-0.04784739016957176,0.398791008130433,0.3713031310472837,0.2694547597472975,7.698941260499901,3376.122976976977,0.032574093744921165,0.006306693427589231,0.49215650560217283
DJI_20250929095931_0365_D.JPG,part_one_pre_def_rgb,Pre_Defoliation,0.08167416728847987,0.11214158805253828,3255.558616763673,-0.04408546059499301,0.4079322559293044,0.3814022274580697,0.2731980316983551,7.735579249130621,3686.041976976978,0.031580871413809296,0.006144244276044834,0.48210799534563703
DJI_20250929100447_0523_D.JPG,part_one_pre_def_rgb,Pre_Defoliation,0.09695902213414703,0.11553271705591156,3128.8815586094647,-0.030560980663358037,0.3828614234821299,0.3665205315511626,0.25322061748604824,7.644908734565703,3259.329811811812,0.033747932472916846,0.0066135194897605646,0.4781754239867887
DJI_20250929095839_0339_D.JPG,part_one_pre_def_rgb,Pre_Defoliation,0.0887790046197417,0.10863617393792845,2813.9723409005437,-0.031232465117240153,0.37894377122651,0.36134247762974425,0.2549621794132366,7.6591632328367885,3306.538195195195,0.03285230964937519,0.006522081996539571,0.47449679696592534
DJI_20250929100221_0450_D.JPG,part_one_pre_def_rgb,Pre_Defoliation,0.08141033149402789,0.10916408700857001,2612.611946978823,-0.039888535572270484,0.3638538724694155,0.3426785978202293,0.2400929916770152,7.575466581380423,2738.659013013013,0.03521169289142434,0.007087761387533566,0.5099631976054914
DJI_20250929095933_0366_D.JPG,part_one_pre_def_rgb,Pre_Defoliation,0.07873494374693224,0.10682460411272098,2837.69862090597,-0.03932216941154728,0.38774267124044826,0.3649648696189877,0.2634521242505949,7.684412588018727,3346.639516516517,0.03284574984764384,0.006404701388789273,0.48659257205798784
DJI_20250929100055_0407_D.JPG,part_one_pre_def_rgb,Pre_Defoliation,0.07914582334527095,0.10673185964919886,2554.5880900728603,-0.0398103266026375,0.39709669687267,0.37339047631492467,0.2705384324119083,7.65308098735173,3311.02576976977,0.031840592141266,0.006372776235017692,0.4537048981087481
DJI_20250929100751_0612_D.JPG,part_one_pre_def_rgb,Pre_Defoliation,0.1260173842225863,0.1181950380449926,3138.1042571266116,-0.005472824829127226,0.4027285324998033,0.40159409212868596,0.27444226753498224,7.6274508655100535,3426.5257957957956,0.028621174112225877,0.006019447754469367,0.3646251759418699
DJI_20250929100215_0447_D.JPG,part_one_pre_def_rgb,Pre_Defoliation,0.07917980735205501,0.11041623982406827,2246.297169140967,-0.04218580690023076,0.3933436219763206,0.36853918072805614,0.2645549321277367,7.6225841079638625,2850.9524294294297,0.03297417100670857,0.006650719841998992,0.5028537752265418
DJI_20250929095941_0370_D.JPG,part_one_pre_def_rgb,Pre_Defoliation,0.08285699268753677,0.11268886663843844,3242.628753340818,-0.03999536652355925,0.37002327744223895,0.34933545647247466,0.24579064281517368,7.638425625921688,3195.5186996997,0.03500808614855455,0.00681098952186506,0.4946461351018025
DJI_20250929100139_0429_D.JPG,part_one_pre_def_rgb,Pre_Defoliation,0.09298305142214988,0.1162773082423022,3273.2176369114927,-0.031371284168319365,0.3880362555024461,0.3705233232146,0.2600273395046041,7.664760394708416,3346.2506396396393,0.0318207072822397,0.006353781725388869,0.46043851599003394
DJI_20250929100325_0482_D.JPG,part_one_pre_def_rgb,Pre_Defoliation,0.1132384544382143,0.1219646126412876,4440.3699765032825,-0.02179990564215759,0.39005256593322746,0.3793506614200051,0.2554103024685684,7.6951870500789825,3568.5259219219215,0.03264932016788532,0.006364298869152178,0.47966641804716764
DJI_20250929100803_0618_D.JPG,part_one_pre_def_rgb,Pre_Defoliation,0.11828440346785525,0.10627404303195669,3167.249766345509,-0.010427073040981727,0.38910425329245585,0.38315762191293773,0.2589265870655643,7.590575147053447,3132.018079079079,0.02924007159615404,0.006347426396098336,0.39182384147074956
DJI_20250929100009_0384_D.JPG,part_one_pre_def_rgb,Pre_Defoliation,0.1061948356685874,0.11541233606721066,4328.002174237105,-0.029417688817576476,0.40099929719336946,0.38616408858254825,0.26513404430313964,7.7085106096906655,3629.4027027027028,0.031746648763339526,0.006180262501993139,0.47069426793194796
DJI_20250929100527_0543_D.JPG,part_one_pre_def_rgb,Pre_Defoliation,0.08177155559040113,0.11372398369222528,3384.115400754641,-0.04326117691994958,0.3837289614232493,0.36065435063476015,0.2558081842558698,7.659871292861512,3229.0886656656658,0.031728783847800625,0.0063229527107383525,0.466911064068881
DJI_20250929100003_0381_D.JPG,part_one_pre_def_rgb,Pre_Defoliation,0.11114003744096528,0.11649019590519082,4626.503799260362,-0.027420724400238163,0.408549027981294,0.3942160886131883,0.2687431118041174,7.72690760393706,3767.683936936937,0.030872269088590858,0.006070517565730963,0.4677137821801663
DJI_20250929095753_0316_D.JPG,part_one_pre_def_rgb,Pre_Defoliation,0.0897874833206868,0.10612105809660699,3343.033175953636,-0.03518332314179709,0.3759391613602269,0.3574121976095338,0.2490977505381538,7.6374452626425295,3438.181063063063,0.03171658619743727,0.0065275636009189154,0.43966684292865915
DJI_20250929100507_0533_D.JPG,part_one_pre_def_rgb,Pre_Defoliation,0.07642170549394497,0.11351762019878359,2167.5012443833884,-0.03878178078443603,0.4006002172140726,0.37695955683342675,0.27689719095883597,7.671041934629805,3309.417074074074,0.03178384054407867,0.006265864133991251,0.46640829884093915
DJI_20250929100115_0417_D.JPG,part_one_pre_def_rgb,Pre_Defoliation,0.07798579081723077,0.10821942918430677,2672.0810641966705,-0.04495658396731521,0.3962836860546222,0.3705344615938725,0.2667994463158919,7.6495001468518415,3266.144461461461,0.03188759526801113,0.006422636824333974,0.461117516477247
DJI_20250929100355_0497_D.JPG,part_one_pre_def_rgb,Pre_Defoliation,0.1426090961133971,0.12975827522123104,6736.0776615097675,-0.010080982364351884,0.42043787383890646,0.41560432076820064,0.2681616715840977,7.756560703970062,3940.9810020020022,0.031354306455516026,0.005891532279045705,0.471147650561167
DJI_20250929095751_0315_D.JPG,part_one_pre_def_rgb,Pre_Defoliation,0.0926023077981384,0.10977432856274875,3747.848062958988,-0.03748291836303879,0.39554914179263645,0.37469080263168175,0.2612301556725886,7.693385929259115,3691.9614354354353,0.030547343489415374,0.006208266190783233,0.4425611467059363
DJI_20250929100253_0466_D.JPG,part_one_pre_def_rgb,Pre_Defoliation,0.07437740126537486,0.10877894657291153,1980.3690682091344,-0.044287845260033695,0.396750078815575,0.3710780134509912,0.2710285468210325,7.669543777102157,3118.4634144144143,0.032532235191237706,0.006384682613880497,0.4972214837061743
DJI_20250929100617_0568_D.JPG,part_one_pre_def_rgb,Pre_Defoliation,0.08514475030444815,0.12416395169859211,3380.2665376081645,-0.04552854729944961,0.42003582372526793,0.3932886234242142,0.28139667281871233,7.742408352978187,3467.438920920921,0.030691053429271302,0.005897655670049119,0.48891813807932233
DJI_20250929095905_0352_D.JPG,part_one_pre_def_rgb,Pre_Defoliation,0.08758843546840558,0.11080541796422043,3351.154610126238,-0.036320640965003,0.3725186446334516,0.35424917913897797,0.24839127817609868,7.648042132275618,3251.7683793793794,0.03333419847003402,0.006667904050592764,0.48932773120461653
DJI_20250929100649_0584_D.JPG,part_one_pre_def_rgb,Pre_Defoliation,0.10524397888808983,0.12450507825810431,681.5416748152281,0.004845075598328506,0.40434156608762944,0.4059823135446537,0.30237908211358816,7.654729059913338,2693.6612942942947,0.03370515041648845,0.006454520082714658,0.5377120352533108
DJI_20250929100409_0504_D.JPG,part_one_pre_def_rgb,Pre_Defoliation,0.1253722252336606,0.1274278648984542,4301.792160439156,-0.017008752823209038,0.4203076548510142,0.4137127610488998,0.28174564201312474,7.738445754011403,4061.5351551551557,0.03151071035192268,0.005951800646690458,0.45360667078639527
DJI_20250929100829_0631_D.JPG,part_one_pre_def_rgb,Pre_Defoliation,0.103868533518135,0.09081507508776135,2946.1629252676003,-0.015739729543623685,0.3848618880021292,0.3729221860098637,0.2571139504994632,7.607970171638376,3000.7087707707706,0.030299145321853245,0.006352195638396813,0.43264910803824597
DJI_20250929100251_0465_D.JPG,part_one_pre_def_rgb,Pre_Defoliation,0.07792668345412129,0.11464296618179702,2599.9029679906603,-0.049099025600132774,0.4157136913655679,0.38648007144994223,0.2793197680801953,7.707539550249278,3306.0230980980978,0.03099880873453887,0.00610739680971253,0.48854360668858327
DJI_20250929100457_0528_D.JPG,part_one_pre_def_rgb,Pre_Defoliation,0.10329181641250428,0.11222740308342136,3339.3162218403218,-0.026648765360603642,0.40186865326223636,0.385105076669268,0.26504968366379555,7.687226374433133,3340.3587317317315,0.03236873650570492,0.00626963897983784,0.4811370062791026
DJI_20250929100643_0581_D.JPG,part_one_pre_def_rgb,Pre_Defoliation,0.09336374454261284,0.11881103069181022,229.17114421090776,0.01143532618489253,0.39465111191165814,0.4011200006743819,0.31422514489449305,7.563720869573626,2309.860820820821,0.03509788358474793,0.006900956693340673,0.5347561165877418
DJI_20250929100403_0501_D.JPG,part_one_pre_def_rgb,Pre_Defoliation,0.15559087499632018,0.12445850953769308,7028.767251092712,-0.0019320608332038572,0.4164746206338649,0.41782439161435325,0.2635832875985214,7.734078711760286,4187.930312312312,0.032053827657147045,0.006036916246825411,0.4501276473121088
DJI_20250929100907_0650_D.JPG,part_one_pre_def_rgb,Pre_Defoliation,0.12756680324027764,0.09492805586755897,2700.244103360272,-0.012269339304714307,0.4264509014263854,0.4195235461436466,0.28502938762063024,7.638595840409274,3503.217856856857,0.026560572456649792,0.005812345778042081,0.348194268844399
DJI_20250929100641_0580_D.JPG,part_one_pre_def_rgb,Pre_Defoliation,0.08244126794021221,0.11618753859238105,327.24283376384,0.0009540077310382637,0.40230652522368754,0.40140455043355705,0.3180613077032143,7.599373654819068,2444.1166376376377,0.03543286912660526,0.006783554614640203,0.5418937219916362
DJI_20250929100401_0500_D.JPG,part_one_pre_def_rgb,Pre_Defoliation,0.1355084971375565,0.12260240676828671,4811.175755608616,-0.0005121011199526499,0.4043182954042297,0.40513881454165757,0.270450836541529,7.7302330649095925,4051.073002002002,0.03245727800760044,0.006085591615957079,0.45145729617761116
DJI_20250929100019_0389_D.JPG,part_one_pre_def_rgb,Pre_Defoliation,0.1192475665925898,0.1253705866924357,3518.536941113105,-0.01954257151127325,0.4233779908614486,0.4132759999777709,0.28392644250150345,7.722994022400095,3722.497910910911,0.03008169500006276,0.0058913442580106985,0.44795071323314195
DJI_20250929100435_0517_D.JPG,part_one_pre_def_rgb,Pre_Defoliation,0.12803821087217862,0.1341894878606648,663.3139745318008,0.015930586939819462,0.3945806389971805,0.4067390632218815,0.290859276574404,7.600864322444533,2844.372878878879,0.03303295040236642,0.006592216370541503,0.47495969171232993
DJI_20250929100735_0607_D.JPG,part_one_pre_def_rgb,Pre_Defoliation,0.15837861342563805,0.13418376422619507,5735.163771352,0.0049925797791012545,0.4091457031881294,0.41546631954019464,0.2634083224666218,7.721183158929776,3964.51481981982,0.03298231618758265,0.006205255182388977,0.48013593564714035
DJI_20250929095907_0353_D.JPG,part_one_pre_def_rgb,Pre_Defoliation,0.08368983318884438,0.1072946738870471,2983.615205497557,-0.03670353726863788,0.35822000975375595,0.34103836797764114,0.24016689301268196,7.607473481832017,3118.519921921922,0.03449756490167353,0.0069348373337607995,0.48692450330073256
DJI_20250929100419_0509_D.JPG,part_one_pre_def_rgb,Pre_Defoliation,0.14366703318349738,0.1334231644700285,5157.955014823884,-0.0041624647531938105,0.4047298809257748,0.40593621694702336,0.2634755197847745,7.705956642930724,3852.7696886886883,0.03182282009863291,0.006089666657211371,0.4463954929403622
DJI_20250929100659_0589_D.JPG,part_one_pre_def_rgb,Pre_Defoliation,0.11412754162393579,0.1318272755447767,1637.9630134088613,0.006145090024620402,0.39385914699243674,0.3975306406343216,0.2870745926522706,7.674584735572333,3097.6665455455454,0.03472006484709194,0.006427166571032173,0.5106126723580084
DJI_20250929100555_0557_D.JPG,part_one_pre_def_rgb,Pre_Defoliation,0.1114749358586159,0.12747216682579146,4994.2390593424725,-0.0282927021674012,0.39813761499789424,0.3835268152439761,0.257441079631442,7.70758796640735,3469.9948378378376,0.03228268118365132,0.006184382461189322,0.4763123012578906
DJI_20250929100001_0380_D.JPG,part_one_pre_def_rgb,Pre_Defoliation,0.10511992508803013,0.11413240133047288,4891.2829824488235,-0.032093667666459685,0.3909291500173927,0.3750198045253583,0.25399053394529364,7.693554733231851,3600.7282472472475,0.03219318594773089,0.006340605993550342,0.47271677439301946
DJI_20250929100505_0532_D.JPG,part_one_pre_def_rgb,Pre_Defoliation,0.08512373388167045,0.11646766735631868,2650.8119941614195,-0.03779761422992559,0.4253016336640058,0.40040225776019883,0.2903791479747213,7.7283019254594185,3533.6215985985987,0.030652519057612276,0.005938508145326166,0.4720648377460683
DJI_20250929095857_0348_D.JPG,part_one_pre_def_rgb,Pre_Defoliation,0.10679261970054436,0.12457589090031441,4218.438957420397,-0.023927934494029277,0.38464121922400113,0.3721581775270699,0.2528825161295942,7.678095690534558,3391.0123313313316,0.031809726630386594,0.006343500552417236,0.47272503238888125
DJI_20250929100035_0397_D.JPG,part_one_pre_def_rgb,Pre_Defoliation,0.11350684831873124,0.11893911480454682,4452.863963289772,-0.025779632277872288,0.3825959402206205,0.37027015699882304,0.24443752545829436,7.643365440318152,3221.42745945946,0.03296674132900977,0.00659494800472535,0.4815392675847062
DJI_20250929100525_0542_D.JPG,part_one_pre_def_rgb,Pre_Defoliation,0.08921956735018056,0.11900534191779359,4368.069338192813,-0.04503919413807024,0.40554427580389635,0.37991056178269944,0.2650572804113219,7.719594395558797,3493.228264264265,0.030250657976767764,0.00598025632125163,0.4657337791926999
DJI_20250929100327_0483_D.JPG,part_one_pre_def_rgb,Pre_Defoliation,0.11476527752995366,0.12596087705686412,4576.173975586453,-0.024301575923781113,0.4031449599786601,0.3914156311749506,0.26492102484128743,7.722762939252321,3732.890004004004,0.032285778945460586,0.006164995728911957,0.4758165273629353
DJI_20250929100131_0425_D.JPG,part_one_pre_def_rgb,Pre_Defoliation,0.11217888022706093,0.11709083193468457,4820.398901381177,-0.024268468103458445,0.39155532474119653,0.3764049766159183,0.24907574826357912,7.663133575934264,3231.378827827828,0.03184059997855135,0.006311173543175045,0.46446049492784447
DJI_20250929100301_0470_D.JPG,part_one_pre_def_rgb,Pre_Defoliation,0.07991918587378573,0.11005385097382119,2647.7704104783143,-0.03995343762066177,0.38742505329720206,0.3648219117211489,0.26229958427131,7.669077638879492,3174.1304934934933,0.033349185727337124,0.006446609884211967,0.4963696526324406
DJI_20250929100037_0398_D.JPG,part_one_pre_def_rgb,Pre_Defoliation,0.10366366822029852,0.11269704344560982,4470.373982935476,-0.029750370351797308,0.3515300367320382,0.33820920894095297,0.2212247129295693,7.551686953185886,2928.475004004004,0.03551145657771858,0.007170922907726854,0.4696798704063759
DJI_20250929095805_0322_D.JPG,part_one_pre_def_rgb,Pre_Defoliation,0.10748413944506627,0.11144207519323114,3674.952992504354,-0.02399745650715184,0.4033765204384294,0.38899909363966195,0.26713752739582824,7.711348781765346,3775.8746566566565,0.03026583079035387,0.006082390274178681,0.440835742892091
DJI_20250929095855_0347_D.JPG,part_one_pre_def_rgb,Pre_Defoliation,0.1061713481390963,0.12201738132248267,4187.857262467438,-0.019963650243334533,0.3591334073576423,0.3497329700907847,0.23416118468483083,7.612851993182922,3106.0141941941943,0.033649150293486044,0.006759393583290296,0.47486995341308047
DJI_20250929100133_0426_D.JPG,part_one_pre_def_rgb,Pre_Defoliation,0.11319772924030047,0.1171092275034541,4788.051495947431,-0.020464506433384638,0.3694759017718372,0.3578143363390642,0.23295504166599082,7.613109667467546,3012.0765015015013,0.03348146215328735,0.006648644466506747,0.4692076481027973
DJI_20250929100825_0629_D.JPG,part_one_pre_def_rgb,Pre_Defoliation,0.11310960317653426,0.097282337863663,2586.305100495842,-0.013574434341161661,0.40423294140326715,0.3937178025797137,0.27009306057962607,7.630367000847337,3129.4265405405404,0.029095974681069718,0.006153674679116597,0.41476273506827255
DJI_20250929100855_0644_D.JPG,part_one_pre_def_rgb,Pre_Defoliation,0.1368374741737244,0.09890314311144881,2666.737858128014,0.0010049624414224132,0.4128236380037814,0.4146118892412498,0.27956266630499366,7.639644475577867,3445.9360560560563,0.02795429161597618,0.005864250803430357,0.36623673978606125
DJI_20250929095831_0335_D.JPG,part_one_pre_def_rgb,Pre_Defoliation,0.08344562093305626,0.11258352967725878,2987.7400312938744,-0.04117933805410878,0.38730630499817664,0.36563636780431447,0.2605208096773961,7.676002801571544,3448.606015015015,0.03142911318567263,0.006345818114765331,0.4622624986780127
DJI_20250929100557_0558_D.JPG,part_one_pre_def_rgb,Pre_Defoliation,0.11358435098922372,0.1277378229956634,5608.515694657519,-0.02877535229590164,0.41365145462235514,0.3978901423531695,0.26854447909476015,7.7515463563427645,3740.355467467468,0.030780737440524446,0.005911196498666548,0.47658097056865134
DJI_20250929095833_0336_D.JPG,part_one_pre_def_rgb,Pre_Defoliation,0.0874298351759431,0.1149471460991296,3406.275701860976,-0.044093071825972385,0.4012479102044654,0.37655168229009894,0.26442561919978946,7.7106757371036965,3628.826840840841,0.031160735617490175,0.006193843356701813,0.4650481773815383
DJI_20250929095939_0369_D.JPG,part_one_pre_def_rgb,Pre_Defoliation,0.08418147246719258,0.11432984128979119,3053.7320405897453,-0.036248850922961866,0.3901051067085535,0.36990314339342995,0.2655197076111138,7.697377821779242,3443.436116116116,0.03312170750647328,0.0063710538031631035,0.4894214513081322
DJI_20250929100141_0430_D.JPG,part_one_pre_def_rgb,Pre_Defoliation,0.10428288622109995,0.1144459199588702,4345.501531342304,-0.027720288643023127,0.3694634140654147,0.35490204564529493,0.23605779100407512,7.6088949112737545,3101.942874874875,0.03330171876104126,0.006686195383939638,0.4605999268771148
DJI_20250929100749_0611_D.JPG,part_one_pre_def_rgb,Pre_Defoliation,0.13521730775758536,0.1194422788085522,3569.8750470679483,-0.0036011866956181253,0.41934989954862967,0.41897615357614687,0.2833850998460787,7.667709015907475,3600.7224044044046,0.02782596048923766,0.005804397934301547,0.3670021390854406
DJI_20250929100629_0574_D.JPG,part_one_pre_def_rgb,Pre_Defoliation,0.09455629835198473,0.12385427612671414,3213.9900457724966,-0.03405808700986391,0.4171255103674586,0.39611646467500194,0.28055112063056065,7.73384739583471,3341.620409409409,0.03179038091521154,0.006011889260636113,0.5041673906827321
DJI_20250929100319_0479_D.JPG,part_one_pre_def_rgb,Pre_Defoliation,0.09605455389558465,0.11265770103450798,3537.7281635662143,-0.030367320157206633,0.396815409379887,0.37974452770583367,0.2666190921361957,7.712757128027829,3501.9938408408416,0.032645310716009256,0.006288104163234051,0.49474872126659736
DJI_20250929100437_0518_D.JPG,part_one_pre_def_rgb,Pre_Defoliation,0.12804499111437936,0.13659609667181427,378.2920757926504,0.015592963518848677,0.425318332127256,0.4391724355236779,0.3249815478057203,7.65746410491166,2972.895217217217,0.03150247341690929,0.006216719436608544,0.48562104501855663
DJI_20250929100737_0608_D.JPG,part_one_pre_def_rgb,Pre_Defoliation,0.15428087940909122,0.1320224253048988,5057.3488269394,0.012312722097227813,0.38801947781058066,0.3976942777639597,0.2530881983082475,7.686543029451784,3752.205418418418,0.03442930173422093,0.006499664455217886,0.48737118352863207
DJI_20250929095951_0375_D.JPG,part_one_pre_def_rgb,Pre_Defoliation,0.10970996394084183,0.11720666668181497,5162.404598924625,-0.029352429696153797,0.38859972340577004,0.3747559828118213,0.2512022782770307,7.695151896186806,3576.2717517517513,0.03210462869980207,0.006335430784782856,0.47623461928973393
DJI_20250929095953_0376_D.JPG,part_one_pre_def_rgb,Pre_Defoliation,0.1044135950370895,0.11649775408051159,4602.145308314906,-0.0331111845391982,0.3852823351128606,0.3700533997111422,0.2504108692723343,7.679297841160769,3528.9172832832833,0.03229722679947853,0.006413972126368904,0.47330231791947797
DJI_20250929100205_0442_D.JPG,part_one_pre_def_rgb,Pre_Defoliation,0.09822877352751928,0.11799548667996998,680.978527809965,-0.02018991668415591,0.4299248927747708,0.416585638135053,0.3050176099678159,7.577212396907043,2765.7193573573572,0.03137081304441412,0.006561432369313839,0.44854426619958887
DJI_20250929100231_0455_D.JPG,part_one_pre_def_rgb,Pre_Defoliation,0.10259750845906275,0.11950174652740575,1909.9502404477748,-0.024705681677570552,0.4180947136415003,0.4033297503975699,0.2859672786945767,7.680028563884112,3146.251905905906,0.030777925228161203,0.006205155267988691,0.48398274720763396
DJI_20250929100045_0402_D.JPG,part_one_pre_def_rgb,Pre_Defoliation,0.0976841365012163,0.11029480190908177,4150.156830546406,-0.03199671268159262,0.3620447045020478,0.34675551442426406,0.23378218784526403,7.595548455099973,3110.5772672672674,0.03450551989588089,0.0069190883933221295,0.469141500952338
DJI_20250929100623_0571_D.JPG,part_one_pre_def_rgb,Pre_Defoliation,0.08212645078483641,0.11938541000064513,3165.3808285710375,-0.04377468876861575,0.397899485321904,0.37341383955687246,0.26680174300700454,7.693473530561985,3145.7747087087087,0.03279138772250386,0.006238890734050827,0.5052143983001331
DJI_20250929100159_0439_D.JPG,part_one_pre_def_rgb,Pre_Defoliation,0.0759025014163523,0.109578790606159,633.3833959514221,-0.02621329829219259,0.4052650617727865,0.38817468798194277,0.29518181277474675,7.5461784066909114,2530.2400600600604,0.033922164456481774,0.0070372285132508155,0.4980255794445572
DJI_20250929095921_0360_D.JPG,part_one_pre_def_rgb,Pre_Defoliation,0.08232270119111776,0.11730295342741591,2663.491595304984,-0.035404344167220325,0.4060340355617076,0.38596380502671396,0.28357087330060254,7.741757324396937,3867.797706706707,0.03094975921957199,0.006086839877125061,0.4678476530593841
DJI_20250929100233_0456_D.JPG,part_one_pre_def_rgb,Pre_Defoliation,0.10230284165631812,0.11670125690575087,2430.805653757713,-0.024932565074527,0.39948464470584627,0.3847445723892707,0.26770165841637694,7.645921095867939,3052.2277857857853,0.03171344674242745,0.006427633712012256,0.47835581751917855
DJI_20250929095923_0361_D.JPG,part_one_pre_def_rgb,Pre_Defoliation,0.07325670086338913,0.1100283297706666,2162.282985902021,-0.037854015163403996,0.3830775441247063,0.36286370496585435,0.26939316494361326,7.6713259449264255,3442.786116116116,0.03223429281982752,0.006471523418028001,0.47198619366063443
DJI_20250929100621_0570_D.JPG,part_one_pre_def_rgb,Pre_Defoliation,0.08272824224520829,0.12284604274855884,3760.308665066031,-0.04918189660824509,0.414703211109489,0.38663646047550987,0.27584146759632244,7.73620320518698,3370.4531881881885,0.031450154544200484,0.005954734315035775,0.4983162667403925
DJI_20250929100455_0527_D.JPG,part_one_pre_def_rgb,Pre_Defoliation,0.09326635154705323,0.10847155902282192,2990.885547915404,-0.033271521542749885,0.3918267948322817,0.37207997775741114,0.2590668091354874,7.655008204722638,3195.972777777778,0.03318147211102716,0.006477748257206744,0.4823775486001192
DJI_20250929100047_0403_D.JPG,part_one_pre_def_rgb,Pre_Defoliation,0.09592933175506928,0.1124937650043437,4121.50994366023,-0.036920216509958075,0.3840313102099926,0.3648477980753229,0.24973495418558392,7.6447054527208715,3331.275663663663,0.03289724808696587,0.006569305015067698,0.4650031244999819
DJI_20250929100207_0443_D.JPG,part_one_pre_def_rgb,Pre_Defoliation,0.09830575858357558,0.12294983313094757,558.1095271885339,-0.012606242682546568,0.43170794890557873,0.4242663783195663,0.3185190491499783,7.5859525960864875,2748.788777777778,0.03185917351403032,0.006542226812224835,0.4549651022776656
DJI_20250929095929_0364_D.JPG,part_one_pre_def_rgb,Pre_Defoliation,0.07520821824532123,0.10856231001629489,2401.705893682662,-0.04104716012460623,0.3921180193206676,0.3690334082663307,0.2707405789666726,7.696755456218096,3472.1208428428426,0.03235556546449203,0.006348170700541628,0.4828842575933964
DJI_20250929100615_0567_D.JPG,part_one_pre_def_rgb,Pre_Defoliation,0.08974612429385151,0.12241197845778853,3798.085470337082,-0.042433943246991776,0.4101552208728575,0.3857031068356196,0.2715048685045302,7.723046550859289,3414.1463053053053,0.03120591552572554,0.005991578182685205,0.48282949580672474
DJI_20250929100713_0596_D.JPG,part_one_pre_def_rgb,Pre_Defoliation,0.1590084328534858,0.14093564867015537,5487.5906800545035,0.02379715977893166,0.3754084614358658,0.38904549832771296,0.2436741023660744,7.683712568727001,3517.1782142142147,0.03535963028097247,0.006513305064449407,0.4932489571446582
DJI_20250929100117_0418_D.JPG,part_one_pre_def_rgb,Pre_Defoliation,0.06846065822382512,0.10213861585074582,2213.3054687900044,-0.046905235247572695,0.368228986994191,0.3430578160117802,0.24942598680554426,7.572545796645327,2964.285706706707,0.033867902187941216,0.006908952417943208,0.46099425156474544
DJI_20250929100357_0498_D.JPG,part_one_pre_def_rgb,Pre_Defoliation,0.14496840148796594,0.1305850169058969,6814.589889244074,-0.009296754778998917,0.41760837535829354,0.41348200714394284,0.2643872374416262,7.746325570807889,3914.6476456456458,0.03202735714757422,0.005964322653603497,0.46995766067333306
DJI_20250929100639_0579_D.JPG,part_one_pre_def_rgb,Pre_Defoliation,0.08055779798820899,0.11230083951271286,403.76899005516407,0.009907324935710664,0.3560884517271688,0.35999853652356556,0.2833508233317532,7.518999507069206,2116.5366696696697,0.039174051540776404,0.0075579164178401406,0.5747925604621168
DJI_20250929100143_0431_D.JPG,part_one_pre_def_rgb,Pre_Defoliation,0.09886374976193867,0.11444724400910153,4183.653089648046,-0.033234038020938196,0.3904625103710633,0.37140052479382535,0.2534747894546488,7.657595987483027,3326.698477477478,0.03204841182043012,0.006394781745604322,0.4592558008767448
DJI_20250929100309_0474_D.JPG,part_one_pre_def_rgb,Pre_Defoliation,0.08179793928249364,0.10921313487795993,2997.0928519972667,-0.04002502670204097,0.3873782627920795,0.36458387666890757,0.259991551263242,7.670611169893443,3222.6903723723726,0.03338301951218421,0.006464282179891161,0.49238822764650003
DJI_20250929100857_0645_D.JPG,part_one_pre_def_rgb,Pre_Defoliation,0.13770698400618328,0.10026534891947407,2803.0618804394344,-0.0021240225295732175,0.4266510922359262,0.42658976290442635,0.2888214495667434,7.664771087665846,3618.3126086086086,0.02684327856447851,0.005697394373306743,0.35740233260936255
DJI_20250929100711_0595_D.JPG,part_one_pre_def_rgb,Pre_Defoliation,0.15975641594076734,0.1415791706290876,5447.934179805781,0.019753828974628084,0.3936299983117922,0.4050229885018627,0.25665956275116597,7.721707052546489,3708.2375005005006,0.03396780428321351,0.006255124101764843,0.4916744126931727
DJI_20250929100807_0620_D.JPG,part_one_pre_def_rgb,Pre_Defoliation,0.10237383481366932,0.09660013022877875,2917.783624351817,-0.015127662246690165,0.3690981921156488,0.3596219086571418,0.24777179038496547,7.551016155143644,2899.32277977978,0.030830657842481936,0.006657694643872165,0.41450305870469084
DJI_20250929095807_0323_D.JPG,part_one_pre_def_rgb,Pre_Defoliation,0.10346035576577045,0.11031686946765841,2911.472879022087,-0.018702909305157098,0.39299121741413423,0.38171879965869365,0.26698602613748257,7.695652090597265,3714.12522022022,0.030911904707660844,0.006185461835327616,0.4399864307125479
DJI_20250929100149_0434_D.JPG,part_one_pre_def_rgb,Pre_Defoliation,0.0785358722762629,0.1065839473932023,1785.3027367254936,-0.029601595098650617,0.3660658450997214,0.3497206211283116,0.25483952488063893,7.532212955412129,2790.139636636637,0.03378101935252285,0.007002824076796167,0.445365657914589
DJI_20250929100801_0617_D.JPG,part_one_pre_def_rgb,Pre_Defoliation,0.133133284459416,0.11336691388336403,4003.4706584749492,-0.007834996637033754,0.40744879653611,0.4031359134601232,0.26568974592472033,7.630054861594418,3356.579377377377,0.02804979228765194,0.0060713967796424614,0.37730699077771357
DJI_20250929100303_0471_D.JPG,part_one_pre_def_rgb,Pre_Defoliation,0.08165589457893033,0.11439657351157265,2789.4146888770033,-0.0440621855702029,0.4118300105377814,0.38520132685776454,0.27691674859881754,7.716798177850576,3415.4919869869873,0.03219545547938929,0.006151484714084156,0.49146148645313015
DJI_20250929100725_0602_D.JPG,part_one_pre_def_rgb,Pre_Defoliation,0.14735387051686194,0.1333272859984977,4988.062658412266,0.0031783495380455595,0.38834914695188366,0.39471938557495495,0.2537357536811642,7.692351353087689,3779.326808808809,0.034202591614618354,0.006438655497302311,0.4809755067208049
DJI_20250929100425_0512_D.JPG,part_one_pre_def_rgb,Pre_Defoliation,0.15140459981063234,0.1383569884146093,5348.361926132231,0.0011279641542223677,0.40553399467073037,0.4090749957794805,0.2612113970775981,7.705068440013328,3730.7653943943947,0.031811381792755236,0.00607924835517247,0.4513370979872013
DJI_20250929100839_0636_D.JPG,part_one_pre_def_rgb,Pre_Defoliation,0.10326919551639634,0.09779037390928176,1720.1485339157377,-0.012860233593745805,0.393040969417304,0.38636240944657424,0.2764146539594482,7.615314923564208,3234.303007007007,0.028843454982091517,0.0061584389917624174,0.39109941429571904
DJI_20250929100217_0448_D.JPG,part_one_pre_def_rgb,Pre_Defoliation,0.08458144236031884,0.11425480173339876,1831.0080549338134,-0.03662649089628069,0.40402996689069964,0.3818228123740227,0.275034215497027,7.627396756767358,2896.7963823823825,0.03224623424549428,0.006512159706261485,0.4884195417851773
DJI_20250929100243_0461_D.JPG,part_one_pre_def_rgb,Pre_Defoliation,0.08807333374336958,0.1262203819553228,2825.4416409634737,-0.03448829355573061,0.41036225087669653,0.38992953084043314,0.2814234770608001,7.68622132777729,3219.7407237237235,0.03028021507647752,0.006135566453575152,0.4789265178261919
DJI_20250929100057_0408_D.JPG,part_one_pre_def_rgb,Pre_Defoliation,0.07999973227486908,0.10948140259449443,2803.2268991312035,-0.04487861162143709,0.4176902943669731,0.38946980905378054,0.2812495914657189,7.698715761410794,3519.632880880881,0.030845354799915195,0.006092621435135108,0.45200938017924147
DJI_20250929100413_0506_D.JPG,part_one_pre_def_rgb,Pre_Defoliation,0.12283381550141277,0.12840850408426363,4278.231773693502,-0.01873368244488127,0.42318999431206133,0.414908606788458,0.28379340376344186,7.741602335742848,4080.718233233233,0.03149654883086457,0.005912528691944811,0.44978150538968836
DJI_20250929100653_0586_D.JPG,part_one_pre_def_rgb,Pre_Defoliation,0.10271419512438365,0.12923225334415925,697.0598373427499,0.009332868205504998,0.410611634958699,0.41806860969025295,0.32281138929742315,7.64651676096878,2726.672309309309,0.03472781359293394,0.006559683824262929,0.5264129999485117
DJI_20250929100249_0464_D.JPG,part_one_pre_def_rgb,Pre_Defoliation,0.07815546396577444,0.11656998231800149,2593.717752307193,-0.04975957328009866,0.4041563511760681,0.3755394479274996,0.2687670807131567,7.66437229452423,3090.50702002002,0.03149930074901576,0.006330376272690585,0.49008947706170314
DJI_20250929100411_0505_D.JPG,part_one_pre_def_rgb,Pre_Defoliation,0.12025466386189859,0.1266924030583893,4180.465317148195,-0.018797009968778058,0.4083753834514779,0.40125883436608395,0.2738876214187915,7.716753423236125,3944.6845145145144,0.032085642485977305,0.00608777582273866,0.45107931157703873
DJI_20250929100651_0585_D.JPG,part_one_pre_def_rgb,Pre_Defoliation,0.09741216625602964,0.12387160110323675,131.50516446307483,0.01582452145080358,0.4087737325374124,0.4202460512232899,0.3343062036531376,7.581124964707735,2341.4467067067067,0.03487101127791066,0.00680286124091954,0.5356393826110192
DJI_20250929100833_0633_D.JPG,part_one_pre_def_rgb,Pre_Defoliation,0.10204917284574767,0.09305157075778396,2261.068829705041,-0.006162751605273234,0.3691609347955256,0.3638350883410324,0.25646006904079155,7.588811940172955,2951.937726726727,0.03113820719339995,0.006477192183589098,0.43488609193512434
DJI_20250929095749_0314_D.JPG,part_one_pre_def_rgb,Pre_Defoliation,0.08853401810137299,0.10859032365826794,3322.7776255860394,-0.03890193416360404,0.38382525967460246,0.3628819902543546,0.25340470273273386,7.651814133661469,3475.613730730731,0.031036622601280952,0.006419008344954621,0.43877915101264026
DJI_20250929095817_0328_D.JPG,part_one_pre_def_rgb,Pre_Defoliation,0.10616142015527906,0.12248305432109506,3481.3331334874733,-0.026396536947665885,0.40236484349231927,0.3888276046163172,0.26912894558503614,7.7018581547293055,3745.8925975975976,0.029994807470867156,0.00614019423703777,0.4449723209268436
DJI_20250929100535_0547_D.JPG,part_one_pre_def_rgb,Pre_Defoliation,0.10142704234848333,0.12178480014051545,4307.236563613321,-0.03448722728794679,0.40343732276821626,0.3849523460531683,0.26504032698963703,7.724556971275901,3763.471054054054,0.030469463724875433,0.006032519016138654,0.4509570085578437
DJI_20250929100025_0392_D.JPG,part_one_pre_def_rgb,Pre_Defoliation,0.10874812273240943,0.12344565901604833,3705.1417042614707,-0.03188699086619556,0.42183157051542003,0.4048547129310712,0.279129732614313,7.707324243246024,3716.1299199199198,0.030431471897472487,0.006021590391427619,0.4458669461389001
DJI_20250929100011_0385_D.JPG,part_one_pre_def_rgb,Pre_Defoliation,0.09211385099433039,0.11117659323029144,3831.270052802739,-0.040655571502935826,0.4163719285206193,0.3930686770908995,0.2776515746668493,7.728311871959319,3631.63868968969,0.03131733702805905,0.006016483270467615,0.4646694747351985
DJI_20250929100545_0552_D.JPG,part_one_pre_def_rgb,Pre_Defoliation,0.10765519571495603,0.12344199154053719,4997.360518342126,-0.03285463964477913,0.4098571692058875,0.39167756078899985,0.2658427566571562,7.722261183930419,3676.254965965966,0.030001714126773955,0.005962849494378601,0.45391015273181223
DJI_20250929100515_0537_D.JPG,part_one_pre_def_rgb,Pre_Defoliation,0.08066889377928455,0.11128309147483541,2876.8460370052167,-0.039817802239891543,0.3922693623095284,0.3695894228597159,0.266240589630619,7.658150052332679,3238.175,0.031170937961043067,0.006244736340887615,0.45657010404020376
DJI_20250929100013_0386_D.JPG,part_one_pre_def_rgb,Pre_Defoliation,0.09436901392140641,0.10853396448373226,3949.099940814269,-0.0351749603021201,0.41347358882196134,0.39199811676210145,0.27615363078083516,7.73152872998205,3683.670067067067,0.031149543860942375,0.005943264461769526,0.4563915189399989
DJI_20250929100347_0493_D.JPG,part_one_pre_def_rgb,Pre_Defoliation,0.12865055982714194,0.12937219138611306,5219.757333292125,-0.015079215058548635,0.4082467109235458,0.4025323442372935,0.26816741772389935,7.727664783750813,3743.163491491491,0.031876761966657764,0.00608010030936366,0.47430626404404563
DJI_20250929100107_0413_D.JPG,part_one_pre_def_rgb,Pre_Defoliation,0.07663266726474885,0.11046652298816297,2222.4138054238433,-0.040184796029286936,0.4110051248147327,0.38653829265413303,0.28543879322878457,7.690007899950248,3462.187162162162,0.03119875741361774,0.006174962322898719,0.457656303910432
DJI_20250929095743_0311_D.JPG,part_one_pre_def_rgb,Pre_Defoliation,0.0943305116306105,0.11447046606022437,2691.7231710896917,-0.020098430009947068,0.3811356918828444,0.3704656513538405,0.2654650991942262,7.678728410401933,3646.4044244244246,0.031162190742459246,0.006294691904231073,0.43895937486821146
DJI_20250929100345_0492_D.JPG,part_one_pre_def_rgb,Pre_Defoliation,0.13509991329160276,0.1303194646525664,5297.307163655311,-0.011704390428812822,0.4009633482418307,0.3978540069703158,0.25964475240719814,7.703276894466329,3575.577416416416,0.0323454739644557,0.006215800408093216,0.4796345606164376
DJI_20250929100105_0412_D.JPG,part_one_pre_def_rgb,Pre_Defoliation,0.0783169131089639,0.11006195877945191,2662.0527349126555,-0.04155045630952448,0.42063482716446565,0.39448813958895446,0.29002453890447927,7.7228796434200495,3641.3667727727734,0.030538437680931285,0.006000770616073028,0.45672815787475746
DJI_20250929100547_0553_D.JPG,part_one_pre_def_rgb,Pre_Defoliation,0.09258912036411218,0.1189233555852514,4034.494391260414,-0.0371636228068905,0.3909494344203349,0.371047327194505,0.25855609960456283,7.673895261318178,3424.544226226226,0.031158850129356725,0.006237824420143579,0.4534319321276669
DJI_20250929100259_0469_D.JPG,part_one_pre_def_rgb,Pre_Defoliation,0.08120197319053858,0.11102156041993108,2599.536415281112,-0.03959905133918795,0.4084368864475961,0.3841588262254376,0.2786787928127405,7.71390909152086,3385.182833833834,0.03181618387311586,0.00613049732173714,0.4914227610831938
DJI_20250929100027_0393_D.JPG,part_one_pre_def_rgb,Pre_Defoliation,0.10825035450111656,0.1227123439876034,2975.1504744024624,-0.027587824436544235,0.4225463239574716,0.40798948020471165,0.28518228195083534,7.706168101962152,3641.9005585585583,0.03006962281370307,0.005991422401035741,0.44686253432566436
DJI_20250929100335_0487_D.JPG,part_one_pre_def_rgb,Pre_Defoliation,0.13323726751095083,0.13065414700771957,5357.330779571277,-0.011724188860214221,0.3916819039064289,0.3884400124107308,0.25196085340408186,7.69984567584567,3594.831941941942,0.03259578689586809,0.006274442675900022,0.4777577131773107
DJI_20250929095759_0319_D.JPG,part_one_pre_def_rgb,Pre_Defoliation,0.09358699163015391,0.10916835265439133,3761.8853967592377,-0.03556940162008888,0.3935750382475201,0.37382878985387086,0.2604955498300678,7.681878286642161,3638.5111711711716,0.030627886876464998,0.0062393761466659845,0.43745221525012185
DJI_20250929100831_0632_D.JPG,part_one_pre_def_rgb,Pre_Defoliation,0.10484683925888276,0.0896565534171329,2940.2362718507993,-0.008343683025896,0.36091976499365874,0.35359930529646666,0.241432006340392,7.558178979432807,2789.08383983984,0.03224304396687435,0.006696789875924878,0.4478288220281528
DJI_20250929100903_0648_D.JPG,part_one_pre_def_rgb,Pre_Defoliation,0.12690019038148087,0.09783044608916404,2197.216553787197,-0.006233063577920352,0.41889575399207074,0.4163521256849708,0.28690830699638986,7.630461315241516,3471.3295095095095,0.02684953457314812,0.005851751682403079,0.34846095844775016
DJI_20250929100241_0460_D.JPG,part_one_pre_def_rgb,Pre_Defoliation,0.09106902457033307,0.12214199533237229,2051.309494790302,-0.025854918160074073,0.3961455965862155,0.3809554572970531,0.27469629343755764,7.62291267403571,2952.7404744744745,0.03139816868902324,0.006447795597105731,0.4701612771105785
DJI_20250929100727_0603_D.JPG,part_one_pre_def_rgb,Pre_Defoliation,0.1593987928037287,0.13471387662594636,6499.7630426184405,-0.00013103498899809995,0.4077038582307942,0.4121631732479737,0.25722369546142443,7.723167076574873,3967.4185105105107,0.03304989652957377,0.006209063809811849,0.4778261424248134
DJI_20250929095915_0357_D.JPG,part_one_pre_def_rgb,Pre_Defoliation,0.07781565393721909,0.11103454577429749,2461.4331231829738,-0.04079380629317521,0.3810213850799075,0.3606067736635972,0.2623765083100679,7.6626563112848745,3387.5781211211215,0.03300830028207958,0.006556368579628125,0.47776734616545097
DJI_20250929095827_0333_D.JPG,part_one_pre_def_rgb,Pre_Defoliation,0.0799924419280535,0.11123192608402324,3057.469407186886,-0.04438783203501145,0.38328545540608006,0.3604571307105432,0.25763636408695295,7.655704345237157,3403.7034064064073,0.03167194417391071,0.006443244079898887,0.45775369058073395
DJI_20250929095849_0344_D.JPG,part_one_pre_def_rgb,Pre_Defoliation,0.09904556065923015,0.11693591930540835,3257.4666883083746,-0.02030245245998731,0.3816356281995594,0.3689292160662715,0.25717724327375346,7.672987449106598,3358.1575575575575,0.03254520330462661,0.006397380442538698,0.4729521102390492
DJI_20250929100705_0592_D.JPG,part_one_pre_def_rgb,Pre_Defoliation,0.14572870086999778,0.13717528903667364,4963.808495001136,0.010243481532976415,0.3867086578327136,0.39177364726339103,0.2511099358240707,7.70134611650708,3505.3244484484485,0.0349051076528863,0.006427442938948907,0.4990508270364531
DJI_20250929100459_0529_D.JPG,part_one_pre_def_rgb,Pre_Defoliation,0.09734814427808688,0.11050171018643065,2895.5620353075856,-0.028725414037398242,0.38981630319882343,0.3723308422129461,0.25749723694898186,7.642213820527155,3157.5225705705707,0.03299659709395984,0.00648575944559283,0.4721028893843306
DJI_20250929100619_0569_D.JPG,part_one_pre_def_rgb,Pre_Defoliation,0.07938738932776285,0.11907209440058297,2993.3363075002258,-0.044160104556220256,0.39225887033812823,0.368129667541711,0.26461307541753104,7.681978305579099,3127.8926496496497,0.03253679434946836,0.006269124583557523,0.4977775998906201
DJI_20250929100127_0423_D.JPG,part_one_pre_def_rgb,Pre_Defoliation,0.09963519146589911,0.11039517830378826,4014.66045563398,-0.031232626206224502,0.39344860383409425,0.3738420157757315,0.25460023625146966,7.6601062970459255,3204.364480480481,0.031655473879799535,0.006319918932173353,0.46481635580594977
DJI_20250929100827_0630_D.JPG,part_one_pre_def_rgb,Pre_Defoliation,0.1062271737102783,0.0893474572681578,2696.9288870567366,-0.011892585840148046,0.375673306738052,0.366122360823485,0.25034424119863957,7.572072392227545,2854.9986576576575,0.030771144184537434,0.00654222918619385,0.432287606538474
DJI_20250929095843_0341_D.JPG,part_one_pre_def_rgb,Pre_Defoliation,0.1006332519794387,0.11304836299848368,3698.200801107044,-0.02635861100587711,0.37463290941893806,0.35969603697715874,0.24412591255594066,7.650747455445981,3253.8113843843844,0.03319053196943851,0.006581453162937966,0.4779655083665273
DJI_20250929100227_0453_D.JPG,part_one_pre_def_rgb,Pre_Defoliation,0.10507128040801761,0.12512673628276838,3854.000577853351,-0.03838208228515151,0.43198668305910476,0.409000147079851,0.28094233069257973,7.740308812612129,3665.780697697698,0.029904559846221104,0.005943590262134755,0.4687597712314034
DJI_20250929100635_0577_D.JPG,part_one_pre_def_rgb,Pre_Defoliation,0.09760691788971616,0.11918585650863822,759.5409385712223,-0.0009990365534214732,0.39194407740192627,0.38999630329044327,0.29044161128924406,7.619796518169219,2564.3840900900896,0.03427643053530593,0.00665280179952746,0.5361115400816578
DJI_20250929100441_0520_D.JPG,part_one_pre_def_rgb,Pre_Defoliation,0.11231267388991324,0.1286426583428523,1547.3613151930442,-0.009041801356938082,0.4111650299386537,0.40694569670715364,0.29041368958574026,7.686852141481584,3297.2985465465463,0.03191611445304682,0.006255160664831142,0.48922767214521
DJI_20250929095947_0373_D.JPG,part_one_pre_def_rgb,Pre_Defoliation,0.09631404863780853,0.11414501513669291,4138.671107849152,-0.03311794595463051,0.36675672688492006,0.3512187694692118,0.23936676341569504,7.639903552709566,3234.2539179179184,0.03445008866832139,0.006792055757338877,0.4945886196095914
DJI_20250929100601_0560_D.JPG,part_one_pre_def_rgb,Pre_Defoliation,0.1214700775674427,0.1316413599885086,5814.790797355991,-0.026015993733230807,0.4163452042581288,0.4028567533119814,0.2678982247983913,7.751990511501,3786.290521521522,0.03076607238480337,0.0058834500809239985,0.47105794681276186
DJI_20250929095859_0349_D.JPG,part_one_pre_def_rgb,Pre_Defoliation,0.09666276362476846,0.11902106454906286,3371.047868336932,-0.02630212718207309,0.36010043278349424,0.3477514643025148,0.23873973219676692,7.610166314348246,3078.090414414414,0.03393115159243659,0.0068092359720714766,0.4803883333881539
DJI_20250929100211_0445_D.JPG,part_one_pre_def_rgb,Pre_Defoliation,0.07823608095917842,0.11679998080960174,728.8998142607877,-0.027299072824893425,0.4215027188181704,0.4037230530713066,0.3077073063652645,7.592044373858481,2648.73953053053,0.03230313302465815,0.006608662282179552,0.485246821061292
DJI_20250929100213_0446_D.JPG,part_one_pre_def_rgb,Pre_Defoliation,0.08580032522783296,0.10992691633221724,1970.0767992291994,-0.03064725731049923,0.37858062912176543,0.36075753952268774,0.2571341246957771,7.554967419274234,2617.0935875875875,0.03408495536765194,0.006986422323598141,0.4920914741986582
DJI_20250929095945_0372_D.JPG,part_one_pre_def_rgb,Pre_Defoliation,0.09407833164212157,0.11365094968373765,3922.1003576336275,-0.03361546159951113,0.3623088577741971,0.3462709955830235,0.23615480174972828,7.622912203096796,3150.500372372372,0.03525216432835567,0.006925425877565055,0.4975350910655961
DJI_20250929100603_0561_D.JPG,part_one_pre_def_rgb,Pre_Defoliation,0.11888169804720614,0.13116455058712403,5595.479593336246,-0.026211829062537443,0.4033741400128087,0.390515787108881,0.25877573615774707,7.722094739826976,3611.685386386386,0.03138466702045774,0.006061047670281434,0.471685610497439
DJI_20250929100449_0524_D.JPG,part_one_pre_def_rgb,Pre_Defoliation,0.09470612454467953,0.11405148294385266,3202.8479069894966,-0.03321911396867102,0.39438702228524464,0.37580542946565515,0.2625177121013862,7.6753923941254465,3381.8235775775775,0.03275247166946637,0.006407495801707196,0.4765863332795796
DJI_20250929095935_0367_D.JPG,part_one_pre_def_rgb,Pre_Defoliation,0.0784772295833491,0.11006934965752836,2931.55063396691,-0.042983051882707034,0.4034213005643781,0.378094130879364,0.27428973161100084,7.717797023935304,3529.2494314314317,0.032047381239826506,0.006183011607254053,0.48295014073183623
DJI_20250929100417_0508_D.JPG,part_one_pre_def_rgb,Pre_Defoliation,0.1385790674544169,0.13243889000200176,4358.13106791024,-0.00436888053156128,0.41603067547989264,0.41688900788200806,0.2791682728297067,7.737338592545137,4031.691337337337,0.031368184702072276,0.005926558154530038,0.44795685890632647
DJI_20250929100657_0588_D.JPG,part_one_pre_def_rgb,Pre_Defoliation,0.11291979094009144,0.1306003848266918,1196.162066196787,0.01013399759118374,0.38554396940318547,0.3920375232353872,0.2856112861274976,7.640304343975628,2737.7316736736734,0.03534714602144719,0.006686620040367249,0.539033244900934
DJI_20250929100053_0406_D.JPG,part_one_pre_def_rgb,Pre_Defoliation,0.07691622929467157,0.1118096894959082,3070.631810051835,-0.04936438848734144,0.4208139628756487,0.3907365989491056,0.28374300572789096,7.706435110510772,3597.9613053053054,0.030988826201839306,0.006069859557427894,0.452966668919878
DJI_20250929100609_0564_D.JPG,part_one_pre_def_rgb,Pre_Defoliation,0.11325571632581088,0.13441743577964987,5284.867669289671,-0.03578322556478511,0.42988221652527175,0.41035066528756303,0.2775633977240435,7.7784412879080325,3936.685891891892,0.029537956495640956,0.005729991297352483,0.46654731370003266
DJI_20250929100443_0521_D.JPG,part_one_pre_def_rgb,Pre_Defoliation,0.10729043956185902,0.12436840244420248,2239.3043716058837,-0.018597772889908968,0.40617413146663217,0.39545808164167096,0.2774515922548509,7.6849840721712175,3345.732108108108,0.03156596389591328,0.006239278705823223,0.4781390337266282
DJI_20250929100225_0452_D.JPG,part_one_pre_def_rgb,Pre_Defoliation,0.09281428114187734,0.11450953823221258,2647.2052808151752,-0.03274662353603301,0.3830372935475015,0.36504240176552893,0.25423322884167915,7.6150236459895835,2929.807421421421,0.03324397087906511,0.006703913257454484,0.4898017908681708
DJI_20250929100051_0405_D.JPG,part_one_pre_def_rgb,Pre_Defoliation,0.0797415284709343,0.1105727733491477,3180.7883575252617,-0.04542931913699687,0.39361469554883877,0.36844667305902656,0.2635371220982801,7.653902026789452,3366.4098938938937,0.03184123968597077,0.006434732368601696,0.45614176261796463
DJI_20250929095811_0325_D.JPG,part_one_pre_def_rgb,Pre_Defoliation,0.10037981691205758,0.11173453118007436,2257.0550980192747,-0.013828755335704945,0.3949041219231511,0.38651597872197263,0.2777480186087365,7.703651608267222,3779.7647607607605,0.030732674706807742,0.006130921897923146,0.43977473479507534
DJI_20250929095841_0340_D.JPG,part_one_pre_def_rgb,Pre_Defoliation,0.09595215522860798,0.11514177732082057,3706.9611146947595,-0.03258872813199541,0.3950598307466504,0.3759109475246728,0.2608099090740871,7.711508327241715,3582.7046156156157,0.031780370282219327,0.006235270508810164,0.473853747594023
DJI_20250929100125_0422_D.JPG,part_one_pre_def_rgb,Pre_Defoliation,0.08259295525438168,0.10468529681988874,2902.0047901651183,-0.0378980246052123,0.38121253706847813,0.35862795207322135,0.25345041182358286,7.620037906169894,3048.1884014014013,0.032761718346369706,0.006560020709536472,0.46396784760920146
DJI_20250929100843_0638_D.JPG,part_one_pre_def_rgb,Pre_Defoliation,0.10436669601504849,0.09609175042866122,1761.2459700433897,-0.011857922549847856,0.3924331154659063,0.3862047223483872,0.27560963321581966,7.610500906739527,3194.7188008008006,0.028999397280175407,0.006164619823850263,0.3910309679664538
DJI_20250929095813_0326_D.JPG,part_one_pre_def_rgb,Pre_Defoliation,0.11269664805132153,0.12099462210861185,3086.4292464217533,-0.01837638092186953,0.4135034604505772,0.4034057281988384,0.28061134789577813,7.718367647981784,3892.0306246246246,0.029916520363563223,0.006024495771768689,0.4323042798953385
DJI_20250929100315_0477_D.JPG,part_one_pre_def_rgb,Pre_Defoliation,0.0853570711651698,0.11134034768408678,3036.195649083905,-0.04004485754408511,0.3967521258051279,0.3740657382349637,0.26602227949962964,7.694425066590834,3399.605167167167,0.03296198299112262,0.006366119691961881,0.4916874049317803
DJI_20250929100155_0437_D.JPG,part_one_pre_def_rgb,Pre_Defoliation,0.0830907728627499,0.11091932067514716,241.12961794819518,-0.013734728455050372,0.41221912141698913,0.4036412455834741,0.3119725968872091,7.485925957564671,2340.525136136136,0.03467462815810363,0.007346246572916093,0.48690872917304046
DJI_20250929100707_0593_D.JPG,part_one_pre_def_rgb,Pre_Defoliation,0.15091587546943894,0.14031215325165586,5422.7765378233735,0.008400304477288597,0.4011410144687222,0.40519042278491807,0.2583239556316751,7.728412146229086,3668.111016016016,0.03429379755657979,0.006239652120423801,0.49784774289929706
DJI_20250929100017_0388_D.JPG,part_one_pre_def_rgb,Pre_Defoliation,0.11462268967856162,0.12315412540873752,3765.3032578210687,-0.022316992580182188,0.4094049012924102,0.397888838272693,0.27175008557441416,7.691923815623942,3595.871334334334,0.030728703337758425,0.0060940202270728825,0.4452970881767711
DJI_20250929095825_0332_D.JPG,part_one_pre_def_rgb,Pre_Defoliation,0.07702638823553444,0.11176140096824679,3518.300898448047,-0.05177218100201463,0.401194875658386,0.3733505439663993,0.268479824038878,7.701296497263295,3642.921758758759,0.03031071081782239,0.006168786696318819,0.45442413600018283
DJI_20250929100428_0513_D.JPG,part_one_pre_def_rgb,Pre_Defoliation,0.14173343667598487,0.13733072025307977,4841.474513927511,-0.0010459145769326705,0.3976764107725083,0.3999311525863524,0.2604524577242117,7.693778096531886,3670.289309309309,0.031742993004180764,0.006165409437725613,0.451788385850848
DJI_20250929100849_0641_D.JPG,part_one_pre_def_rgb,Pre_Defoliation,0.11215411884412434,0.09481664651762525,2185.436764045326,-0.007444281701261892,0.40084518477014236,0.3956602392734218,0.27832117493257685,7.636264126883588,3274.923297297297,0.028774547480761407,0.006006633725955566,0.39511415191984767
DJI_20250929100647_0583_D.JPG,part_one_pre_def_rgb,Pre_Defoliation,0.10379951506830633,0.12435032648126684,635.2076992075696,0.0002851578180057974,0.4185896825868871,0.4173397704517968,0.3122903432484002,7.6615067457933455,2793.5606816816817,0.032841134052250184,0.0063047756615194515,0.5192286016233635
DJI_20250929100407_0503_D.JPG,part_one_pre_def_rgb,Pre_Defoliation,0.13255720080721567,0.1281441973601187,4381.236139157987,-0.010597588552714528,0.42119808760897504,0.4181682100100511,0.2825811316039116,7.742482794559271,4100.7843103103105,0.03180472185798028,0.005955409417980446,0.4560268506454223
DJI_20250929100811_0622_D.JPG,part_one_pre_def_rgb,Pre_Defoliation,0.09480389960240003,0.09427025761868028,2601.477205349546,-0.009231378022419332,0.3463075620296223,0.3400963401186071,0.2390812186051919,7.511534366646864,2768.0416136136137,0.03214624820531371,0.006943967572837563,0.4223707983342515
DJI_20250929095901_0350_D.JPG,part_one_pre_def_rgb,Pre_Defoliation,0.08770610798552346,0.1174148874005783,3225.751799261559,-0.036920955616048926,0.3800877931909351,0.36085961076145384,0.2539253203464491,7.6606674679572455,3283.635381381381,0.0325833369951052,0.006510318779981772,0.4830332545754334
DJI_20250929100339_0489_D.JPG,part_one_pre_def_rgb,Pre_Defoliation,0.1373560164483111,0.12985742994123753,6235.322529562998,-0.013352298606058466,0.39774629773317544,0.3930662596794087,0.25103020517733093,7.712285640412995,3647.7266446446447,0.03192428235650458,0.006173017916241478,0.47547953803709003
DJI_20250929100255_0467_D.JPG,part_one_pre_def_rgb,Pre_Defoliation,0.07721043067623838,0.10941888961154571,2465.4606411921723,-0.04365826912929261,0.4073610525345046,0.3809512992967202,0.2773311153826975,7.706387395722021,3306.80745945946,0.031784636552154216,0.006167766097699656,0.49530805531707095
DJI_20250929100007_0383_D.JPG,part_one_pre_def_rgb,Pre_Defoliation,0.10534139197242154,0.1172877650900117,4602.101497828675,-0.034343447049174206,0.4160770446840378,0.39793084126670863,0.2744432458769579,7.738536370205682,3790.341926926927,0.03069223013571658,0.005983286692074806,0.4703504958959916
DJI_20250929100113_0416_D.JPG,part_one_pre_def_rgb,Pre_Defoliation,0.08148188488405136,0.11203948862188083,2893.1602820620606,-0.045791716924611446,0.41644254787661306,0.38915091875905305,0.2803774047574418,7.695437284886308,3502.8704564564564,0.030789451656023002,0.006134084190057435,0.457544785470725
DJI_20250929100353_0496_D.JPG,part_one_pre_def_rgb,Pre_Defoliation,0.13314544661508318,0.12850225732923756,6130.593196838668,-0.01698880661540468,0.4165741497981059,0.4083278937819881,0.266936191150787,7.745006397109935,3886.963973973974,0.0315986643300849,0.005951759063374539,0.4672136629780952
DJI_20250929100717_0598_D.JPG,part_one_pre_def_rgb,Pre_Defoliation,0.16594427460983474,0.14259348696266588,6622.922812597,0.019643104110023735,0.377491994905938,0.3913689347303403,0.23930159994490796,7.686880863160754,3612.1473503503503,0.03506575967018611,0.006520984123938301,0.4905547277394088
DJI_20250929100503_0531_D.JPG,part_one_pre_def_rgb,Pre_Defoliation,0.08999332376882488,0.11397062994713165,2599.3801678035747,-0.03207820638101576,0.40891778386523897,0.38802310261359807,0.2771350975931323,7.6903329988247675,3378.546820820821,0.03142412059931022,0.006157854205619593,0.46796411486705275
DJI_20250929100529_0544_D.JPG,part_one_pre_def_rgb,Pre_Defoliation,0.08751415620097963,0.11988424852184136,3946.008511437624,-0.044162325335192536,0.40816134265392284,0.38363310775331977,0.2715907166517372,7.73714432754921,3691.668951951952,0.030071910055429217,0.005938829145002864,0.4622384466432922
DJI_20250929100111_0415_D.JPG,part_one_pre_def_rgb,Pre_Defoliation,0.07863681572760857,0.11177552080513853,2565.8344442037023,-0.04432440138561129,0.41096339161104894,0.38424291256855714,0.27888561779845683,7.679211968991353,3431.1410770770767,0.03148247148250812,0.006248083350321086,0.4580002482337486
DJI_20250929100351_0495_D.JPG,part_one_pre_def_rgb,Pre_Defoliation,0.14150121291124532,0.13168950953390957,6970.342180760389,-0.017422316320636736,0.4375643785067111,0.4287077046861887,0.27834981795442076,7.780200888732582,4140.393479479479,0.02994991920278516,0.005698834965429903,0.4600911956949336
DJI_20250929095755_0317_D.JPG,part_one_pre_def_rgb,Pre_Defoliation,0.09525462481082761,0.11072420405781448,3854.7871142553918,-0.033161309823994865,0.3941099160732406,0.3755153445926583,0.2616661483012484,7.693700411079847,3712.0151301301303,0.03012857516783459,0.006194320167303899,0.4391789637636095
DJI_20250929100321_0480_D.JPG,part_one_pre_def_rgb,Pre_Defoliation,0.10332436660664818,0.11316387269869843,3781.549677664465,-0.022041953990727878,0.37855047437288486,0.36662070130316426,0.25136656162679555,7.67217743814217,3353.14411011011,0.033566986786214004,0.006557815519197171,0.4930893488157511
DJI_20250929100755_0614_D.JPG,part_one_pre_def_rgb,Pre_Defoliation,0.12317752275175473,0.11783698958679527,3160.705645853562,-0.00904632293196319,0.4032635751661022,0.39907509096646593,0.27170908401507493,7.616846705728362,3387.420912912913,0.028370877161152497,0.006083480373781353,0.3604058918018233
DJI_20250929095919_0359_D.JPG,part_one_pre_def_rgb,Pre_Defoliation,0.07244355411757497,0.11126159281171984,2208.1204567125224,-0.04001466844273394,0.3908404383753072,0.3694435712399676,0.2756031499870531,7.692993260264914,3547.470553553553,0.031846538117617694,0.006342514939992833,0.4720927182976332
DJI_20250929100509_0534_D.JPG,part_one_pre_def_rgb,Pre_Defoliation,0.08035624996620581,0.11612168895360571,2355.6171222416665,-0.039228662673201006,0.41726552084816526,0.39305225085867296,0.28848273090297494,7.709710606971791,3543.4118598598598,0.030206171161031758,0.005998851427622034,0.4562189196105165
DJI_20250929100523_0541_D.JPG,part_one_pre_def_rgb,Pre_Defoliation,0.08286126089449782,0.11186416902883432,3641.2631177963613,-0.04415315916169061,0.3850292941233545,0.36021845694799653,0.25254635887814086,7.650814086764577,3142.850920920921,0.03143024769102809,0.006326943250225361,0.4662667753701584
DJI_20250929100805_0619_D.JPG,part_one_pre_def_rgb,Pre_Defoliation,0.11244097712238064,0.10227395770705593,2826.4817406917236,-0.009431392723992233,0.39942750773211205,0.3931830289527644,0.27449757305103617,7.6342416589599935,3281.2208318318317,0.028467690298951014,0.006115450111103248,0.3959990382737526
DJI_20250929100031_0395_D.JPG,part_one_pre_def_rgb,Pre_Defoliation,0.1227101559669736,0.1263412925464189,2627.710328011356,-0.01812164575444881,0.4382452711030486,0.42943664605821497,0.2979178650464077,7.7141150061373,3479.4983403403407,0.029548536273216817,0.0059155214728032314,0.46723529780128026
DJI_20250929100521_0540_D.JPG,part_one_pre_def_rgb,Pre_Defoliation,0.07767092466027072,0.11201650557073216,3451.4078197112603,-0.04773966363382025,0.3927087985667656,0.3654801830458874,0.2605806428647385,7.66768134315612,3228.4944854854857,0.030802944769594973,0.006215548483670831,0.46229995951282926
DJI_20250929100033_0396_D.JPG,part_one_pre_def_rgb,Pre_Defoliation,0.10982145380979244,0.11641197493345373,4350.768542260163,-0.028171959314621305,0.3633471147942279,0.3507384396063172,0.22830831060861392,7.5741523045520545,2948.4373583583583,0.034665621609526506,0.007027616837123409,0.4827616212663377
DJI_20250929100757_0615_D.JPG,part_one_pre_def_rgb,Pre_Defoliation,0.13079041094943966,0.11810662503687477,3733.8881751574595,-0.008063645325433811,0.413941972624298,0.4099471068263075,0.2751618300788771,7.646886597884306,3507.101968968969,0.027653861182926103,0.005929085972295669,0.3627646109240412
DJI_20250929100323_0481_D.JPG,part_one_pre_def_rgb,Pre_Defoliation,0.10975933538381495,0.11902040679869968,3994.938565581808,-0.021611867905926344,0.3969655917258591,0.38539698004550355,0.264069032981333,7.712514503716567,3618.367847847848,0.03235452495962154,0.006256943786045863,0.4828606851760547
DJI_20250929100137_0428_D.JPG,part_one_pre_def_rgb,Pre_Defoliation,0.09722757541062199,0.1145621713500487,3051.7519686917617,-0.020630258258875038,0.36403246522051536,0.3528105404998657,0.24436104036859405,7.606613516474019,3069.177201201201,0.03333588562473584,0.006697775827980713,0.46238481853772667
DJI_20250929100329_0484_D.JPG,part_one_pre_def_rgb,Pre_Defoliation,0.11407149207233219,0.12470587190355675,4169.231644220009,-0.019903200213532604,0.38398778553842716,0.3752058470192317,0.2523524164277041,7.676626532736064,3498.28562062062,0.03297665514297423,0.00647004126776477,0.47925106861403743
DJI_20250929100821_0627_D.JPG,part_one_pre_def_rgb,Pre_Defoliation,0.12354226726462868,0.10682373415471381,3130.2413045422627,-0.014901451070163035,0.4163647008808119,0.4059150920073272,0.27192321586921375,7.646597877835931,3250.4580750750747,0.028674821115837513,0.0060453305945972835,0.4062289982049172
DJI_20250929100553_0556_D.JPG,part_one_pre_def_rgb,Pre_Defoliation,0.10044268613242399,0.12346237027644995,4160.356413130795,-0.036608332926477735,0.4175053006196504,0.3968400459120438,0.2757321050720132,7.733293119705648,3540.091947947948,0.030909370096550925,0.005923514282492136,0.46938533449385994
DJI_20250929100551_0555_D.JPG,part_one_pre_def_rgb,Pre_Defoliation,0.0870062123495107,0.11462742786468755,2978.3842805629947,-0.0390866689388273,0.4031769991294615,0.3801227055993829,0.2700621997197935,7.672778494171313,3302.5995505505502,0.03070813773291939,0.00613398707767964,0.45588455976212366
DJI_20250929095837_0338_D.JPG,part_one_pre_def_rgb,Pre_Defoliation,0.09152807366473874,0.11597878420300135,3437.667022760259,-0.038179286631489694,0.40228644677759573,0.3805328216366364,0.2672511228309383,7.723971941099438,3695.020012012012,0.03118515195873967,0.0061481048370193615,0.46728467163592546
DJI_20250929100005_0382_D.JPG,part_one_pre_def_rgb,Pre_Defoliation,0.10593303691317504,0.11567792039081425,4710.373709958081,-0.03301009420474421,0.3988748545347605,0.38279406902096563,0.2607802465939956,7.704664411682802,3627.865238238238,0.03161132843363937,0.006205479186646255,0.46997695078446217
DJI_20250929100501_0530_D.JPG,part_one_pre_def_rgb,Pre_Defoliation,0.09396094956734417,0.11533805292610234,2404.254426096996,-0.03031603007038248,0.4236963661701773,0.4027082124252096,0.28775910911289787,7.717321937629692,3467.812304304304,0.030697606299332658,0.005999095958182253,0.47194707049617896
DJI_20250929100539_0549_D.JPG,part_one_pre_def_rgb,Pre_Defoliation,0.1005071476226609,0.12318851581071132,4197.502455578827,-0.03492511177614515,0.4099625663567814,0.3903647593447711,0.27025980471009986,7.727658762106827,3751.0707287287287,0.03027522253001786,0.005990141459733696,0.45357675434036065
DJI_20250929100433_0516_D.JPG,part_one_pre_def_rgb,Pre_Defoliation,0.12936219838304536,0.13428861483115334,2319.8580249074994,0.002908163529282388,0.38788101228787003,0.3910054665116039,0.26476772235229235,7.640441016515684,3197.275670670671,0.032517132078063345,0.00644226210109597,0.46061242316659695
DJI_20250929100733_0606_D.JPG,part_one_pre_def_rgb,Pre_Defoliation,0.1592814139206254,0.13502318090059506,6169.59456962678,0.006316661024633733,0.39368976616368884,0.40189766895896456,0.25082415783361484,7.6987023887763035,3855.4257937937937,0.03359562873886797,0.006373068758046172,0.479094605273249
DJI_20250929095957_0378_D.JPG,part_one_pre_def_rgb,Pre_Defoliation,0.09611091698222936,0.1130552319305769,4363.743842995361,-0.03998818817018331,0.38675785129292095,0.3675933645396449,0.2523179608041396,7.681703421638205,3549.9770110110107,0.03240978690597417,0.0064099510026396165,0.4715324857809365
DJI_20250929100431_0515_D.JPG,part_one_pre_def_rgb,Pre_Defoliation,0.12972625105362795,0.13563535639212057,3556.553017482072,-0.00209625793424237,0.3800962332913985,0.38158687800655694,0.2533512716680875,7.637038688724153,3339.915882882883,0.03318707527619389,0.006497285565890554,0.4534222603889225
DJI_20250929100731_0605_D.JPG,part_one_pre_def_rgb,Pre_Defoliation,0.16236721453066322,0.1353177280528703,6853.682788629055,0.0016424665054820514,0.40559122608046805,0.41127069181075016,0.254582943010369,7.718103811482256,3947.130842842843,0.033239329146825994,0.006240345052225501,0.4794108251034855
DJI_20250929100813_0623_D.JPG,part_one_pre_def_rgb,Pre_Defoliation,0.10176349323395135,0.10037488448595858,2838.8441268862107,-0.013056472320709235,0.3771105485503942,0.3684743031937167,0.2580745646030879,7.59372168701569,3066.1995165165163,0.03017150802714487,0.006437989863244972,0.4158465412742692
DJI_20250929095903_0351_D.JPG,part_one_pre_def_rgb,Pre_Defoliation,0.08645393802264602,0.11203537078276712,2824.410366037661,-0.030990330453200297,0.3545312900836714,0.3398755402940966,0.2387658524818758,7.597757565219322,3015.334297297297,0.0348146975717498,0.006981814500665976,0.4917779944733135
DJI_20250929100819_0626_D.JPG,part_one_pre_def_rgb,Pre_Defoliation,0.12599783165173414,0.1084635371671425,3390.0834717047824,-0.007490092969243585,0.3902307011484619,0.38501182120977817,0.2537951096193602,7.596525033028799,3074.4187837837835,0.029800828390459843,0.006349966797912478,0.4062935018046856
DJI_20250929100645_0582_D.JPG,part_one_pre_def_rgb,Pre_Defoliation,0.10263472506844452,0.12468223839065196,455.54949286658706,0.004810933825777079,0.4285857776675336,0.43083590056575993,0.33045129839554166,7.682582230439408,2831.66486986987,0.03241884279246311,0.006168451673012323,0.5219881725422865
DJI_20250929100405_0502_D.JPG,part_one_pre_def_rgb,Pre_Defoliation,0.13988372712583516,0.1280349188925721,4752.869914562965,-0.0026929656118966612,0.4055344041437392,0.4072058316616471,0.26899353205371984,7.715055643279737,3955.5068198198196,0.032693628227442276,0.0061607976268800895,0.45914561424070793
DJI_20250929100741_0610_D.JPG,part_one_pre_def_rgb,Pre_Defoliation,0.14811729717624708,0.1304137345724531,4332.701983094795,0.016797428259455495,0.3829040056711167,0.3932963936486137,0.25557148444986355,7.679764007494529,3689.6626856856856,0.03563863521533227,0.006619277555434309,0.49583712648574085
DJI_20250929095909_0354_D.JPG,part_one_pre_def_rgb,Pre_Defoliation,0.08775199599786601,0.11053427935590886,3187.6163807379494,-0.03466907959088883,0.3789087936703621,0.361576189090092,0.2564915885119559,7.669512356576696,3401.9307337337336,0.03283985799180731,0.006505620791335708,0.48137262830640676
DJI_20250929100519_0539_D.JPG,part_one_pre_def_rgb,Pre_Defoliation,0.06655975065440584,0.10655881953197271,2691.4687384079975,-0.05142550379903572,0.37635647218181933,0.34773764266407603,0.25255906249192694,7.605860023395334,2972.756792792793,0.032491612677283434,0.006566199039374266,0.46242774994144503
DJI_20250929100237_0458_D.JPG,part_one_pre_def_rgb,Pre_Defoliation,0.0976630213242879,0.12363939152210318,1190.1747425908968,-0.017390616829308175,0.43147197154438577,0.4204596562634613,0.31178431965824904,7.683839901057208,3184.993893893894,0.030075460155743465,0.006065670195244713,0.4655102374005288
DJI_20250929095559_0259_D.JPG,part 2_pre_def_rgb,Pre_Defoliation,0.10280415283357576,0.11022739274140846,2115.5043008516254,-0.01644640386662595,0.36393211053916313,0.3545466921640121,0.2423571209552853,7.580020626083806,2725.2824324324324,0.035191395321649846,0.007019468363007445,0.5020486624508959
DJI_20250929094759_0019_D.JPG,part 2_pre_def_rgb,Pre_Defoliation,0.08016693300248064,0.11080132603632291,3813.526588112339,-0.061380978647056196,0.4536146583752231,0.41559900231272456,0.2974164132477454,7.728887270396702,3969.7242402402408,0.02849091415055948,0.00583360341699062,0.4201245370222481
DJI_20250929095129_0124_D.JPG,part 2_pre_def_rgb,Pre_Defoliation,0.0739935160953495,0.10923585202807197,1774.7725389786867,-0.04611180094902099,0.3729442481752636,0.3475646642554132,0.24819156424021335,7.583222869421406,2794.5499769769767,0.03581457501050635,0.007080662569920679,0.4983022020648415
DJI_20250929095415_0207_D.JPG,part 2_pre_def_rgb,Pre_Defoliation,0.10165110744331435,0.12035421149079718,18.00023950073301,0.015193966307556771,0.4304465561311083,0.4467333916170568,0.36136911965969093,7.492893868234128,2276.3622752752754,0.035529319770760764,0.007206634771783779,0.4730579092759193
DJI_20250929095655_0287_D.JPG,part 2_pre_def_rgb,Pre_Defoliation,0.07775175868751152,0.11158154189793719,2671.024070920192,-0.04719075032104276,0.41248065244727056,0.38446227595199,0.27869214076919796,7.694238206073021,3489.2560840840843,0.03047411335394462,0.006130644788784208,0.4557175555874956
DJI_20250929095123_0121_D.JPG,part 2_pre_def_rgb,Pre_Defoliation,0.09243653562629206,0.11465472928230648,2233.6337952480367,-0.04048917884067359,0.36945325759528314,0.35039288813159847,0.23889598304162182,7.560597281527085,2784.95525025025,0.03569358609541162,0.007229224378073484,0.4935503715854437
DJI_20250929095421_0210_D.JPG,part 2_pre_def_rgb,Pre_Defoliation,0.10669233504827613,0.12022639498652656,22.678329569775304,0.019481860380324133,0.422790359356967,0.4419992039964866,0.35451571358773004,7.498545913390141,2285.509782782783,0.035188491075279445,0.007169669582322287,0.4746593698045434
DJI_20250929095337_0188_D.JPG,part 2_pre_def_rgb,Pre_Defoliation,0.07965605356184818,0.10470295543356045,2033.1655443860857,-0.03514225949181468,0.36808786712512626,0.3491036459356547,0.25046337118433487,7.6055812914823475,3161.047781781782,0.03376693708489287,0.006769386890490705,0.45637291798375235
DJI_20250929094915_0057_D.JPG,part 2_pre_def_rgb,Pre_Defoliation,0.13874544867277425,0.1301506784588985,213.4110234589264,0.005139816522039682,0.4354910204690694,0.4457029778544381,0.31716948656703237,7.5237641255444805,2418.455007007007,0.0350868858687961,0.006968175146642318,0.4656258530862031
DJI_20250929095511_0235_D.JPG,part 2_pre_def_rgb,Pre_Defoliation,0.09975004836324945,0.11660488213973921,3469.31444124735,-0.03087264389062881,0.3743128573548487,0.3591571909618399,0.24425147620558166,7.6305771270290705,3175.6057237237237,0.03364058817616818,0.006727512771951119,0.48027612121641
DJI_20250929094741_0010_D.JPG,part 2_pre_def_rgb,Pre_Defoliation,0.08476007510121737,0.11481219426388223,1307.41111210081,-0.04725034129721696,0.45182664181967175,0.4230200598217348,0.3094534027225806,7.622135422039299,3060.617962962963,0.029848935532834877,0.006334844582269334,0.4276927907827491
DJI_20250929095223_0151_D.JPG,part 2_pre_def_rgb,Pre_Defoliation,0.10679781574593253,0.12495516935797778,128.20428012304905,-0.0053565658360206995,0.4321986181027548,0.43296702433692774,0.32693761482516837,7.495080374817804,2244.4144304304305,0.0360287408868541,0.007279655987008389,0.4944397048011264
DJI_20250929095541_0250_D.JPG,part 2_pre_def_rgb,Pre_Defoliation,0.09534976673743922,0.11713382397223199,2048.316841271055,-0.035248802599007964,0.4184666921775298,0.39829700382159794,0.2827775487282268,7.677708410660679,3212.0193933933933,0.03064858256130241,0.006239617794995542,0.4808581866369466
DJI_20250929095007_0083_D.JPG,part 2_pre_def_rgb,Pre_Defoliation,0.1042083510565117,0.11281377953246927,3355.4760112472304,-0.026568222548014265,0.3762548731230704,0.36237706741626696,0.24429091065295194,7.616025658789731,3092.6872112112114,0.03281155753353682,0.006739955011728691,0.4778930412824556
DJI_20250929095513_0236_D.JPG,part 2_pre_def_rgb,Pre_Defoliation,0.09278100249506305,0.11721409453253422,3278.4578695323694,-0.038103952242769655,0.39183467188388976,0.3717759689246597,0.2589362634703665,7.672395145499553,3345.4472252252253,0.03239281713788887,0.006454853530721828,0.4797011457782045
DJI_20250929094733_0006_D.JPG,part 2_pre_def_rgb,Pre_Defoliation,0.09849042846985288,0.11833259959433796,845.1096260510957,-0.024917041184775893,0.4426737367128731,0.4292426681238724,0.31732117106501884,7.5954056683100095,2712.593234234234,0.031883717624959285,0.006540900969101251,0.4540320736322476
DJI_20250929095439_0219_D.JPG,part 2_pre_def_rgb,Pre_Defoliation,0.09038790273669906,0.11228660478641121,19.21516682911898,0.010483368700810508,0.42026774052606003,0.4312309748063517,0.3518063063499445,7.528465817744459,2362.592203203203,0.03548597667211668,0.007077148541391679,0.48928386033345694
DJI_20250929095533_0246_D.JPG,part 2_pre_def_rgb,Pre_Defoliation,0.07347724948437566,0.10520397800038321,2404.843640790312,-0.04978035425604694,0.3796676896545301,0.35282109236209114,0.2524972455852764,7.62065712385787,2989.511910910911,0.0339143049829187,0.006797325913586272,0.4981510543845574
DJI_20250929095229_0154_D.JPG,part 2_pre_def_rgb,Pre_Defoliation,0.10130151343176606,0.11839893381300423,455.1462354275782,-0.01570222517898879,0.41114958242389393,0.40381528869705813,0.295179481538456,7.516461074063112,2352.0820030030027,0.0350287570845952,0.007276352428519621,0.5092088162711744
DJI_20250929095531_0245_D.JPG,part 2_pre_def_rgb,Pre_Defoliation,0.07381035136501517,0.10596602465257116,2273.9721830806193,-0.04729957954333663,0.382265592191468,0.35617268864220625,0.2562694337279294,7.62411621632194,3043.257533533534,0.03340123273264579,0.00671125826010893,0.4859097027205135
DJI_20250929094731_0005_D.JPG,part 2_pre_def_rgb,Pre_Defoliation,0.09392783838954584,0.11634101902661305,1076.3209924296139,-0.029984896455170374,0.4295573938471733,0.41302101244257244,0.3025567926484256,7.590901972689027,2738.659687687688,0.031759442103824,0.006584855943394869,0.45287905404090145
DJI_20250929094749_0014_D.JPG,part 2_pre_def_rgb,Pre_Defoliation,0.07465861009277934,0.10770148603089168,1667.1141259416513,-0.061391448098387424,0.44051454122952,0.4036086929486382,0.2920442345749772,7.624618744056859,3189.9619369369375,0.02994564234307833,0.006377499457166028,0.4274460536921974
DJI_20250929095033_0096_D.JPG,part 2_pre_def_rgb,Pre_Defoliation,0.11348167051620109,0.11824204741061428,3347.683318761915,-0.02083438265164735,0.3662014039460807,0.35637079359886864,0.23305851273545544,7.592947885018885,3059.157373373373,0.03412372106545296,0.006905714234551665,0.4713917651197193
DJI_20250929095549_0254_D.JPG,part 2_pre_def_rgb,Pre_Defoliation,0.10352886223352903,0.11815618241513222,3305.0667391995976,-0.0365642073095886,0.40651328682651167,0.387571425159824,0.2651007012596073,7.676634164391261,3239.809661661662,0.03190215582489581,0.0063807816162045035,0.49112658117722513
DJI_20250929095215_0147_D.JPG,part 2_pre_def_rgb,Pre_Defoliation,0.10323423617156517,0.11687099910140038,39.484846343107314,0.0015176940983672887,0.4252631756811558,0.4305550801838645,0.33261274851500794,7.448257935597149,2063.0801261261263,0.037879991784239724,0.007637111667624936,0.504917432848985
DJI_20250929094817_0028_D.JPG,part 2_pre_def_rgb,Pre_Defoliation,0.07758405480186989,0.09821821438974075,2828.995431972195,-0.05363940209132688,0.3730506957624181,0.346461753118228,0.24228875567216807,7.5410558847398805,2933.683920920921,0.033444618320278924,0.007007898055742835,0.43118721486708256
DJI_20250929095139_0129_D.JPG,part 2_pre_def_rgb,Pre_Defoliation,0.08113392538511867,0.1006696458784867,1622.9089137456313,-0.03962667567414958,0.3685201162955914,0.34592351464745597,0.24219298761420185,7.54271822783905,2417.170941941942,0.03756093717904224,0.007424003741059333,0.5394310409305584
DJI_20250929095031_0095_D.JPG,part 2_pre_def_rgb,Pre_Defoliation,0.1103129937707534,0.11683196323389952,3105.795320955466,-0.018990913321296224,0.34183331992830224,0.33425253678010103,0.2163587598611464,7.516980897080804,2774.7700070070077,0.036230132700261736,0.007399543921570049,0.4713192899796695
DJI_20250929095005_0082_D.JPG,part 2_pre_def_rgb,Pre_Defoliation,0.07242912099193326,0.10460058276532662,2417.882510550274,-0.051176225885038076,0.3851910216931704,0.356526946816046,0.25543375094698845,7.616004824621302,3201.750328328328,0.032957174334838496,0.006736377564135676,0.45726347695632996
DJI_20250929094743_0011_D.JPG,part 2_pre_def_rgb,Pre_Defoliation,0.07921673126614986,0.11257125332456701,820.4617693908164,-0.04596567752793391,0.4545977904904033,0.42633518653194646,0.31885585130733973,7.616089667696029,2958.666166166166,0.02990783145569139,0.006365483858287246,0.4360652067618257
DJI_20250929095221_0150_D.JPG,part 2_pre_def_rgb,Pre_Defoliation,0.1079025427579188,0.12374022634204372,94.24621818462678,-0.00290807150690952,0.4360173804676756,0.43884846164313696,0.33377700006067934,7.5032857790508976,2242.241362362363,0.03570664716837567,0.007232265379490458,0.49866930206638316
DJI_20250929095055_0107_D.JPG,part 2_pre_def_rgb,Pre_Defoliation,0.09991996914815195,0.12002469410756184,2327.9772943719877,-0.03386687776343055,0.4032572530230034,0.3860165857408318,0.2688559493105083,7.677082400639976,3431.6895205205205,0.03242347089449414,0.0063875492773641865,0.4767251330056488
DJI_20250929095543_0251_D.JPG,part 2_pre_def_rgb,Pre_Defoliation,0.09766819934610484,0.11919299541869487,2366.1264248332855,-0.036274604261351824,0.4195626105445702,0.399210260240843,0.2811897105910109,7.6838423626284476,3290.7001141141145,0.030448984722477306,0.006218971823821075,0.47860429500670154
DJI_20250929095313_0176_D.JPG,part 2_pre_def_rgb,Pre_Defoliation,0.10713163462676487,0.1145221013017646,2579.8268346908526,-0.019657760254986875,0.3974968804202136,0.387954336306021,0.2712801575650636,7.696099355714601,3456.0867877877877,0.03192064954296276,0.006251110115729867,0.4721641835232534
DJI_20250929095121_0120_D.JPG,part 2_pre_def_rgb,Pre_Defoliation,0.09621857120992834,0.10986568100197217,1646.533920317208,-0.027083234993247707,0.34400235909772797,0.332931681615717,0.22564243292377772,7.45627230850371,2394.5706056056056,0.03801638914049097,0.00789996243050563,0.49704221742522375
DJI_20250929095311_0175_D.JPG,part 2_pre_def_rgb,Pre_Defoliation,0.11449650815836951,0.11685801656400603,2971.3840164227413,-0.02108392918479285,0.4134651410239311,0.4023966229910476,0.2768315967997948,7.719077881364463,3563.791277277277,0.03139318014750708,0.006088155114627652,0.47033453557944777
DJI_20250929095423_0211_D.JPG,part 2_pre_def_rgb,Pre_Defoliation,0.10186156492961496,0.11770850770641454,22.139385791463187,0.01659363087361688,0.42430286328460365,0.44106473139321595,0.35596503457221357,7.490895242017747,2292.6285875875874,0.03525498741511346,0.0072187630845180345,0.4694674541725882
DJI_20250929095637_0278_D.JPG,part 2_pre_def_rgb,Pre_Defoliation,0.10534502484849685,0.11015673584435877,4330.39527241486,-0.03461207779898775,0.3987103002681907,0.3795521805291961,0.2550490359417046,7.665972995217595,3352.171786786787,0.031661354968231206,0.006343033455118465,0.4606514156917197
DJI_20250929095151_0135_D.JPG,part 2_pre_def_rgb,Pre_Defoliation,0.10191586394186317,0.11663950572334973,87.45646411401502,-0.016605610397760526,0.44735736014309513,0.43876640144981605,0.3282595788146738,7.492625331608842,2196.3196376376377,0.03582664040961526,0.007228091440098623,0.4972949182297277
DJI_20250929095429_0214_D.JPG,part 2_pre_def_rgb,Pre_Defoliation,0.09690067589143081,0.1163816885949569,15.261282134258881,0.01397344303174851,0.42127110259797756,0.4354683984464883,0.3527650184035682,7.465122820487353,2228.42627027027,0.036106581105212796,0.007409393925116735,0.47188506435159916
DJI_20250929095153_0136_D.JPG,part 2_pre_def_rgb,Pre_Defoliation,0.0985541570015266,0.1181415887865594,71.6868457453685,-0.013116690590231359,0.4497807993919447,0.44410055432995266,0.339866152266434,7.51224373854875,2258.0590030030025,0.03501684286973794,0.007067530475637234,0.4912729254387028
DJI_20250929095239_0159_D.JPG,part 2_pre_def_rgb,Pre_Defoliation,0.09152365563684187,0.11335746749397582,353.8287872697669,-0.023525299437045944,0.4301491080660287,0.41591227113068474,0.31015177855849885,7.56785643392673,2380.1893623623623,0.03443115345172337,0.006896862174133258,0.5123790851650031
DJI_20250929094006_0737_D.JPG,part 2_pre_def_rgb,Pre_Defoliation,0.1394836057220633,0.12638877216060113,418.0981518269252,0.0034413010133877426,0.4524323015890181,0.4613091865917247,0.3307024658723679,7.60270367613001,2694.416896896897,0.03279156146123895,0.006352686825523233,0.4553249515381217
DJI_20250929095253_0166_D.JPG,part 2_pre_def_rgb,Pre_Defoliation,0.07825449166169517,0.1062720688059124,157.30977479456584,-0.016531609741122007,0.42004990050988683,0.4097906676726823,0.32127694317378275,7.534117176073068,2347.382664664665,0.035516123270933536,0.007120143656903574,0.5000823981797947
DJI_20250929094807_0023_D.JPG,part 2_pre_def_rgb,Pre_Defoliation,0.08309981187146549,0.11713132698940981,3875.085181295294,-0.06515131593219986,0.44262849379418395,0.4053066658075431,0.2848850259494367,7.691685839985585,3840.9727127127126,0.02901108436599133,0.0060561510676784905,0.41370932288075507
DJI_20250929093936_0722_D.JPG,part 2_pre_def_rgb,Pre_Defoliation,0.12464650106909819,0.11808170049455848,84.18571457558431,-0.0011555739321607132,0.44740106392389967,0.4545002617548229,0.3369529585166481,7.551453864940392,2678.471254254254,0.032456441702703356,0.006580817236776311,0.4344661568917257
DJI_20250929094026_0747_D.JPG,part 2_pre_def_rgb,Pre_Defoliation,0.0914852748174062,0.115954207214196,314.1224348258327,-0.04096415900004592,0.4498567723118294,0.42614794941324263,0.3109538516972496,7.540660516926575,2704.565791791792,0.03258914329728025,0.006858316518974858,0.4392290191617867
DJI_20250929095251_0165_D.JPG,part 2_pre_def_rgb,Pre_Defoliation,0.07383619416222537,0.09917530301797915,755.4999394059496,-0.026872732824779966,0.3799108940922939,0.3636312674715994,0.27351544668867944,7.509912540969557,2417.213254254254,0.03668005752378846,0.007289527060951205,0.4775185070401779
DJI_20250929094923_0061_D.JPG,part 2_pre_def_rgb,Pre_Defoliation,0.11643040975237415,0.12320200740536998,81.65423125522884,0.003188752890296939,0.4321778230319612,0.44135350974504456,0.3340987867057538,7.507394570364174,2387.098163163163,0.03485749195256101,0.0070518139106744825,0.46094891652097336
DJI_20250929093940_0724_D.JPG,part 2_pre_def_rgb,Pre_Defoliation,0.10866320711726796,0.11675248347033543,69.24751513570921,-0.01010025171886516,0.4511193268556618,0.45123647462401323,0.34269041527509675,7.552772773072248,2671.855133133133,0.032326075862103315,0.006568612806501024,0.434500905315032
DJI_20250929095627_0273_D.JPG,part 2_pre_def_rgb,Pre_Defoliation,0.10941607402911527,0.1096559022568228,4369.003300754141,-0.02836092632267734,0.4015586919573418,0.3851138492670715,0.2592529325476859,7.69463957118614,3488.962239239239,0.03135310332200946,0.0062121778561369965,0.46406282147532846
DJI_20250929095355_0197_D.JPG,part 2_pre_def_rgb,Pre_Defoliation,0.11239343713708788,0.11998167688941773,49.95708181055752,0.011277092578623096,0.4272272547412506,0.4389818509021098,0.3383430099258811,7.496174820661082,2297.7390430430432,0.03551897558764763,0.007229266409764817,0.4724764081202046
DJI_20250929095115_0117_D.JPG,part 2_pre_def_rgb,Pre_Defoliation,0.09140480482875504,0.1112804339360456,510.68946109781797,-0.014136063852626012,0.3545551923430463,0.3509996655501064,0.25603933392841155,7.4651182644969305,2231.614488488489,0.03886188097444404,0.008046221013838388,0.5441113086057413
DJI_20250929095325_0182_D.JPG,part 2_pre_def_rgb,Pre_Defoliation,0.1039869540134588,0.11664014428061442,2218.411883485592,-0.02482539236710389,0.4024626170480755,0.3907387448805548,0.2750279186995753,7.693916022659434,3590.070164164164,0.03146485514581996,0.006217174911041598,0.46049680922307584
DJI_20250929094929_0064_D.JPG,part 2_pre_def_rgb,Pre_Defoliation,0.10188526217086705,0.11764002390463137,54.08956624565064,-0.0070744904313174255,0.44356357826014864,0.44493382908667956,0.34441881774234345,7.5248796667330735,2440.133158158158,0.034730733627271124,0.006929745610560313,0.4647115603449121
DJI_20250929094951_0075_D.JPG,part 2_pre_def_rgb,Pre_Defoliation,0.12098261731692707,0.11980275426776058,1091.3049192316096,-0.016463758702668817,0.4237889757850316,0.4186742061893544,0.2925768192767501,7.627075414622691,3285.6923103103104,0.03082571521910235,0.006339104377147013,0.43268967423665416
DJI_20250929095613_0266_D.JPG,part 2_pre_def_rgb,Pre_Defoliation,0.10024522871010708,0.11365653485578706,3262.199691587884,-0.030758889839241153,0.3777317945784497,0.3616303767692388,0.24528373024992084,7.61177354722629,3155.570752752753,0.034049704545018405,0.006818521318710858,0.46722551710795224
DJI_20250929095611_0265_D.JPG,part 2_pre_def_rgb,Pre_Defoliation,0.11075185083301942,0.11561386974388778,3089.8641524415116,-0.023967207474539974,0.39938880267613985,0.38551714169290596,0.2608936298766527,7.6732427047841165,3254.085837837838,0.03238704710255384,0.006408755043710077,0.4859233175986118
DJI_20250929095327_0183_D.JPG,part 2_pre_def_rgb,Pre_Defoliation,0.10284738330789005,0.11792319450342943,2335.874537790434,-0.029366522763340782,0.4166640641380797,0.4017046207405044,0.28389779403503906,7.719013300472622,3744.1116416416417,0.030487162367535396,0.00603419054219732,0.45688736846117756
DJI_20250929094953_0076_D.JPG,part 2_pre_def_rgb,Pre_Defoliation,0.10564000969217544,0.12068534538551093,473.00442515761597,-0.021865823706578434,0.43966343008386355,0.4298904140585057,0.31447738834097233,7.624103281583994,3195.7233623623624,0.030581036375583057,0.006315842726733172,0.4337416318979008
DJI_20250929094014_0741_D.JPG,part 2_pre_def_rgb,Pre_Defoliation,0.09992533660521229,0.11489573140840564,83.82118552799255,-0.01026430483354103,0.4430375898099534,0.44151493710975204,0.34006694780433855,7.531235457523889,2497.005552552552,0.03424261194886867,0.006824774870023258,0.4507204397275682
DJI_20250929095451_0225_D.JPG,part 2_pre_def_rgb,Pre_Defoliation,0.10470644483855986,0.11984236810248555,111.02345655886121,0.008411380472377758,0.43229438090384603,0.44288811582787974,0.3487754059133535,7.614763147605338,2712.248795795796,0.03234862461996989,0.0064670591372675695,0.4800866905444423
DJI_20250929093942_0725_D.JPG,part 2_pre_def_rgb,Pre_Defoliation,0.10818772465630551,0.11890331386868126,76.70853707958095,-0.009346589689490445,0.4525192895393596,0.45333668290139845,0.3459663516071318,7.568508660577676,2703.391766766767,0.03235961129966723,0.00649396026075126,0.43775647882178853
DJI_20250929095625_0272_D.JPG,part 2_pre_def_rgb,Pre_Defoliation,0.10963640054713553,0.1083950080859194,4059.9843744272284,-0.02600542647574892,0.3935077990621135,0.3784800908252813,0.2538159820413136,7.66963682265992,3338.043923923924,0.031858827092850206,0.006335511445166712,0.46358912730678326
DJI_20250929094921_0060_D.JPG,part 2_pre_def_rgb,Pre_Defoliation,0.13638249014561243,0.1272593150766918,129.90245504613546,0.005050555842768206,0.4422640036765082,0.4529512886327739,0.3272560834434273,7.513929762863452,2417.9062072072074,0.03478718808387605,0.007014710372999911,0.45967481790124926
DJI_20250929095453_0226_D.JPG,part 2_pre_def_rgb,Pre_Defoliation,0.10645553273320849,0.12291135420610183,168.8380710231188,0.0064500008258250845,0.4362142457405795,0.4455474447607581,0.3484251110477282,7.636735594377642,2801.6213323323327,0.03190815362313584,0.0063289259794061066,0.47879676629921336
DJI_20250929094016_0742_D.JPG,part 2_pre_def_rgb,Pre_Defoliation,0.1020346383375178,0.11471107574120501,75.94093037034888,-0.010606349262821736,0.4446565863836726,0.4429792488241122,0.33926727292703396,7.529038396061809,2517.850552552553,0.03415235292642864,0.006846517928164186,0.44874450320873394
DJI_20250929094024_0746_D.JPG,part 2_pre_def_rgb,Pre_Defoliation,0.09220622611501321,0.11550445578516462,216.64918657941834,-0.03896597819442615,0.4502632228052848,0.42791781097569404,0.31336617303109005,7.518588179904601,2598.55986986987,0.03367189235692074,0.006991775200619048,0.4387135773059609
DJI_20250929095735_0307_D.JPG,part 2_pre_def_rgb,Pre_Defoliation,0.12067373348364992,0.11950929712054732,5058.649737859389,-0.014543585603465478,0.3795730332378685,0.3718837519457947,0.24352073717007103,7.672955420537575,3505.5398258258256,0.03155461749005287,0.006316504219335265,0.4489314187989352
DJI_20250929093950_0729_D.JPG,part 2_pre_def_rgb,Pre_Defoliation,0.11567815000958254,0.12643107109356272,94.35576187865583,-0.0039626757569688675,0.45285986632067415,0.4576595005322961,0.34678098473433555,7.571258220271519,2676.655133133133,0.03259820436607867,0.00652324016665656,0.44400554679793786
DJI_20250929094855_0047_D.JPG,part 2_pre_def_rgb,Pre_Defoliation,0.06764785467684638,0.09846903784466665,1123.386824006067,-0.034371006979678986,0.379059999792729,0.36248839845249614,0.27826894243541705,7.622231166074164,3333.1062532532533,0.03309857620838672,0.006631299706502423,0.4453122364786845
DJI_20250929094805_0022_D.JPG,part 2_pre_def_rgb,Pre_Defoliation,0.08148620753721716,0.11441965424426587,3635.338685053957,-0.059568722184538014,0.4200081081663599,0.3878645338623853,0.27423475202119335,7.655867499434388,3672.685630630631,0.02993463601962973,0.006300447092985501,0.41406809366657477
DJI_20250929094831_0035_D.JPG,part 2_pre_def_rgb,Pre_Defoliation,0.07782326382693286,0.09871191343955539,3417.4070046513866,-0.047821996458472064,0.38257841323633046,0.35644336456968423,0.2524850520761051,7.618618759566935,3215.2765885885883,0.03326411806164124,0.00670971150174468,0.45922649289953704
DJI_20250929095017_0088_D.JPG,part 2_pre_def_rgb,Pre_Defoliation,0.09304384680535203,0.11969719251956941,2694.9640588622287,-0.0422486106492661,0.39838241489720255,0.37786437934781103,0.2643024969930675,7.643439153627341,3492.990738738739,0.031555282132858624,0.006487710782085834,0.44584535098128053
DJI_20250929095715_0297_D.JPG,part 2_pre_def_rgb,Pre_Defoliation,0.0851818048894344,0.10392584835173933,2955.082992992191,-0.03657619102155263,0.3888742278401694,0.36747003731480027,0.2608840418999968,7.674179150549618,3404.409166166166,0.03225318597391176,0.006351159036348316,0.4615355277776085
DJI_20250929094939_0069_D.JPG,part 2_pre_def_rgb,Pre_Defoliation,0.12111687921714016,0.11724588045081515,134.70323229443045,-0.004093962053333056,0.4331308202992874,0.4368763712933774,0.31950504307032734,7.521123819451401,2461.0904184184183,0.03424556859673933,0.006934800200162838,0.4646771312846294
DJI_20250929094004_0736_D.JPG,part 2_pre_def_rgb,Pre_Defoliation,0.12782322139644225,0.12548796897501413,274.26396281645015,0.0036842365738190518,0.44882399746137996,0.45800695762418087,0.3393666963905395,7.599093695235715,2684.1936826826827,0.03270777499507632,0.006375256909130343,0.4550109867192118
DJI_20250929094833_0036_D.JPG,part 2_pre_def_rgb,Pre_Defoliation,0.08101419367498816,0.10111170921469696,3436.8583016788716,-0.046266344804041966,0.3762250889838731,0.352099883102121,0.24696048354538067,7.599012046656053,3196.1795505505506,0.03362803333397646,0.006830795992269285,0.45208226749868435
DJI_20250929095135_0127_D.JPG,part 2_pre_def_rgb,Pre_Defoliation,0.08458704750322471,0.10805170827750578,617.1155021290393,-0.026341778308665968,0.400734274471654,0.3831829974115148,0.2810446728481508,7.558513054172997,2260.0786646646648,0.03639013083328534,0.007134478268208469,0.5419246882134341
DJI_20250929095649_0284_D.JPG,part 2_pre_def_rgb,Pre_Defoliation,0.08576574531672522,0.11733379462374399,2875.4309836615525,-0.040550815356690605,0.40676287442467257,0.38340023589099825,0.27427185204059873,7.679698626881816,3431.929378378378,0.031001418605666048,0.006241924485360312,0.4573604707031759
DJI_20250929095409_0204_D.JPG,part 2_pre_def_rgb,Pre_Defoliation,0.10360277596040102,0.12449561862692939,25.218920570943972,0.01729753837604539,0.4239165454956992,0.4417428952959681,0.3559664691358358,7.4692466693505475,2229.9335905905905,0.036014284496762784,0.007373971591932003,0.47180681207937486
DJI_20250929095305_0172_D.JPG,part 2_pre_def_rgb,Pre_Defoliation,0.10019656732074207,0.11054177039332115,3209.8268983494554,-0.03244774760767947,0.38070711745570857,0.3638422771175143,0.2467808694585779,7.621976828362874,2998.8446946946947,0.033766020916670594,0.006764641490027592,0.4913258454501021
DJI_20250929095617_0268_D.JPG,part 2_pre_def_rgb,Pre_Defoliation,0.08556387906604257,0.10405964727784595,2289.6910882391826,-0.037177696591142916,0.40657474232301005,0.3842039504889495,0.27626927958884634,7.670071692990852,3331.72675975976,0.03148246758369373,0.006293610168128289,0.4639272943410626
DJI_20250929094903_0051_D.JPG,part 2_pre_def_rgb,Pre_Defoliation,0.09776679372533399,0.10627173023142723,2528.697468906641,-0.02116895251474528,0.3700901336267571,0.35945880491256466,0.2510606824730382,7.597789993018271,3160.884042042042,0.03443118679692856,0.006785858804274031,0.4558681456082831
DJI_20250929095219_0149_D.JPG,part 2_pre_def_rgb,Pre_Defoliation,0.09857427093152425,0.12143355962073683,80.4916900053597,-0.003920878678005426,0.4294140093914822,0.4313308060531563,0.3346733317833062,7.4888589087756525,2197.5978648648647,0.03652267867320019,0.007341536174988441,0.4985742237908085
DJI_20250929094957_0078_D.JPG,part 2_pre_def_rgb,Pre_Defoliation,0.1108082957767168,0.12293607125072366,521.912139709867,-0.021672485927330103,0.4358869624695176,0.4247144961180232,0.30273373398981185,7.582701232360291,2858.8665755755756,0.031188602310705478,0.006571310642863145,0.45082574473989184
DJI_20250929094909_0054_D.JPG,part 2_pre_def_rgb,Pre_Defoliation,0.1379332840238464,0.12656670230060482,1065.7682675550857,-0.006522758578105028,0.44679004345633216,0.4469694395705704,0.3092155516609622,7.6328507387519755,3038.7472432432432,0.03220000906259037,0.006330714597633198,0.44471434065158044
DJI_20250929095059_0109_D.JPG,part 2_pre_def_rgb,Pre_Defoliation,0.10049047807222286,0.1186167142813567,2640.7012306702104,-0.03150010522586926,0.39780174349514297,0.3825313933061658,0.26677056504496577,7.674299725921207,3425.358888888889,0.0326029799721018,0.00643425433582535,0.48103068031665774
DJI_20250929095643_0281_D.JPG,part 2_pre_def_rgb,Pre_Defoliation,0.09927451690070274,0.1176448286581148,3700.1543938216696,-0.03872018834786076,0.40983582760784554,0.3881558334489846,0.2672013223894209,7.685388295448265,3457.2523313313313,0.031093609639709217,0.006231473034612766,0.4616694635138123
DJI_20250929095403_0201_D.JPG,part 2_pre_def_rgb,Pre_Defoliation,0.10359131015291798,0.12009885844519133,21.593280610783626,0.011508698036302417,0.42665543159844443,0.44012723815205523,0.3500077345527481,7.4767683143338655,2251.400125125125,0.03603423237551984,0.0073232062356450136,0.4698834437138728
DJI_20250929095457_0228_D.JPG,part 2_pre_def_rgb,Pre_Defoliation,0.10589286894400497,0.12534028631719618,370.4379092988598,-0.0002436056821529796,0.435392173384352,0.4392019273430793,0.33711881235780156,7.664593807370561,3026.42853053053,0.0310170391146264,0.006159550810921072,0.4679297963313189
DJI_20250929095145_0132_D.JPG,part 2_pre_def_rgb,Pre_Defoliation,0.09095614369472395,0.10570482287715857,551.1939394160927,-0.02967807874239467,0.4013905143897189,0.38463371559825943,0.27692077311207597,7.510630710953619,2226.3480250250254,0.03586170048314039,0.00734257092456155,0.5264832329947424
DJI_20250929095025_0092_D.JPG,part 2_pre_def_rgb,Pre_Defoliation,0.09355952427084141,0.12057785014574104,2905.3813531810533,-0.04305221628289338,0.3895971579757006,0.36808454309045374,0.2530124039343654,7.630130541169137,3305.2985265265265,0.032554638948914194,0.006598628968704711,0.4580280318358357
DJI_20250929095527_0243_D.JPG,part 2_pre_def_rgb,Pre_Defoliation,0.07631356613178716,0.10775766828554287,2310.6570060198815,-0.04183762649914153,0.3753858658854049,0.35293954214571815,0.25417965227424427,7.62788953554304,3084.988782782783,0.03395509073091749,0.006777207954960649,0.49176300400615985
DJI_20250929095201_0140_D.JPG,part 2_pre_def_rgb,Pre_Defoliation,0.09665042705350055,0.12227959375687347,64.31714894296792,-0.007673242060554021,0.4524830784950558,0.4513920454545454,0.3536505853605345,7.5382110396534925,2299.672351351351,0.034844163450111924,0.006961696126714269,0.4973561590070929
DJI_20250929094727_0003_D.JPG,part 2_pre_def_rgb,Pre_Defoliation,0.09122323649869299,0.11095704966923813,858.1316498983846,-0.019190598137333356,0.395577431101895,0.3871732579993115,0.28754584839803493,7.523168344092012,2470.35988988989,0.034540550577587835,0.007075687361516492,0.4643951747818233
DJI_20250929095507_0233_D.JPG,part 2_pre_def_rgb,Pre_Defoliation,0.10728040005719482,0.11966383681248886,3143.1032317720023,-0.0248671646350203,0.3749131875917325,0.36267360791943704,0.24315362818994685,7.616402056361204,3056.2540560560556,0.0337403441417757,0.006747054280215841,0.47860590174528395
DJI_20250929095235_0157_D.JPG,part 2_pre_def_rgb,Pre_Defoliation,0.08893176790356427,0.10756758371671207,1009.0278533688012,-0.029477708495303904,0.3783770955029988,0.3626577101908876,0.2580065569752122,7.463913576454733,2364.2356706706705,0.03699757767889073,0.007658246688108807,0.47952783866275656
DJI_20250929095013_0086_D.JPG,part 2_pre_def_rgb,Pre_Defoliation,0.09996858622957103,0.12008067751495109,2417.8816685379293,-0.029085619497795874,0.4026984949041357,0.3890876678520168,0.27550825457032707,7.669662017872101,3601.316652652653,0.03068886004588435,0.006300226226745022,0.4439196506053163
DJI_20250929095041_0100_D.JPG,part 2_pre_def_rgb,Pre_Defoliation,0.11959460576291674,0.11936012588264065,3694.285305387014,-0.019460180844737877,0.3761305527243529,0.3663956383408221,0.23706611819437462,7.617510353777865,3147.6922352352353,0.033617778761593844,0.006746149090003984,0.47455450438438695
DJI_20250929095011_0085_D.JPG,part 2_pre_def_rgb,Pre_Defoliation,0.1056925179875241,0.11923864709471972,2879.89366597003,-0.027684442971955887,0.39334431344312093,0.38060530868519854,0.26217378593975205,7.6514745550659375,3424.6719199199197,0.031084166173260583,0.0064264015182925,0.45132352964727024
DJI_20250929094837_0038_D.JPG,part 2_pre_def_rgb,Pre_Defoliation,0.09121232435278857,0.10654226328618109,3604.809928086146,-0.04144324620122702,0.37384169003723067,0.3537366488518685,0.24241928331371765,7.581804601955099,3239.7724674674673,0.033696788974552104,0.006937160605776935,0.4405521868209779
DJI_20250929095419_0209_D.JPG,part 2_pre_def_rgb,Pre_Defoliation,0.10991940046693066,0.1223845596200937,21.669813408043986,0.02264000096022302,0.42339945149015884,0.4451747492245358,0.35703064649198224,7.507492168186333,2291.74002002002,0.035263236279072366,0.007113233482958054,0.47806538143369
DJI_20250929095659_0289_D.JPG,part 2_pre_def_rgb,Pre_Defoliation,0.06982944688814031,0.1053591099475363,1812.8800303002836,-0.0442527292330527,0.40366106531622054,0.3775698696880781,0.2816492271717953,7.685280529151082,3432.7744474474475,0.031064590489384966,0.006193259608048156,0.4553044557060698
DJI_20250929094755_0017_D.JPG,part 2_pre_def_rgb,Pre_Defoliation,0.07196757319222077,0.10926500249766083,2444.3229650685557,-0.06485773600040079,0.44719143739933087,0.4084551807478821,0.2977513509042125,7.693198741814736,3633.6238158158158,0.028492367666799884,0.005983923870038785,0.42208658793855935
DJI_20250929095505_0232_D.JPG,part 2_pre_def_rgb,Pre_Defoliation,0.11938148811015045,0.12423699871842493,3415.5631934023386,-0.020712772192324955,0.39736333251626477,0.38708279619336167,0.25742077176030814,7.6704955433338915,3266.464261261261,0.031868202762649636,0.00636994378243631,0.47742305074467983
DJI_20250929095555_0257_D.JPG,part 2_pre_def_rgb,Pre_Defoliation,0.10543342689819747,0.11480976113544775,4322.96823593521,-0.034857319126783,0.38835875464182057,0.37089714766471593,0.24800211378941375,7.661045572559515,3330.9203383383383,0.03296670073015369,0.006501437195153041,0.4739348766680009
DJI_20250929095043_0101_D.JPG,part 2_pre_def_rgb,Pre_Defoliation,0.1239141151297667,0.12330641812948817,4291.334861400914,-0.023492329689744615,0.3948498476933134,0.3830236827472969,0.24728340267151383,7.6567432255033845,3360.8823883883883,0.03215649397962787,0.006456561250323207,0.4682997623695241
DJI_20250929095209_0144_D.JPG,part 2_pre_def_rgb,Pre_Defoliation,0.10196479061566716,0.11840787229730089,43.835684615340824,-0.0006291424242593775,0.43972102252826245,0.4442385298368206,0.3467912465297116,7.517099379619016,2286.3473783783784,0.03561745588811156,0.007076025204538055,0.48751017499573435
DJI_20250929095525_0242_D.JPG,part 2_pre_def_rgb,Pre_Defoliation,0.07781420961082902,0.11039367703462893,2839.2343027008146,-0.046587357706506294,0.3923673966438308,0.3658954312950477,0.2616092563354355,7.669673382282389,3276.1365705705703,0.03274934559611165,0.006497975272467614,0.48783754376185473
DJI_20250929095257_0168_D.JPG,part 2_pre_def_rgb,Pre_Defoliation,0.07876862154075098,0.10452671768695651,358.24504604226905,-0.017497054517020386,0.39154353000353864,0.3805908244927716,0.2908694974412537,7.533689569355507,2310.312109109109,0.03598404687742823,0.007261278993336195,0.5284547299304908
DJI_20250929094919_0059_D.JPG,part 2_pre_def_rgb,Pre_Defoliation,0.13011189952970495,0.1269805777787659,130.218079750816,0.002458999625538131,0.4374712308131574,0.4459570803571912,0.3243310303715199,7.502784998757786,2364.8652742742743,0.03552550256208775,0.007107404334745473,0.46401787564460867
DJI_20250929094725_0002_D.JPG,part 2_pre_def_rgb,Pre_Defoliation,0.09843998011849897,0.1166773593613244,641.4334460246508,-0.016541611379830325,0.430984834591679,0.42379210193591177,0.3181593891616456,7.587788824170933,2678.125104104104,0.03280525252773867,0.006613526875785395,0.458238006309473
DJI_20250929095049_0104_D.JPG,part 2_pre_def_rgb,Pre_Defoliation,0.1039653662810223,0.12011045583540464,2294.6729356061574,-0.0265467155704489,0.3870005268515165,0.37452752390826727,0.2580891546839958,7.63954673789214,3278.9463523523527,0.033059312146914065,0.0065747261403512015,0.4695748415648747
DJI_20250929095203_0141_D.JPG,part 2_pre_def_rgb,Pre_Defoliation,0.10173119555755016,0.12387295683015986,105.27950152985937,-0.006120816684593066,0.44617544493438527,0.44647139159843247,0.3450361427049295,7.544700362131305,2304.829973973974,0.03505565458460767,0.006951523684732524,0.5002282784305255
DJI_20250929095027_0093_D.JPG,part 2_pre_def_rgb,Pre_Defoliation,0.11375459075378781,0.12081654364685614,3229.4560280957876,-0.021732772877925282,0.3630816940519812,0.3542678739004871,0.2316994629952051,7.578730744137457,3048.2391351351353,0.03390872183541451,0.0069502324534206775,0.46412378633696066
DJI_20250929095641_0280_D.JPG,part 2_pre_def_rgb,Pre_Defoliation,0.10147641416694754,0.11363109356716697,3658.517950235092,-0.03386937870708745,0.39520323191169404,0.37719327899527,0.2577069119118984,7.655679027253038,3349.1254504504504,0.03182719071933051,0.006414370675145394,0.45834471358012535
DJI_20250929095401_0200_D.JPG,part 2_pre_def_rgb,Pre_Defoliation,0.10529034659027077,0.1189855406179629,23.95455351827369,0.014145318869773594,0.42089732264355323,0.4356798023580238,0.3451719354822237,7.468715195702849,2234.3610900900903,0.036005342897465695,0.007382039353425721,0.46824943375006134
DJI_20250929093958_0733_D.JPG,part 2_pre_def_rgb,Pre_Defoliation,0.13207863218517177,0.13024082789315833,285.4666617068103,0.002568706851970222,0.44721973459390185,0.45638529637810327,0.33347222597713283,7.596330239512482,2719.1333233233236,0.03279473145741316,0.0064084601625467134,0.4483309665050331
DJI_20250929095147_0133_D.JPG,part 2_pre_def_rgb,Pre_Defoliation,0.10294772522254604,0.10995879001076889,290.71261825034895,-0.019709855732970134,0.420115550241606,0.4088136372873444,0.29456399911053677,7.509658053206011,2217.0522772772774,0.03577364983987859,0.007295438240079242,0.5239086610525504
DJI_20250929094901_0050_D.JPG,part 2_pre_def_rgb,Pre_Defoliation,0.0910527750066537,0.1023816230571829,2491.7339233341168,-0.02612760016880257,0.35936841482540866,0.34645408333768907,0.2424869768433157,7.577446770985485,3042.133964964965,0.03535352044682586,0.006996515239729994,0.46675879134646614
DJI_20250929095307_0173_D.JPG,part 2_pre_def_rgb,Pre_Defoliation,0.10777300922896964,0.11443216621933182,3727.9194022217966,-0.03136661906868453,0.39872291582932157,0.38213178200700876,0.2577676389557263,7.674546471636922,3317.253345345345,0.03235959634658364,0.006404155596532637,0.47705980938898207
DJI_20250929095435_0217_D.JPG,part 2_pre_def_rgb,Pre_Defoliation,0.09166598120772346,0.11290551523689468,12.40547136653031,0.012416307313721535,0.42600208709199894,0.43891181524698003,0.3601555621942376,7.513639345463666,2321.67482982983,0.03542979356478293,0.00712683272552756,0.48571221681375565
DJI_20250929095037_0098_D.JPG,part 2_pre_def_rgb,Pre_Defoliation,0.10678219156262561,0.1156515480020664,3000.2733641617124,-0.024520255768022425,0.3620109726375153,0.34990520145996934,0.23101723871979776,7.578021278925855,2972.803524524524,0.03501381270270488,0.007045133439222264,0.4777269067404916
DJI_20250929094841_0040_D.JPG,part 2_pre_def_rgb,Pre_Defoliation,0.10384332886799355,0.11038728313088549,3811.657733056744,-0.03428989001826605,0.3802298472817751,0.3649544287143726,0.24583568127897665,7.604068903022573,3412.612218218218,0.03266826972020762,0.006776974608355838,0.4287388149173567
DJI_20250929094811_0025_D.JPG,part 2_pre_def_rgb,Pre_Defoliation,0.08432620925396234,0.11289170505634383,3585.0700101968655,-0.06137389271063939,0.43278154001052577,0.3983626145022461,0.27961747974000395,7.68473458756724,3704.7904604604605,0.02937552216078313,0.006119534210150267,0.4233442289957278
DJI_20250929094813_0026_D.JPG,part 2_pre_def_rgb,Pre_Defoliation,0.08195475486591365,0.10918717648845722,3984.3865763467334,-0.06673870524790046,0.4164965526916101,0.3798849613649731,0.2613186151724225,7.643714748797192,3460.402011011011,0.030581293776535193,0.006375839317507802,0.4260960108961588
DJI_20250929095247_0163_D.JPG,part 2_pre_def_rgb,Pre_Defoliation,0.08202235471049037,0.10433609706068521,1280.4463926040346,-0.037351852950369094,0.4084067318864611,0.3844274253118228,0.2784257640266941,7.623817263604271,2795.425987987988,0.033059006192952704,0.006579127529785947,0.4924095657346543
DJI_20250929095701_0290_D.JPG,part 2_pre_def_rgb,Pre_Defoliation,0.06386092644460424,0.10266301702204773,1633.9834790299349,-0.045087493057883024,0.39628580232227706,0.3702631835664682,0.2803796383660551,7.677153302428475,3410.7169989989998,0.03141995385462546,0.006268750726748717,0.4554552605371583
DJI_20250929094825_0032_D.JPG,part 2_pre_def_rgb,Pre_Defoliation,0.0747152767639519,0.09164451194863153,2706.124565113595,-0.04481724895226905,0.3537859607795074,0.33078527254193035,0.23306930754040137,7.5157336144870595,2662.5554304304305,0.03605905660480725,0.007287845482092079,0.46793145661466806
DJI_20250929095317_0178_D.JPG,part 2_pre_def_rgb,Pre_Defoliation,0.0996131858119048,0.11644018426556133,2447.742301059601,-0.03042544519263381,0.40425878757989697,0.38886590714586533,0.27385984089992893,7.699589680835117,3483.5032932932936,0.032020100895015,0.006220111968123974,0.4731510397474181
DJI_20250929095605_0262_D.JPG,part 2_pre_def_rgb,Pre_Defoliation,0.11595909317705692,0.11593122148576109,4638.045693206657,-0.02047966387538407,0.367545094411972,0.3570410284444997,0.2305778692999705,7.616220345157375,3080.3785295295293,0.034818413980212015,0.006873493185581542,0.48965216535641326
DJI_20250929095739_0309_D.JPG,part 2_pre_def_rgb,Pre_Defoliation,0.10173971995575813,0.11583759549380333,3302.003725097784,-0.01639688543573883,0.37535427882584843,0.36714078778476494,0.25718757678792326,7.673536778099411,3590.422287287288,0.031296013410488585,0.006327522900358646,0.4433607353917492
DJI_20250929095109_0114_D.JPG,part 2_pre_def_rgb,Pre_Defoliation,0.10625916066782137,0.1179972370228939,1118.6214077815628,-0.01862534490415106,0.38070725976682307,0.37469494899179145,0.2624234775489385,7.5666827191869555,2693.420770770771,0.03477858887880472,0.007125809290103111,0.5144532464347286
DJI_20250929095349_0194_D.JPG,part 2_pre_def_rgb,Pre_Defoliation,0.10936854436982686,0.11538125238184453,96.37614279689925,0.011962584696037214,0.40822826285966785,0.4188270130301408,0.3200572188307869,7.498002888700862,2313.1423893893893,0.035355032101616085,0.007232208367497712,0.47292181909182224
DJI_20250929094034_0751_D.JPG,part 2_pre_def_rgb,Pre_Defoliation,0.10338373024241103,0.11359630726188236,3651.207787997705,-0.054048382707023286,0.41503748658745904,0.38413185338786066,0.2498424899458512,7.596333833557959,3102.992243243243,0.03229526227040468,0.006677127299514279,0.43267542299334716
DJI_20250929094859_0049_D.JPG,part 2_pre_def_rgb,Pre_Defoliation,0.09543662608209015,0.10468451681397635,2443.318252741845,-0.024855662429725842,0.3733740823749299,0.3610727678407822,0.25333482722454426,7.617130006748872,3199.195961961962,0.033514238150968864,0.006709339270872348,0.4640285043422211
DJI_20250929094945_0072_D.JPG,part 2_pre_def_rgb,Pre_Defoliation,0.1318134127061371,0.11777723932761944,1263.459290073923,-0.010384232471863033,0.4128331210306839,0.4120378110492902,0.27942908836175956,7.605904922877426,3070.287302302302,0.03145399324999781,0.006500139296194273,0.4517900123662436
DJI_20250929094028_0748_D.JPG,part 2_pre_def_rgb,Pre_Defoliation,0.08624232195865753,0.11464224195053294,585.4586916153364,-0.049905919503059955,0.44081030240098007,0.4112590624769073,0.2954655005941771,7.541949026890842,2781.1924554554553,0.03272530267424497,0.006895180634940677,0.43498753724455913
DJI_20250929094036_0752_D.JPG,part 2_pre_def_rgb,Pre_Defoliation,0.0970664041308223,0.11547007772130898,2294.7579019364543,-0.04349584104069265,0.43684526354816827,0.411363458568616,0.28881524945824144,7.662606496049301,3370.0234734734736,0.03037517721451438,0.0062399536541700995,0.4354557452641126
DJI_20250929094008_0738_D.JPG,part 2_pre_def_rgb,Pre_Defoliation,0.13775989858286666,0.1248550238767627,366.58876459815707,0.0025643448951259114,0.44853729688937194,0.456751877793278,0.3272065601143175,7.582412284622562,2628.40782982983,0.03321514837709026,0.006482568693815995,0.45508501368275583
DJI_20250929095633_0276_D.JPG,part 2_pre_def_rgb,Pre_Defoliation,0.10427646814003354,0.11077440823050426,4275.964131328825,-0.03785172698309407,0.4139717809826691,0.39238482618818893,0.2665214032536751,7.6937942159918356,3539.586732732733,0.030485090883242083,0.006099862616449256,0.44615045323875485
DJI_20250929095719_0299_D.JPG,part 2_pre_def_rgb,Pre_Defoliation,0.08769845885699318,0.10374414460466773,3166.8728855055824,-0.03399526779615407,0.38379428166155705,0.3638570600130851,0.2562213795076201,7.667547874586018,3351.9736726726724,0.032287479105656026,0.00636345992765567,0.46253824043975905
DJI_20250929094935_0067_D.JPG,part 2_pre_def_rgb,Pre_Defoliation,0.11717612581233738,0.11706978648633584,66.84169671106164,-0.001284175072850628,0.4362224100428541,0.4420835811574377,0.33076862645968397,7.507163340986492,2409.4533553553556,0.035002260286795386,0.00701998519257811,0.4615760320306307
DJI_20250929095445_0222_D.JPG,part 2_pre_def_rgb,Pre_Defoliation,0.10374607104921815,0.1159742813767586,39.7098659357299,0.01285361782424636,0.4327034496965131,0.44613687411646946,0.35582422748720777,7.57102031179461,2483.677276276276,0.03454029020123242,0.006793396855139704,0.4940788346186692
DJI_20250929095157_0138_D.JPG,part 2_pre_def_rgb,Pre_Defoliation,0.10106425639701601,0.12154539788060882,97.62550824112247,-0.012401674218633996,0.453587930357822,0.4487898469243076,0.34292750709377723,7.534031896152967,2301.575276276276,0.03467983587681563,0.006953117742915573,0.49346886289955993
DJI_20250929095631_0275_D.JPG,part 2_pre_def_rgb,Pre_Defoliation,0.10686042062058759,0.11078887516406277,4564.403721842859,-0.03546864568083509,0.4140611934788316,0.3934887873861436,0.26605596067286796,7.707292014260634,3608.909212212212,0.030619057491369717,0.006074667049142374,0.4519290754047979
DJI_20250929095103_0111_D.JPG,part 2_pre_def_rgb,Pre_Defoliation,0.1008339363719873,0.11872183195847878,2540.31985111071,-0.029867925235341004,0.3949197109980432,0.38138962109647,0.2670255948229094,7.663022745331608,3394.1379889889895,0.03283782693200893,0.006521151455624849,0.4838580256877675
DJI_20250929095343_0191_D.JPG,part 2_pre_def_rgb,Pre_Defoliation,0.11410345781462998,0.11131923600757211,1702.6421088826266,-0.010122215599437212,0.3987980022147965,0.3927959496679758,0.2726904393065251,7.608217006264826,3035.0179659659657,0.03303171711486267,0.006611726638583719,0.44125711251554606
DJI_20250929095447_0223_D.JPG,part 2_pre_def_rgb,Pre_Defoliation,0.10096724827980032,0.11690185767413032,55.15338325075358,0.009726936311911523,0.43175011448722644,0.4434231299568577,0.35412889714668844,7.587243487590001,2565.8170050050053,0.03396370959421513,0.006674756827408123,0.48951876233924674
DJI_20250929095101_0110_D.JPG,part 2_pre_def_rgb,Pre_Defoliation,0.09675990898396923,0.11676459219850545,2640.3718803092793,-0.033512764456398385,0.3807715074148971,0.3657703308136381,0.25400924522840973,7.631103437783386,3230.5017897897897,0.03399601363604633,0.006752401035525763,0.4857404893674576
DJI_20250929095341_0190_D.JPG,part 2_pre_def_rgb,Pre_Defoliation,0.09782764599543282,0.10265150683829011,2697.9252863207134,-0.017331300168773257,0.34688468372687803,0.33727014295545715,0.2298279561886035,7.540185535111926,2905.667937937938,0.03529474624223579,0.007133480440840678,0.4471363958848319
DJI_20250929094947_0073_D.JPG,part 2_pre_def_rgb,Pre_Defoliation,0.13441140254474804,0.11966466381772674,1773.2134967201262,-0.013161124005896693,0.41940847164922285,0.41692561394291455,0.2800313536918582,7.636640284956094,3304.862877877878,0.030750270544995593,0.006311027277831857,0.4424510299141069
DJI_20250929095333_0186_D.JPG,part 2_pre_def_rgb,Pre_Defoliation,0.08725297343866308,0.10943830142569996,2092.239039505396,-0.033322611410636645,0.38445016073270627,0.36685891471366255,0.2620146952559557,7.646045291874102,3377.523995995996,0.03259140643476952,0.006498269059837959,0.4531774358661965
DJI_20250929095331_0185_D.JPG,part 2_pre_def_rgb,Pre_Defoliation,0.0959606116629328,0.11344022646675796,2004.190152033009,-0.029182181018609765,0.4063293234266774,0.3908894286948471,0.27948892230008404,7.69629078776718,3606.586953953954,0.03132689060140074,0.0061894080278082865,0.457460819996416
DJI_20250929095607_0263_D.JPG,part 2_pre_def_rgb,Pre_Defoliation,0.10874019893216348,0.11443097622549325,3806.5638970953346,-0.023410639723050367,0.3576899273244549,0.34656956993355914,0.22670901361049986,7.574738823985549,2873.6614804804803,0.0353015650708578,0.007083683573350927,0.4886416917203261
DJI_20250929095729_0304_D.JPG,part 2_pre_def_rgb,Pre_Defoliation,0.09891493313705665,0.10767113419690756,3715.0598641711504,-0.018557128478551437,0.35542336017043086,0.3449453874527107,0.23555248159793374,7.608433614374537,3110.0421791791787,0.033710557143769304,0.006740976047679793,0.4648425797125945
DJI_20250929093952_0730_D.JPG,part 2_pre_def_rgb,Pre_Defoliation,0.12754012722838928,0.12869913981081055,155.74887345918438,-0.001029894781684286,0.4485578452625344,0.4554992846519678,0.33490059681301204,7.568625813276933,2682.822965965966,0.03301193932285587,0.006538652743909188,0.4412567961589128
DJI_20250929095359_0199_D.JPG,part 2_pre_def_rgb,Pre_Defoliation,0.10186022442650497,0.11705289491142588,24.465112653725267,0.010663402642674211,0.42246895045590627,0.4343970186084361,0.344464862334461,7.462611227832526,2220.509844844845,0.03619027466579028,0.00743044634286363,0.4675218908016642
DJI_20250929095119_0119_D.JPG,part 2_pre_def_rgb,Pre_Defoliation,0.10089706505668113,0.11684650247208665,428.63413674852495,-0.019153838245987015,0.39711902056759835,0.3890702441277703,0.28012440263126115,7.498585497932737,2401.7129249249247,0.03554059608123878,0.007384340284303489,0.4898424048640635
DJI_20250929094827_0033_D.JPG,part 2_pre_def_rgb,Pre_Defoliation,0.07808066295351059,0.09558889958959385,2528.8107688082155,-0.04258858277583715,0.37464136829395484,0.3507358089159002,0.248749586584335,7.578615944619722,2806.8435315315314,0.03438264136737413,0.006905586039575599,0.4808679334193547
DJI_20250929094849_0044_D.JPG,part 2_pre_def_rgb,Pre_Defoliation,0.06614871090912695,0.09955611793495106,1235.3292677984398,-0.03859099949978649,0.3665845022745747,0.34982981374291294,0.2669264143021243,7.5842383620330205,3233.142828828829,0.033598326099482746,0.006899141084022474,0.43940121346239364
DJI_20250929095703_0291_D.JPG,part 2_pre_def_rgb,Pre_Defoliation,0.07117486667814167,0.10903299255004024,2327.181974008729,-0.04807094619073616,0.41416353281821966,0.3854099303569207,0.2854814612174802,7.729559730173699,3739.725872872873,0.030381082825547655,0.006028275114958041,0.4552196537492066
DJI_20250929095517_0238_D.JPG,part 2_pre_def_rgb,Pre_Defoliation,0.0880928151586645,0.11546426951542049,3385.862381143754,-0.041893549071747645,0.39214487444179497,0.3689039427012647,0.25757019580206997,7.674493815001557,3322.339295295295,0.03265845480590037,0.006463824508255137,0.4839518970687901
DJI_20250929095709_0294_D.JPG,part 2_pre_def_rgb,Pre_Defoliation,0.06946639020761353,0.10183681374213024,1907.631641925746,-0.03981011744977992,0.3816722117310018,0.35961929918197016,0.26809999642532506,7.652069935671985,3326.024726726727,0.03233362046181335,0.006466492653591331,0.45793757844511085
DJI_20250929094737_0008_D.JPG,part 2_pre_def_rgb,Pre_Defoliation,0.09299334175484698,0.11787090019064345,776.8182341477286,-0.031541074690235885,0.45557827783425164,0.43720138997781294,0.3258311603665273,7.6094420921396075,2775.2944794794794,0.031032984532199215,0.006410161523029815,0.4487907946729157
DJI_20250929095245_0162_D.JPG,part 2_pre_def_rgb,Pre_Defoliation,0.08781613531676727,0.10709535254844202,1464.8233997250836,-0.03575856817575087,0.41842553478939754,0.39474364680379004,0.28324562350141513,7.6521601780904405,2856.182896896897,0.03259382926512406,0.00643357419035864,0.5004749985891068
DJI_20250929095537_0248_D.JPG,part 2_pre_def_rgb,Pre_Defoliation,0.08598428750119406,0.11191406855947199,2580.6261021838936,-0.043618426831729465,0.41135719537761484,0.38641976758454705,0.27549805229028523,7.695431071158672,3341.125887887888,0.03142772122155592,0.006260281787987018,0.4881458375821071
DJI_20250929095723_0301_D.JPG,part 2_pre_def_rgb,Pre_Defoliation,0.08526557112641914,0.10406008935138811,3080.5165717379955,-0.03346306484077273,0.37395267862560655,0.3547740480625562,0.2503298463730867,7.640228687252928,3191.798151151151,0.03290479755375468,0.0065294441684308905,0.467700769149341
DJI_20250929094843_0041_D.JPG,part 2_pre_def_rgb,Pre_Defoliation,0.10769011675969835,0.1135635018763781,3428.1408587554874,-0.03379435039393281,0.4017438452883681,0.3861058178135366,0.2627776735790066,7.650771005576518,3620.2242912912916,0.03138315243509722,0.006450476896768121,0.42791290574772756
DJI_20250929095009_0084_D.JPG,part 2_pre_def_rgb,Pre_Defoliation,0.11236106774189286,0.11912631896741672,3987.65189019635,-0.030223524529490547,0.4040414863934052,0.3886231309556638,0.2608437077760295,7.67484709891614,3486.573964964965,0.030725744353716444,0.006289969624094077,0.4585388062174194
DJI_20250929095535_0247_D.JPG,part 2_pre_def_rgb,Pre_Defoliation,0.08388662505324464,0.10865287986198918,2851.628567432679,-0.04422751314338772,0.3928145974931015,0.3682781755730144,0.2598551285996827,7.656976161439315,3186.8286296296296,0.03272426975945543,0.0065275818677942654,0.488330613393507
DJI_20250929094735_0007_D.JPG,part 2_pre_def_rgb,Pre_Defoliation,0.09873056495785187,0.11900917972260339,760.8153478590829,-0.02415923641534815,0.4489091791119426,0.4356367845993991,0.32363382512900374,7.603256087364926,2722.5725425425426,0.03155810284432496,0.0064672579990771376,0.45307917657635094
DJI_20250929095515_0237_D.JPG,part 2_pre_def_rgb,Pre_Defoliation,0.08471512393908753,0.11485888933653643,3205.926845810964,-0.04431511794657505,0.37633019268849804,0.3533481534025198,0.2456509901774541,7.6300774882852505,3142.16713013013,0.03395112623789954,0.006755454959308275,0.48513448320074504
DJI_20250929094745_0012_D.JPG,part 2_pre_def_rgb,Pre_Defoliation,0.07850403964554845,0.11043415055291851,791.2369313486763,-0.046650721461394894,0.4388938770999714,0.4112152700802109,0.305032623414902,7.587977897566612,2842.0982552552555,0.031028957920222804,0.00659584819576905,0.44563801070457393
DJI_20250929095227_0153_D.JPG,part 2_pre_def_rgb,Pre_Defoliation,0.10256355148763552,0.12211933278035764,168.38195425439147,-0.012871537576550813,0.4347318975005513,0.4295920022956022,0.32188855560301766,7.504091981785837,2278.0303473473473,0.03508868599080985,0.007212534248092659,0.4955995655946427
DJI_20250929095545_0252_D.JPG,part 2_pre_def_rgb,Pre_Defoliation,0.10547378599232075,0.12152330629220624,3001.915659775057,-0.033329949086414574,0.4222440743003701,0.4040280879333994,0.2803383155741078,7.70539926693036,3350.6846436436435,0.031130646445662272,0.006166900257577954,0.49374312938296744
DJI_20250929095003_0081_D.JPG,part 2_pre_def_rgb,Pre_Defoliation,0.09245638596156054,0.11058177928612928,2717.6896021991074,-0.035085824081544266,0.4155024660000349,0.3933580907736137,0.2787573295856321,7.69212044015672,3553.6460600600603,0.030238948101821296,0.006171406925541192,0.45133588026848337
DJI_20250929095127_0123_D.JPG,part 2_pre_def_rgb,Pre_Defoliation,0.08000785827705474,0.11254408975787514,1868.6180160010726,-0.046552663385325654,0.38253179470611665,0.35722422997295866,0.25190880696274587,7.603932105241598,2890.1926086086087,0.03517261216479053,0.006960633871808719,0.49858321639774894
DJI_20250929095425_0212_D.JPG,part 2_pre_def_rgb,Pre_Defoliation,0.09677570476669388,0.11459605960666382,13.336289065887623,0.015624871057199922,0.42101892242174316,0.43673720641855424,0.35567978564867136,7.456368832527325,2203.1585415415416,0.036238169590749124,0.007460877476594075,0.46996989324035293
DJI_20250929094913_0056_D.JPG,part 2_pre_def_rgb,Pre_Defoliation,0.13713492862215204,0.1297461334842285,168.70390237720355,0.005855771688574688,0.44256603085515234,0.4531233613569826,0.3265457632366609,7.549717941743736,2513.2766346346343,0.03425845792770631,0.0067831758740579525,0.46413428530509576
DJI_20250929094911_0055_D.JPG,part 2_pre_def_rgb,Pre_Defoliation,0.13283220839964505,0.12687790767968385,447.66048394501587,-0.00035207825204701165,0.4346129729084697,0.43956916511663957,0.3116931489251643,7.561219687912002,2644.2104844844844,0.034168580231494806,0.006769707678708754,0.4527440879360473
DJI_20250929095722_0300_D.JPG,part 2_pre_def_rgb,Pre_Defoliation,0.07778440406864097,0.0992397893037267,2690.0501846567354,-0.03570101882379156,0.35873730070436116,0.33902354693217795,0.24152538909135365,7.594527078910395,3007.8175915915917,0.03433485112911547,0.006816304207126112,0.46761725289666345
DJI_20250929095413_0206_D.JPG,part 2_pre_def_rgb,Pre_Defoliation,0.10345561913370303,0.12097109832660895,17.61995797773462,0.019031035140603326,0.42109995207983,0.4399670613603471,0.355378551507161,7.457976817237112,2286.9404104104105,0.035830442677736114,0.007393308011011582,0.45268907238807576
DJI_20250929095653_0286_D.JPG,part 2_pre_def_rgb,Pre_Defoliation,0.08030766987065685,0.11375841412895434,2522.2559812663126,-0.04179095663188429,0.4034090223819711,0.3789610470072762,0.27420540176192426,7.6720476382399685,3381.0446406406404,0.031014589210165637,0.006266631956760098,0.45748117771845453
DJI_20250929095411_0205_D.JPG,part 2_pre_def_rgb,Pre_Defoliation,0.10750868661034903,0.12461631260529898,37.488982915011576,0.021509633193104342,0.41857930251182496,0.43931021220802563,0.3525324352938773,7.487251124579516,2347.727790790791,0.035232607567076135,0.007245044641203684,0.4580653225040277
DJI_20250929095651_0285_D.JPG,part 2_pre_def_rgb,Pre_Defoliation,0.08169308358971863,0.11854670102964583,3026.2848283637068,-0.0486077273371099,0.42432722251660726,0.39473760721771933,0.2834549083291128,7.711030038371693,3565.8046396396403,0.030270401763075213,0.006038453517154604,0.45854152828285344
DJI_20250929095019_0089_D.JPG,part 2_pre_def_rgb,Pre_Defoliation,0.09872690429543757,0.11983795350899318,2782.5276048733645,-0.035213792583941764,0.37161379151654533,0.35648475739071556,0.24262881896944824,7.581616099656761,3124.685831831832,0.03355185374297609,0.006908553176017736,0.45795186771847174
DJI_20250929095155_0137_D.JPG,part 2_pre_def_rgb,Pre_Defoliation,0.10502067679110741,0.12151559002599317,115.8310952664607,-0.011163655346374616,0.44685637564306596,0.4429010013670878,0.3339249503000023,7.511401093102267,2244.6494104104104,0.03542010865977068,0.007092454301094807,0.49225425308236226
DJI_20250929094937_0068_D.JPG,part 2_pre_def_rgb,Pre_Defoliation,0.11970813905425515,0.1166048263837875,57.949556745961694,-0.0014741664656412697,0.44473537999245416,0.4503072142122468,0.33617090937778427,7.521765748145686,2462.26538038038,0.03454652524896819,0.006910239110024404,0.46323286934469593
DJI_20250929095125_0122_D.JPG,part 2_pre_def_rgb,Pre_Defoliation,0.08331969981591927,0.11249573867501238,2212.9251268050652,-0.046874581185465704,0.36769507793542394,0.34451037692093717,0.23800597609053117,7.561576937922168,2796.640797797798,0.03614286053610271,0.007230832946850966,0.491757432765592
DJI_20250929095315_0177_D.JPG,part 2_pre_def_rgb,Pre_Defoliation,0.10013168171334472,0.11574960698594719,2503.1838881244626,-0.02934823885129893,0.41451935622657315,0.3986533626802132,0.28265568742050856,7.725061373986081,3586.490393393394,0.031519423884804214,0.006073949937463906,0.47487525764099486
DJI_20250929095427_0213_D.JPG,part 2_pre_def_rgb,Pre_Defoliation,0.09923704439415867,0.11646655649902687,13.57452277451085,0.015405019565243361,0.4244983061973449,0.4400261443165372,0.3563169380415708,7.46687987032772,2230.5448758758757,0.03582217447370555,0.007382391578012969,0.47172731572717264
DJI_20250929095001_0080_D.JPG,part 2_pre_def_rgb,Pre_Defoliation,0.0824094685404572,0.11932622882896103,2384.466310907394,-0.04744330842794177,0.4080978394168894,0.38201029374966583,0.273513279541985,7.631247843517343,3315.0445495495496,0.030242125952604355,0.006403554013397638,0.43695123875060354
DJI_20250929095053_0106_D.JPG,part 2_pre_def_rgb,Pre_Defoliation,0.0924873087774191,0.11882475512472929,2163.323769783012,-0.04008094911711225,0.3972321507692761,0.3774173698112391,0.2651152800757831,7.661808600899571,3359.146117117117,0.03278848413185142,0.006480214840232286,0.47540950485416067
DJI_20250929094747_0013_D.JPG,part 2_pre_def_rgb,Pre_Defoliation,0.0761424088548003,0.10733610886323564,781.0026046390316,-0.046962460204857594,0.4269571105091238,0.3999068840354415,0.29671424870695895,7.576416844390097,2837.899864864865,0.031377694023797476,0.00670893087587292,0.4493932720189651
DJI_20250929095225_0152_D.JPG,part 2_pre_def_rgb,Pre_Defoliation,0.10717472278996472,0.12340765129493357,149.46144164675215,-0.007958762728559325,0.43489582131761917,0.4335734193177837,0.3250762945279837,7.499579594418177,2264.8812172172175,0.035444637740988744,0.007234017326655919,0.49214268897677316
DJI_20250929095051_0105_D.JPG,part 2_pre_def_rgb,Pre_Defoliation,0.09989021842765969,0.12151992710562437,2336.1697659822034,-0.034068928542285326,0.4084814087989272,0.39063614757880355,0.27290066793102014,7.682500320278428,3478.999053053053,0.03184026167400545,0.006297774310068587,0.47088905776505324
DJI_20250929095547_0253_D.JPG,part 2_pre_def_rgb,Pre_Defoliation,0.09160834933676261,0.11748105154304625,2461.856726875998,-0.03815831836552736,0.40794769555875177,0.3876636465169148,0.2757712481383153,7.666193894474342,3223.143720720721,0.03211643673195131,0.006434350342326042,0.4878484896913687
DJI_20250929094018_0743_D.JPG,part 2_pre_def_rgb,Pre_Defoliation,0.0878936561985765,0.11303977009599946,94.04088889186116,-0.0222882245732183,0.44933023170201997,0.43905037257725654,0.3408768572539167,7.548585051438883,2593.998115115115,0.03371212997593974,0.006754357005353877,0.44744237239535967
DJI_20250929095211_0145_D.JPG,part 2_pre_def_rgb,Pre_Defoliation,0.097017699372239,0.11702274385422998,47.00118980444153,-0.0030029728944099103,0.434691175306566,0.43774360696418774,0.3437783392495706,7.513390760859841,2271.2661741741745,0.03641467362990526,0.007134351093974749,0.4927202697929538
DJI_20250929095213_0146_D.JPG,part 2_pre_def_rgb,Pre_Defoliation,0.09013529450064794,0.11301188870127574,34.85584006910063,-0.007121228835579258,0.43358200022739735,0.43209608500997604,0.3404748752919068,7.467436098346706,2079.077154154154,0.03812566357851224,0.007522342666533233,0.5103171098672865
DJI_20250929095035_0097_D.JPG,part 2_pre_def_rgb,Pre_Defoliation,0.11286017572531357,0.11910684465443898,3462.711266296631,-0.02658065416750396,0.38664719933228675,0.3724755390099172,0.24544370296223403,7.6408050351108585,3251.7255035035037,0.03289466451879057,0.006599745314767941,0.4712426135028213
DJI_20250929095437_0218_D.JPG,part 2_pre_def_rgb,Pre_Defoliation,0.09005569414930845,0.11231136457378248,14.113185902350299,0.011076771408144412,0.4186706531051309,0.4300211566686913,0.35131596608294324,7.505931506292707,2303.3154564564566,0.0358383040814345,0.007204885240744175,0.4874857467764638
DJI_20250929095321_0180_D.JPG,part 2_pre_def_rgb,Pre_Defoliation,0.10314345707566355,0.11901805918218024,2729.585781191065,-0.030909687476272946,0.40655323963930035,0.3914838543346989,0.27327101195443404,7.702623522320898,3566.500376376376,0.03145063933573254,0.0061789873838919195,0.4674359180195633
DJI_20250929095629_0274_D.JPG,part 2_pre_def_rgb,Pre_Defoliation,0.10377911032047711,0.10721939166848987,4471.428479827863,-0.03416863122734667,0.3916704140675175,0.37223508842364045,0.2490206524592862,7.6626616656184945,3352.768243243243,0.032084741588047805,0.006392111648239241,0.46145946070498767
DJI_20250929094010_0739_D.JPG,part 2_pre_def_rgb,Pre_Defoliation,0.13781859046511027,0.1217251309768373,223.07857989754888,0.0013698299031976726,0.4492762077369784,0.4562163116924313,0.325337825182774,7.5425244312272355,2516.5280710710713,0.034084580645927405,0.006715220344438778,0.45210455197888205
DJI_20250929095353_0196_D.JPG,part 2_pre_def_rgb,Pre_Defoliation,0.10972843885233108,0.11819802625597002,62.842092163194295,0.009267612180263504,0.4207338210661904,0.43064900063803435,0.3308357413575474,7.487288782169082,2287.985168168168,0.0354968521788454,0.007287620098770331,0.46893291603841913
DJI_20250929095113_0116_D.JPG,part 2_pre_def_rgb,Pre_Defoliation,0.08743974156902397,0.11070679306390455,826.9961172141412,-0.02003444483106673,0.3483483368299061,0.34195220265312976,0.2481163269073294,7.505082003611795,2398.623706706707,0.03861690672975483,0.00786153567584744,0.5464914106565893
DJI_20250929094030_0749_D.JPG,part 2_pre_def_rgb,Pre_Defoliation,0.07602035736085654,0.11145832859572584,1464.7076786589519,-0.06501200080086991,0.42152442971167686,0.38388447818306787,0.2702241692936022,7.560308987366669,2913.043947947948,0.0326133281710586,0.006874686091481119,0.4378674333177329
DJI_20250929094927_0063_D.JPG,part 2_pre_def_rgb,Pre_Defoliation,0.10288841321680493,0.11759169496117813,51.656136691211486,-0.004565451063725178,0.4348370627857112,0.4380861047578023,0.3384467335130884,7.495526208874141,2354.3133163163166,0.03537298764508688,0.0071218576573902235,0.46292991600951156
DJI_20250929093944_0726_D.JPG,part 2_pre_def_rgb,Pre_Defoliation,0.10611023433946914,0.12076414599059815,75.51739756478199,-0.010293023736498473,0.44921874633896214,0.44935318190379375,0.34337738312915633,7.551092531002142,2645.274563563564,0.032862987328180174,0.006610907956090737,0.4361446454437761
DJI_20250929095623_0271_D.JPG,part 2_pre_def_rgb,Pre_Defoliation,0.11108841230060672,0.1095114739364358,4454.87321774019,-0.03077822497388171,0.4066036579513688,0.3884902929175776,0.25928851558317967,7.6951410225247185,3466.981334334334,0.031097767356910642,0.006186771290573519,0.4634797815734905
DJI_20250929095351_0195_D.JPG,part 2_pre_def_rgb,Pre_Defoliation,0.11043851029626546,0.11765320892912817,74.46568648900127,0.010004937056560002,0.418323499597774,0.4283448357511955,0.3279276616083514,7.50000759372348,2321.470905905906,0.03527951794106929,0.007209034845012876,0.47161375356390245
DJI_20250929095111_0115_D.JPG,part 2_pre_def_rgb,Pre_Defoliation,0.09562847160266197,0.11607848710169942,1008.3719164102565,-0.023542672519493546,0.38502626053102246,0.37576448704615895,0.2708742419586335,7.577614839439951,2759.2428918918918,0.03460740939057575,0.0070571225477761125,0.5072733692254094
DJI_20250929095339_0189_D.JPG,part 2_pre_def_rgb,Pre_Defoliation,0.09025805285652576,0.10739976432798194,2306.9594560784135,-0.025215353898526457,0.37498529576980777,0.36021206214737633,0.2551807756684192,7.6383894530383545,3278.1334374374374,0.03320611191382856,0.006583367536109684,0.46003617585224393
DJI_20250929094803_0021_D.JPG,part 2_pre_def_rgb,Pre_Defoliation,0.08374945159529631,0.11643510384928725,3521.4116207867737,-0.05923550611485297,0.4384445126711714,0.40485067433689775,0.28750738440732787,7.6867376975941815,3834.272158158158,0.02939693098556658,0.006096974579654312,0.41454133353277395
DJI_20250929094022_0745_D.JPG,part 2_pre_def_rgb,Pre_Defoliation,0.09543868170793765,0.11610695404150019,225.63899203914397,-0.03556030808065059,0.45315675584279125,0.43328998645678823,0.31798453536284754,7.537348919642701,2621.351953953954,0.03341422389957495,0.0068562331391065386,0.44153047947558516
DJI_20250929095255_0167_D.JPG,part 2_pre_def_rgb,Pre_Defoliation,0.07841525065230309,0.10275085967622513,115.91807486319333,-0.0060460418896638715,0.38683107111230064,0.38391926048386077,0.30259219920311786,7.459426507841232,2071.743906906907,0.03811848499526271,0.007686962318757019,0.5199672115391888
DJI_20250929095557_0258_D.JPG,part 2_pre_def_rgb,Pre_Defoliation,0.11975337052046668,0.11888321140628372,3547.300742777826,-0.025191205248870727,0.41372089700159875,0.3997199874871357,0.265965707452206,7.691919651908215,3326.3751001001006,0.03075354689163598,0.006183251933760118,0.47196888971691914
DJI_20250929094002_0735_D.JPG,part 2_pre_def_rgb,Pre_Defoliation,0.13164216287060218,0.1264905372087333,241.77669167934522,0.004260163463844745,0.4499239686912544,0.45983018604230613,0.33809424052275566,7.588906288230206,2654.473167167167,0.03316911835591657,0.006437240534058126,0.45494578503186917
DJI_20250929094757_0018_D.JPG,part 2_pre_def_rgb,Pre_Defoliation,0.07193320468258389,0.10587677724707176,2759.191925792342,-0.05971907471792075,0.4237199659714975,0.3873219166025328,0.2789906625509842,7.665160058172706,3510.7895485485487,0.029949298819059812,0.0062107881710392705,0.41996797741073705
DJI_20250929094809_0024_D.JPG,part 2_pre_def_rgb,Pre_Defoliation,0.07968651677664049,0.11254720365046436,3930.6561751534227,-0.06795380661769446,0.41792516872315616,0.3810094664301974,0.2644072473605982,7.638330431476977,3537.821941941942,0.0306250038040084,0.006417961301246788,0.41824661365924554
DJI_20250929095639_0279_D.JPG,part 2_pre_def_rgb,Pre_Defoliation,0.10473250992648186,0.11421479727768455,4531.185102065648,-0.03855367173132887,0.41081522508887114,0.3894281640904976,0.263308593165642,7.694531097923209,3535.520128128128,0.03108160086983995,0.006170025068789399,0.4569199849529275
DJI_20250929094835_0037_D.JPG,part 2_pre_def_rgb,Pre_Defoliation,0.09030830707899791,0.10671717767092045,3522.871381095286,-0.042871071625807076,0.3949571399476235,0.372151706501763,0.2590379659769046,7.638583872729553,3451.2244464464466,0.032108348569953926,0.006552517763623091,0.44173236947274347
DJI_20250929095713_0296_D.JPG,part 2_pre_def_rgb,Pre_Defoliation,0.08448110645351992,0.10235288513601042,2803.0536085475305,-0.03431651158491461,0.3788764297197875,0.3592780536510649,0.25519857112882227,7.648699399539871,3299.915636636637,0.03287961140568423,0.006507327852986718,0.46059927543333296
DJI_20250929095741_0310_D.JPG,part 2_pre_def_rgb,Pre_Defoliation,0.08832348176194828,0.11031406239993573,2538.6967421504896,-0.022405246840512368,0.35889329846823675,0.34824833623663026,0.2492798922430755,7.616277905799365,3355.5797037037037,0.03281899452624998,0.006693188496204121,0.44188797252305434
DJI_20250929095711_0295_D.JPG,part 2_pre_def_rgb,Pre_Defoliation,0.07911363831618991,0.10461892657122573,2247.9231825683305,-0.03545930664250295,0.3979627803491406,0.37683008695021347,0.27658375523509643,7.695615376182183,3532.873914914915,0.03133057086550131,0.006216000134869345,0.45828643425892174
DJI_20250929095237_0158_D.JPG,part 2_pre_def_rgb,Pre_Defoliation,0.09707807589515569,0.11665501289943057,281.04355510860637,-0.02125417029956451,0.45090987268149285,0.43882482954958496,0.32966171052252136,7.584818266815409,2506.8382652652654,0.03324935663219148,0.006700472877134692,0.4984005207982935
DJI_20250929094000_0734_D.JPG,part 2_pre_def_rgb,Pre_Defoliation,0.13322007903185787,0.12861341505831403,311.5332374618988,0.00255231217109382,0.44235143151463485,0.4511258008848973,0.3266800912233019,7.571598084673666,2623.507044044044,0.033545918588480106,0.006556935856193551,0.44928432272573526
DJI_20250929095733_0306_D.JPG,part 2_pre_def_rgb,Pre_Defoliation,0.11086233701434735,0.11360060337507355,4623.58836129874,-0.014277985812910492,0.3552980618052289,0.34734484220964174,0.2285292855997073,7.610285269127979,3170.4664264264266,0.03368441973667438,0.006716870408144819,0.45783387684601895
DJI_20250929094020_0744_D.JPG,part 2_pre_def_rgb,Pre_Defoliation,0.09831537603628025,0.11452927429323517,140.22588901453167,-0.030053037787665382,0.4520907162386969,0.43557403816461165,0.3207419840542462,7.514196839315061,2523.3994534534536,0.03430367166667869,0.006985623312718869,0.44331203080795617
DJI_20250929094853_0046_D.JPG,part 2_pre_def_rgb,Pre_Defoliation,0.056143675198424496,0.09379074377935724,785.4449321876257,-0.03465861642080864,0.363213524272043,0.34789013277814723,0.27642306608582706,7.591143854667951,3216.9561401401397,0.03407435952182806,0.006861883546531997,0.4457055534720836
DJI_20250929095731_0305_D.JPG,part 2_pre_def_rgb,Pre_Defoliation,0.10474120648734415,0.11289918600338426,4268.316781954795,-0.021456440098039924,0.3755936817920476,0.36339723778257205,0.24645958728575232,7.660349915975518,3386.545278278278,0.03205466143354287,0.00639162133529234,0.45585313377104114
DJI_20250929094851_0045_D.JPG,part 2_pre_def_rgb,Pre_Defoliation,0.06925542355542579,0.1010020520520747,1235.2866317337619,-0.037192234636829566,0.3818652449298192,0.3650824694785841,0.2790442704719232,7.630354250695497,3414.7615355355356,0.0327205455679066,0.006609636972975758,0.4429061035721134
DJI_20250929094801_0020_D.JPG,part 2_pre_def_rgb,Pre_Defoliation,0.0864879505667512,0.11505208197516081,4015.2563016165377,-0.05806893040753662,0.42807431246083627,0.39587470925726664,0.27718715548694584,7.6717695457908635,3745.3463373373374,0.029327292275694854,0.006183831036891236,0.4131003099819795
DJI_20250929095329_0184_D.JPG,part 2_pre_def_rgb,Pre_Defoliation,0.09452588094710261,0.11385577762752087,2416.911761139596,-0.0351559378448016,0.3947944526226399,0.3769482753920577,0.264576217214373,7.669745094084246,3463.7438208208205,0.03230635733783213,0.006372491560506672,0.4598297512140401
DJI_20250929095455_0227_D.JPG,part 2_pre_def_rgb,Pre_Defoliation,0.10748819399761007,0.12458472357638105,256.53267545091694,0.005529095054682819,0.4362632704175521,0.4448089217954241,0.34586637917568597,7.6540267698797075,2904.0146286286285,0.03135664876086416,0.00622216654370797,0.47596455464780707
DJI_20250929093946_0727_D.JPG,part 2_pre_def_rgb,Pre_Defoliation,0.10218658849543433,0.12159495262212629,78.48068166851284,-0.013982888146813382,0.45346039800851556,0.4508135881355637,0.3459801897671775,7.56235127679798,2661.7273823823825,0.03272963952310344,0.006557902268121591,0.4400128113875845
DJI_20250929095621_0270_D.JPG,part 2_pre_def_rgb,Pre_Defoliation,0.10770793418632887,0.10613491592908791,3776.358154667932,-0.02692168019016116,0.39022955590070696,0.37438659384993694,0.2508356976128381,7.652340877889883,3243.7824994994994,0.03253995728505044,0.006466622231812746,0.4681403394445535
DJI_20250929094925_0062_D.JPG,part 2_pre_def_rgb,Pre_Defoliation,0.10287926174851472,0.11807453881665912,33.43860065246455,-0.0037090106482742095,0.44329619632805783,0.446884161231058,0.34759286438554343,7.503554666300074,2378.2219689689696,0.03549020408699779,0.007055370523806896,0.4630841320751431
DJI_20250929094012_0740_D.JPG,part 2_pre_def_rgb,Pre_Defoliation,0.11947841005216622,0.11833988092193055,119.88577624550302,-0.0015785380594531989,0.4373019939852339,0.4419884617602901,0.3271965194831801,7.5052545336442495,2411.3481321321324,0.0349140507270879,0.006972384288835471,0.44958820397920607
DJI_20250929094955_0077_D.JPG,part 2_pre_def_rgb,Pre_Defoliation,0.08746562454377835,0.11855499289935176,236.0599258612011,-0.026641746948975926,0.4271704138422229,0.4136523939132597,0.3126687494405183,7.557579848753289,2845.182409409409,0.03149569095163163,0.006711211192548354,0.4359055963168634
DJI_20250929095323_0181_D.JPG,part 2_pre_def_rgb,Pre_Defoliation,0.10415288745871852,0.11967854262300202,2694.489496821049,-0.030737311532636192,0.41956695497621793,0.4042365444278027,0.28475324642066896,7.7302469206422595,3753.56155955956,0.03053327225675566,0.005993154627312009,0.46351810826756185
DJI_20250929095615_0267_D.JPG,part 2_pre_def_rgb,Pre_Defoliation,0.08079193412895384,0.112178604838731,2776.522672716384,-0.0468074102992495,0.4213979397255731,0.3927253680488343,0.28326086224314156,7.683048657583203,3471.9388138138142,0.030430762371619458,0.006147626560824135,0.446392541739716
DJI_20250929094819_0029_D.JPG,part 2_pre_def_rgb,Pre_Defoliation,0.08628078163121732,0.10293124691563758,2432.700188189773,-0.046832279886990076,0.40965081564920597,0.38321145418978936,0.2704913110991554,7.629222477355942,3106.792975975976,0.03125849692902528,0.0064225986014866945,0.447875039854255
DJI_20250929095137_0128_D.JPG,part 2_pre_def_rgb,Pre_Defoliation,0.08051198394760668,0.10160736659192086,725.5238036604218,-0.027065224560487093,0.3808635569848247,0.3631544657227722,0.26493339051311304,7.528587281371223,2199.1053103103104,0.03796987139717069,0.007411951234674259,0.5466568147449787
DJI_20250929095503_0231_D.JPG,part 2_pre_def_rgb,Pre_Defoliation,0.1250306609108392,0.12259130630991256,3685.447733062383,-0.012829798546747938,0.3728719676467885,0.36805158961890355,0.23820055068017953,7.614642743794989,3034.55833033033,0.03329388898022699,0.006717591304913298,0.4760580291792158
DJI_20250929095529_0244_D.JPG,part 2_pre_def_rgb,Pre_Defoliation,0.07384279923784326,0.1073222560014767,2499.499951393478,-0.047500166828525335,0.38005986285113674,0.3545228941034084,0.2551431261178369,7.637873518776668,3100.2373783783787,0.033577097075950905,0.006715016552709235,0.4955767052009373
DJI_20250929095231_0155_D.JPG,part 2_pre_def_rgb,Pre_Defoliation,0.09907999994893323,0.11805667657723806,1682.1326048845656,-0.0344432686429004,0.4145539451494664,0.39446778027554436,0.27530161545268905,7.607784837905934,2788.0562772772773,0.03297252504637432,0.006710438953743106,0.4947683063040788
DJI_20250929095717_0298_D.JPG,part 2_pre_def_rgb,Pre_Defoliation,0.07954850127997395,0.10021504749630931,2868.1929331295005,-0.03755190430227823,0.3654773657364101,0.34468264752893835,0.24433942804149267,7.614717093962337,3134.3510850850853,0.03363013491705158,0.0066934469192704085,0.46144222447979677
DJI_20250929095045_0102_D.JPG,part 2_pre_def_rgb,Pre_Defoliation,0.10910199302397675,0.12028086155293738,2901.4104010197666,-0.02444555852575525,0.3764841688084677,0.36523199246224214,0.2448778230920398,7.612162628620353,3162.554132132132,0.033451385528650776,0.006756796425939236,0.4708905542099791
DJI_20250929094729_0004_D.JPG,part 2_pre_def_rgb,Pre_Defoliation,0.08875575684129705,0.11474522789365617,1603.85155700139,-0.037092232103639704,0.4259819958792109,0.40531278443448343,0.295887816148459,7.599509316087723,2910.690249249249,0.03184679818889321,0.006555456127232268,0.4387162812649258
DJI_20250929095015_0087_D.JPG,part 2_pre_def_rgb,Pre_Defoliation,0.0936167793365163,0.11782244309003567,2573.5464088117924,-0.03720601929006076,0.3846695774358706,0.36756059036507943,0.25683482395777196,7.621118003437613,3365.8763503503505,0.03215329844326867,0.0066577622193753445,0.4504812901614776
DJI_20250929095159_0139_D.JPG,part 2_pre_def_rgb,Pre_Defoliation,0.10647572420211152,0.12283632674708499,92.6144932682059,-0.008073400722067203,0.4481134369403305,0.4467209455901427,0.33885273003784355,7.516719185907746,2256.191046046046,0.03557561801024219,0.007081312507485496,0.49457876886014535
DJI_20250929095233_0156_D.JPG,part 2_pre_def_rgb,Pre_Defoliation,0.101826025826576,0.11911286099031737,2121.6934946590245,-0.038384199500260986,0.4291867160122008,0.4065179397240711,0.28202313760936554,7.647249230187707,3068.6719969969968,0.031663044748279655,0.0063845769933445476,0.4727591578466222
DJI_20250929095319_0179_D.JPG,part 2_pre_def_rgb,Pre_Defoliation,0.10868288360017231,0.12171384401153668,2773.292275740844,-0.027105410315591896,0.4200160244567846,0.40650608415686035,0.2843132602567638,7.734826219463985,3692.823997997998,0.03069993857329515,0.005983858187746708,0.4711563865615292
DJI_20250929095021_0090_D.JPG,part 2_pre_def_rgb,Pre_Defoliation,0.09869231499705314,0.12104151980548965,2619.8449240064015,-0.03415272615602301,0.3876480839141429,0.37150797606860253,0.256675553226009,7.623537083316149,3311.3000030030034,0.03245358240363704,0.006625392006716742,0.45565032813328776
DJI_20250929094857_0048_D.JPG,part 2_pre_def_rgb,Pre_Defoliation,0.08144789712235662,0.10140841926375696,1741.07127794379,-0.030456543136411197,0.37379232028396736,0.35884029490017044,0.2624403723940169,7.60745903874456,3215.896112112112,0.033699120789718796,0.0067277849562649575,0.45184901797421634
DJI_20250929095737_0308_D.JPG,part 2_pre_def_rgb,Pre_Defoliation,0.1036996231796944,0.11430571935870686,3899.110684893851,-0.018376925027937002,0.3579690730161906,0.34905800049054153,0.23644730478519813,7.616149625582461,3273.791067067067,0.03322368690362849,0.0066843037148523275,0.44901282227520833
DJI_20250929095509_0234_D.JPG,part 2_pre_def_rgb,Pre_Defoliation,0.10293356301370933,0.1184838658751591,3447.4975962159856,-0.03134887004726823,0.39276698841745233,0.37621451515542026,0.25672847887967887,7.668947518338399,3336.5893373373374,0.03240622151361521,0.006436770509904774,0.47553050556126303
DJI_20250929095523_0241_D.JPG,part 2_pre_def_rgb,Pre_Defoliation,0.07626255792325203,0.1089419971029191,2612.1938314695285,-0.04337802543996146,0.37390297318332916,0.3505355570890611,0.250905583071541,7.62751245912484,3098.888284284284,0.03394504758081941,0.006786360093005718,0.4893467934316523
DJI_20250929095205_0142_D.JPG,part 2_pre_def_rgb,Pre_Defoliation,0.10186216627855908,0.12305650553170909,96.36313673969764,-0.006208198174476488,0.4462560758209587,0.4465412430751937,0.34496424405086973,7.543886270828221,2286.9034844844846,0.03506165509251548,0.006959590747367139,0.503063937695489
DJI_20250929094723_0001_D.JPG,part 2_pre_def_rgb,Pre_Defoliation,0.09661465251756246,0.11671326740150113,1071.450984350379,-0.02580441298388313,0.43510591927122283,0.4216715362225719,0.3116225006563583,7.632337008948485,2941.2077827827825,0.031228406089415486,0.006375702393653884,0.45251965390404814
DJI_20250929095647_0283_D.JPG,part 2_pre_def_rgb,Pre_Defoliation,0.09906105022898946,0.12118748342001948,3699.631399150603,-0.03612129073682638,0.41562978600914274,0.3952085603176835,0.27572628439723473,7.708804613754388,3592.333099099099,0.03060574625685279,0.0060811037786334355,0.457998927705085
DJI_20250929095407_0203_D.JPG,part 2_pre_def_rgb,Pre_Defoliation,0.10241904130972485,0.12361961269510778,28.412066453947062,0.012084587804502452,0.4293198568838327,0.4434216088425442,0.35510431949153104,7.490542942143898,2279.710305305305,0.03544355010349074,0.007235891783441309,0.47248503896607724
DJI_20250929095141_0130_D.JPG,part 2_pre_def_rgb,Pre_Defoliation,0.07322769737012065,0.09692146246991605,1963.8364687213325,-0.04763890254843106,0.35213078977186363,0.3276277801734108,0.2298970732048373,7.510324035145901,2438.7353053053052,0.037868637992414,0.00762043726153887,0.5285358963341548
DJI_20250929095131_0125_D.JPG,part 2_pre_def_rgb,Pre_Defoliation,0.07754816480242863,0.11067877546820322,1942.7013217359827,-0.046615092854090344,0.3975055829889329,0.3698715595255475,0.26468937125973346,7.641760042981365,3021.121182182182,0.03377113555050355,0.006666002718939257,0.4961369076898953
DJI_20250929095039_0099_D.JPG,part 2_pre_def_rgb,Pre_Defoliation,0.11437583978577182,0.11851114823694134,3451.869516060005,-0.024865140998186163,0.38506665116639544,0.37191528662434736,0.24438808229652742,7.638082391853008,3220.4209189189187,0.033206616925586366,0.006624926975083798,0.47658682103733546
DJI_20250929095301_0170_D.JPG,part 2_pre_def_rgb,Pre_Defoliation,0.09320174136235368,0.11262132184341539,1590.318410624457,-0.03175784720296475,0.4194755277827343,0.4009314897022325,0.2891857102593773,7.648357309053235,3040.7350850850853,0.031867813051719894,0.0063962933974203015,0.4724537374764306
DJI_20250929094907_0053_D.JPG,part 2_pre_def_rgb,Pre_Defoliation,0.14366532526237816,0.12255566864336441,2442.813749535369,-0.004302135887706191,0.4194761259400044,0.41951964723215013,0.2758978432619179,7.636331181013866,3117.5955645645645,0.03232171203447685,0.00635276202238371,0.44497189609158366
DJI_20250929095133_0126_D.JPG,part 2_pre_def_rgb,Pre_Defoliation,0.0715317669948759,0.10543876178886842,1518.2416247502665,-0.04624150671640894,0.37566023044938174,0.34894780249860774,0.2507036075529578,7.576691440856215,2604.3112232232234,0.03647779805407076,0.007175262420093332,0.5241694181533149
DJI_20250929094739_0009_D.JPG,part 2_pre_def_rgb,Pre_Defoliation,0.09210636520441434,0.11608307365507275,871.501364506286,-0.03453586140891562,0.4461655952404555,0.4263450411072601,0.31441812176965034,7.59914667259801,2839.9534854854855,0.03079615260276739,0.006471786512030038,0.4380183834328936
DJI_20250929095433_0216_D.JPG,part 2_pre_def_rgb,Pre_Defoliation,0.09748456900684715,0.11624568222074387,13.204693662423862,0.017462273013998806,0.4192222765182305,0.43578018445022404,0.3548535233753703,7.493761860580203,2283.7485255255256,0.03563785280238751,0.007246216965628729,0.4806477540841842
DJI_20250929094905_0052_D.JPG,part 2_pre_def_rgb,Pre_Defoliation,0.10642411652208758,0.11083581831152893,2170.49301018449,-0.012942536437688732,0.37827054841071156,0.3726736203106422,0.26065257568848543,7.595506646296658,3100.9967697697693,0.033945040147401156,0.006686477791897451,0.44189134345429915
DJI_20250929095539_0249_D.JPG,part 2_pre_def_rgb,Pre_Defoliation,0.08840493516170447,0.11372016932107176,2255.867610978992,-0.039255550384176226,0.40791640401066515,0.385653922387198,0.2749865056020263,7.669025626917344,3193.8834264264265,0.03095475893275608,0.0063355427996367834,0.482846913384867
DJI_20250929095303_0171_D.JPG,part 2_pre_def_rgb,Pre_Defoliation,0.09529381913166039,0.11045907067980142,2029.9504495430792,-0.028799096042071523,0.3963495453103569,0.38027976018286713,0.2689161559237171,7.632481279925302,2959.1148998998997,0.03272776909710087,0.0066018738925434795,0.4909847709086593
DJI_20250929095431_0215_D.JPG,part 2_pre_def_rgb,Pre_Defoliation,0.09584109097878205,0.11658405591044758,13.248815832462006,0.013206239864658648,0.425048013291783,0.4387057791679959,0.35652245406542676,7.487485042725841,2271.0182422422426,0.03566377538537096,0.007277389493168049,0.4776975586540405
DJI_20250929095149_0134_D.JPG,part 2_pre_def_rgb,Pre_Defoliation,0.09779085481743023,0.11343453190849243,93.64186378727535,-0.01966780525812187,0.45061132592955067,0.43918917791938294,0.329976175091785,7.5104715133884214,2244.831838838839,0.0353200424015728,0.007135086545414927,0.5034369786177179
DJI_20250929095645_0282_D.JPG,part 2_pre_def_rgb,Pre_Defoliation,0.09193310555294215,0.11726962950579724,3196.763828923096,-0.039205682086731426,0.3971531232295596,0.3761724477646866,0.26325866674687154,7.659941829664607,3344.850382382382,0.031959778784105594,0.006398321741182314,0.4609912138886457
DJI_20250929095357_0198_D.JPG,part 2_pre_def_rgb,Pre_Defoliation,0.10856557399517089,0.1193379301231204,58.19633224598366,0.010770704511391492,0.4192455096525236,0.4308716398055377,0.33393219596338086,7.480123876827045,2269.3697187187186,0.0357240596599999,0.007339943198523333,0.46773833020841465
DJI_20250929095405_0202_D.JPG,part 2_pre_def_rgb,Pre_Defoliation,0.1034836754507545,0.12231048332688203,24.608485672435137,0.011097674900698509,0.42546659721583885,0.4387076832831978,0.3484650938998022,7.466384067800006,2224.28272972973,0.036180576454687356,0.007392251627404306,0.4699914998309478
DJI_20250929095117_0118_D.JPG,part 2_pre_def_rgb,Pre_Defoliation,0.09874330405554385,0.11781310008474033,68.23772096854633,-0.012416555508389876,0.4306756375988518,0.42665308721996625,0.32388723278553694,7.488093290190727,2355.5813933933932,0.035507947594209485,0.007325735227733602,0.4830330151364712
DJI_20250929095309_0174_D.JPG,part 2_pre_def_rgb,Pre_Defoliation,0.10892885352964608,0.11511499490418928,3950.245260489991,-0.03218224672074034,0.39741493324970395,0.3809584854447647,0.2555731841101793,7.6750579336567935,3367.736964964965,0.032416395400536036,0.006390704724256817,0.47100538862398894
DJI_20250929095143_0131_D.JPG,part 2_pre_def_rgb,Pre_Defoliation,0.08367399178395506,0.10006537779517383,1813.4435383286368,-0.037960744039753226,0.36004222340727204,0.34024453517810593,0.23677285516498475,7.522526399666306,2389.443156156156,0.038436276602503004,0.007705986216241647,0.5522992148861235
DJI_20250929095519_0239_D.JPG,part 2_pre_def_rgb,Pre_Defoliation,0.0787737826654699,0.11108740957962691,2932.2302847373107,-0.04624568129208748,0.3784858202557304,0.3538843060204135,0.25050900911962665,7.6383151276369805,3146.8156756756753,0.033976727296474,0.0067157645421260246,0.4877988427146454
DJI_20250929095521_0240_D.JPG,part 2_pre_def_rgb,Pre_Defoliation,0.08036869824606621,0.11145710644316353,2996.2576497541,-0.04343118379622519,0.3871406073613071,0.3630109126715919,0.25851251973581046,7.6672125644727815,3271.7803223223223,0.033106941547980676,0.006539324373646276,0.48791108765240004
DJI_20250929095207_0143_D.JPG,part 2_pre_def_rgb,Pre_Defoliation,0.10421975547120525,0.12122568727910865,67.51240140684584,-0.0006625435446618006,0.43612196374168133,0.44045061781798234,0.34055951642307813,7.511702091325528,2210.2074894894895,0.0358707748790042,0.0071727241684049195,0.501079825918452
DJI_20250929095023_0091_D.JPG,part 2_pre_def_rgb,Pre_Defoliation,0.1020538045280618,0.11981588866228747,2947.8017885667955,-0.03079456824126786,0.3686762873485945,0.3551707125078178,0.23961133313897914,7.584997902567851,3127.5466786786787,0.033855568791308445,0.006915571011833875,0.459677079860299
DJI_20250929095553_0256_D.JPG,part 2_pre_def_rgb,Pre_Defoliation,0.10698078972680473,0.11614579342310341,3824.7051974015963,-0.03335235033027124,0.4058328904416196,0.38809754766033017,0.2633814151522361,7.693445585790043,3444.882605605606,0.031334162023032665,0.006268981612733532,0.47557830956185504
DJI_20250929094753_0016_D.JPG,part 2_pre_def_rgb,Pre_Defoliation,0.068237718287977,0.10572007442091112,1858.461139582992,-0.06254710248227312,0.4245254900609017,0.38868742554012137,0.284611642731364,7.639780463574024,3335.3716396396394,0.02998086065222532,0.0063687986017508585,0.43190433357030733
DJI_20250929095029_0094_D.JPG,part 2_pre_def_rgb,Pre_Defoliation,0.12039778359638735,0.1219284652491433,3667.804346416019,-0.021411009595049522,0.37723466505746217,0.3676949848136393,0.2377575209734291,7.613104454232468,3178.4962732732733,0.033586559529645954,0.006731263552120598,0.46468486204414783
DJI_20250929094751_0015_D.JPG,part 2_pre_def_rgb,Pre_Defoliation,0.07823710342135444,0.10848595058452279,1789.4610584260834,-0.05749512319892351,0.44636476903244066,0.41198448005301336,0.2993670876522316,7.666360107071774,3383.0025015015017,0.029241836019464458,0.0061543787972777875,0.4367577398731859
DJI_20250929095501_0230_D.JPG,part 2_pre_def_rgb,Pre_Defoliation,0.13119504331514756,0.12709909120782953,1859.3997890107826,-0.00445933891603573,0.41625142104594387,0.41571211918446943,0.28397777400784746,7.665348613825813,3185.9315905905905,0.030671632844426547,0.0062197611829488,0.45971484171477744
DJI_20250929095551_0255_D.JPG,part 2_pre_def_rgb,Pre_Defoliation,0.10848228932547986,0.11837513407303236,3662.0171101622173,-0.034605133630139506,0.41711819730343347,0.3982246887479446,0.27084889086697583,7.705434846725334,3473.732227227227,0.030903668581591635,0.0061471959255808015,0.47296714828384473
DJI_20250929095047_0103_D.JPG,part 2_pre_def_rgb,Pre_Defoliation,0.11713549016904307,0.12370625108155488,3229.5556261450356,-0.022641178267755916,0.3962642219119164,0.3856207633342886,0.2578418145876177,7.662921206350784,3410.854543543543,0.03191166371962046,0.006403307167630127,0.466172545669464
DJI_20250929094931_0065_D.JPG,part 2_pre_def_rgb,Pre_Defoliation,0.10986261326312552,0.11864911241773018,71.18057661106283,-0.003629587844818475,0.4362313166909685,0.44037708859396313,0.3346602472338324,7.511919402074167,2410.521417417417,0.03477889232184323,0.007016013980880286,0.4626775609885805
DJI_20250929095441_0220_D.JPG,part 2_pre_def_rgb,Pre_Defoliation,0.08956346253380171,0.11220158103326723,21.675691373288572,0.009186974398057653,0.4260626282677485,0.4360370646481468,0.35644803849474344,7.542207551889415,2409.8005205205204,0.03506843766265701,0.006976200260369213,0.4889543449258561
DJI_20250929094933_0066_D.JPG,part 2_pre_def_rgb,Pre_Defoliation,0.10821643601752373,0.11614910337308425,42.08883706768635,-0.002668487238736011,0.4397820345698104,0.4446098082697551,0.3412211459521763,7.507779211013433,2408.795916916917,0.034912590402790905,0.007013654825886383,0.4616516242665551
DJI_20250929095635_0277_D.JPG,part 2_pre_def_rgb,Pre_Defoliation,0.11519643026650253,0.11517387611690842,4336.605468172668,-0.03183277217280905,0.4321496863598214,0.4130794304040825,0.278812744181841,7.7329113381262085,3675.3221581581583,0.02975873320347229,0.005876614131684313,0.4541277687804814
DJI_20250929095107_0113_D.JPG,part 2_pre_def_rgb,Pre_Defoliation,0.1054380837384131,0.1170024562181542,1763.8775392498587,-0.01853016056711362,0.3750067672877589,0.3689023615083807,0.2573598719905893,7.5956837917395825,2908.9466686686687,0.034405072853031085,0.00695407498944026,0.5045041029538392
DJI_20250929095347_0193_D.JPG,part 2_pre_def_rgb,Pre_Defoliation,0.09985887975544415,0.11128532793701792,86.7823713821588,0.006338459428560792,0.40711904253382575,0.41307827051217577,0.31917861873508174,7.504162801416345,2320.7600570570567,0.03511413133020441,0.007189358668842475,0.4790040658026139
DJI_20250929094839_0039_D.JPG,part 2_pre_def_rgb,Pre_Defoliation,0.09605259852585211,0.11108837889651578,3651.2795993653044,-0.04313702482016502,0.39806170647472766,0.3764931864141925,0.25887206782780525,7.638653756616143,3539.008742742743,0.03160505214588226,0.006547100096594673,0.4344491890876691
DJI_20250929095601_0260_D.JPG,part 2_pre_def_rgb,Pre_Defoliation,0.09934389619744703,0.11009926805851497,3781.3825305264613,-0.026717377246889672,0.3566522457444847,0.34253690269884957,0.22907766345576747,7.579737099150325,2939.75274974975,0.03601768121599613,0.0071450451214744625,0.4903797963319502
DJI_20250929094032_0750_D.JPG,part 2_pre_def_rgb,Pre_Defoliation,0.07993371193346659,0.11276892595485963,1921.5414286818816,-0.0649311627245058,0.43233436056424585,0.3937731420777092,0.275278211657706,7.609490236765893,3118.0005635635634,0.031671378618476034,0.006586108849900348,0.4412027496122968
DJI_20250929094941_0070_D.JPG,part 2_pre_def_rgb,Pre_Defoliation,0.12512146403816912,0.11734861501776042,188.89144942977012,-0.00074170336570444,0.4272737213853277,0.4331274992685434,0.31385981311358996,7.539525275026959,2581.747119119119,0.033516443636794,0.006851882671499261,0.46412105155896033
DJI_20250929095057_0108_D.JPG,part 2_pre_def_rgb,Pre_Defoliation,0.09564873873301505,0.11819612515354914,2132.0285055026493,-0.03197867357374977,0.3830968563812754,0.36823996879368837,0.2577343424730863,7.638999543637092,3227.9461471471473,0.03373330178950705,0.006679216027465826,0.48456056793500907
DJI_20250929095705_0292_D.JPG,part 2_pre_def_rgb,Pre_Defoliation,0.06891337879178389,0.10559785921733573,1898.7204431045493,-0.04164104136902174,0.39768986987432164,0.373569476661578,0.2805357046570505,7.697990936958794,3575.602904904905,0.03114065532970841,0.006223307592045651,0.45669999966102875
DJI_20250929095249_0164_D.JPG,part 2_pre_def_rgb,Pre_Defoliation,0.0757768014634539,0.10151188740935409,1065.6325546919672,-0.03420891494671852,0.3972180587772689,0.3751109562961441,0.2772270523515654,7.608072930410823,2715.8830010010006,0.03368739190226721,0.006696383895281744,0.49601727326048395
DJI_20250929094821_0030_D.JPG,part 2_pre_def_rgb,Pre_Defoliation,0.08129264151657538,0.09664274852418932,2568.4808544410294,-0.04550624782376352,0.37610530451724766,0.35206424749787774,0.24673054896193242,7.561047964228049,2811.2837597597595,0.03390331283395877,0.00692226694382002,0.45958868298478156
DJI_20250929095459_0229_D.JPG,part 2_pre_def_rgb,Pre_Defoliation,0.11944554012737858,0.1284675575195659,822.4888398680249,-0.0018958916786531753,0.4352771116566246,0.4376960870676671,0.32066952235133106,7.674905899578678,3154.9953613613616,0.030255653449840582,0.006099752187303702,0.460255370466221
DJI_20250929094845_0042_D.JPG,part 2_pre_def_rgb,Pre_Defoliation,0.10338858609289228,0.11029468066036631,2761.1051669409526,-0.02661243220899613,0.3746359413215603,0.3645281785769429,0.2510318297394332,7.597274637487661,3355.294346346346,0.032840427768161415,0.0068028751231204885,0.42984995577184815
DJI_20250929095725_0302_D.JPG,part 2_pre_def_rgb,Pre_Defoliation,0.0847270033499811,0.1030464559889965,2870.4753767650354,-0.02908162838625411,0.36284628480877296,0.3460872552248831,0.2446012222910122,7.610311721309895,3085.8193523523523,0.033640689449084105,0.006705495722322944,0.4657689197431415
DJI_20250929095619_0269_D.JPG,part 2_pre_def_rgb,Pre_Defoliation,0.10858167505213318,0.10882236223832256,4322.018864767023,-0.03368324743862233,0.4110543257847613,0.39091484925235226,0.26219369766781,7.698493600354375,3468.009923923924,0.03085345763658903,0.00617133195435504,0.46771328246627486
DJI_20250929094815_0027_D.JPG,part 2_pre_def_rgb,Pre_Defoliation,0.08145107978464236,0.1064289341773901,3190.2785808435447,-0.058681444340996626,0.4139053648736818,0.38216497447862313,0.2689735042989222,7.656441747590948,3488.3667777777778,0.030635086692375788,0.006310607118228727,0.4300588563843542
DJI_20250929095217_0148_D.JPG,part 2_pre_def_rgb,Pre_Defoliation,0.10444177263775567,0.11937010791986921,43.40333884823255,0.0010314876900936988,0.43323363876527715,0.438427327946989,0.3391792444909452,7.474887038261735,2129.674186186186,0.03719102239192968,0.007441915333134828,0.5052056292415593
DJI_20250929094959_0079_D.JPG,part 2_pre_def_rgb,Pre_Defoliation,0.09553899977891087,0.11939974439378508,2024.6884148502195,-0.03563450284149723,0.3935934016381624,0.3755072672165658,0.26188213301605845,7.58243339377459,2904.1989499499496,0.03291343119059728,0.006852934843497527,0.4737342971801441
DJI_20250929095243_0161_D.JPG,part 2_pre_def_rgb,Pre_Defoliation,0.08749382523714513,0.10919957036231975,1001.329671863135,-0.03197819714539557,0.42422697822962874,0.40294703657192876,0.2941732696770837,7.645417891589846,2704.4826716716716,0.03268150420459183,0.006466297138577074,0.5161212814000785
DJI_20250929095241_0160_D.JPG,part 2_pre_def_rgb,Pre_Defoliation,0.09344906887978098,0.1140347925728659,498.31349306127333,-0.02243210506053874,0.43879196450618113,0.42488838077437674,0.3175357281627913,7.631037297193211,2600.604981981982,0.03290479029378928,0.006475445959108786,0.5135180801143634
DJI_20250929095727_0303_D.JPG,part 2_pre_def_rgb,Pre_Defoliation,0.09376629706329938,0.107424957406196,3335.1976605620102,-0.024778199846269083,0.3737326545656409,0.359092796684504,0.25068664174006766,7.649349855468765,3273.8934884884884,0.03247968653819858,0.0064633350233876535,0.46226645307231934
DJI_20250929094829_0034_D.JPG,part 2_pre_def_rgb,Pre_Defoliation,0.07356949468514924,0.09362549867317115,2930.9046600802135,-0.04421483434504399,0.35876697125751056,0.3354894747600913,0.2386424835775227,7.560262411017094,2834.5614804804804,0.03586826253236136,0.0071806728837947404,0.4878026790274834
DJI_20250929094847_0043_D.JPG,part 2_pre_def_rgb,Pre_Defoliation,0.08202609009562706,0.1090151960910747,2139.758996462014,-0.04305053461805128,0.39351467129962564,0.37353154230102126,0.2715223232067898,7.641306594067366,3517.807259259259,0.03216904795693567,0.006535547839143242,0.4359759714297188
DJI_20250929093948_0728_D.JPG,part 2_pre_def_rgb,Pre_Defoliation,0.10210929121855564,0.12237795753823212,90.7921205053011,-0.011661883255447855,0.44742864224082257,0.4465538670848736,0.343569800710369,7.554054525609318,2628.213990990991,0.03295794410768134,0.006619429497842464,0.44160203038681767
DJI_20250929093956_0732_D.JPG,part 2_pre_def_rgb,Pre_Defoliation,0.13409688165182423,0.13162231710656372,262.15958914811347,0.0031210873938158005,0.4458924142243226,0.4559153495941993,0.3318414033122517,7.5905179468518185,2718.0836336336333,0.032760871861050936,0.006430130076369004,0.44585736247085644
DJI_20250929094823_0031_D.JPG,part 2_pre_def_rgb,Pre_Defoliation,0.0773538641335138,0.09717278302374123,3009.803657577069,-0.051550382791891385,0.38335134451335456,0.35583000216433053,0.25095479568179263,7.594200024745176,2974.7484234234234,0.033471051608238565,0.006754551747870469,0.46064247423310983
DJI_20250929095707_0293_D.JPG,part 2_pre_def_rgb,Pre_Defoliation,0.07277798091844515,0.10787372027593616,2242.7792657347377,-0.042076896788119496,0.4052321989823291,0.38095775549013,0.28390533107948573,7.722731686435444,3722.419997997998,0.030657336363376073,0.006089248583995159,0.45578951363163883
DJI_20250929093954_0731_D.JPG,part 2_pre_def_rgb,Pre_Defoliation,0.1301088161848065,0.12984119197495897,209.3260584667005,-0.0006309127309401815,0.44735875471691877,0.4545976648886414,0.3317277588755575,7.576837543794775,2693.589344344344,0.03288414118401797,0.00650087131809737,0.44342263274488025
DJI_20250929094943_0071_D.JPG,part 2_pre_def_rgb,Pre_Defoliation,0.13146267194486952,0.118253536817249,530.2084615847949,-0.0017356153866294223,0.42146233062348937,0.42614586618880174,0.2993667298092445,7.584865951112312,2862.872776776777,0.03192992531925191,0.006575369817812055,0.4554087939305177
DJI_20250929095259_0169_D.JPG,part 2_pre_def_rgb,Pre_Defoliation,0.0780160407530969,0.10296224346960277,953.155221885871,-0.025985999615043536,0.3740449129371392,0.3595202055873672,0.2669794574844982,7.54606363755319,2514.067109109109,0.03524176545609893,0.007178350849123028,0.5070475651957874
DJI_20250929094917_0058_D.JPG,part 2_pre_def_rgb,Pre_Defoliation,0.12659460580046583,0.12795160843897932,134.4111151513521,-0.0024743306880627824,0.4458617970581927,0.4505254946794418,0.328594586500225,7.523829722605816,2422.4595335335334,0.035306815287945034,0.006971716399444185,0.46618594946862213
DJI_20250929095603_0261_D.JPG,part 2_pre_def_rgb,Pre_Defoliation,0.11444024288714781,0.11436872626558206,4653.559443852074,-0.019938293746855452,0.3598722900434188,0.3498354342809526,0.22535833563133867,7.600747786422929,3039.4476046046047,0.03511024732638559,0.006967153609445237,0.485851227840487
DJI_20250929095335_0187_D.JPG,part 2_pre_def_rgb,Pre_Defoliation,0.08899819095913636,0.11086925297589834,2254.813802049377,-0.032975427405125365,0.39615513969168875,0.3776189009361443,0.27008447122146345,7.676848521591642,3513.3971981981986,0.031853325870201066,0.006301438728732821,0.45279301214347834
DJI_20250929095449_0224_D.JPG,part 2_pre_def_rgb,Pre_Defoliation,0.10430693924013826,0.1174381074286848,89.82710500913039,0.01025348260868259,0.43453093017548344,0.44646905735821313,0.35410024530080436,7.621010641135483,2697.178088088088,0.03307337156849763,0.0064619400788381975,0.4856173116745935
DJI_20250929095609_0264_D.JPG,part 2_pre_def_rgb,Pre_Defoliation,0.11407026158810493,0.11536462313003203,3103.289112695481,-0.02109890933570193,0.3914362080854341,0.37939689657383924,0.25328732347413946,7.649173566316064,3103.43783983984,0.03295891630720207,0.006526712330854302,0.4884498827626592
DJI_20250929095443_0221_D.JPG,part 2_pre_def_rgb,Pre_Defoliation,0.09458681225807111,0.11312119841844849,29.855135125040235,0.010467414791666064,0.4229061840825431,0.4340455985838279,0.35059820082704163,7.540798762353515,2396.9235255255253,0.03525353616265636,0.006999410546914685,0.492364143882711
DJI_20250929095417_0208_D.JPG,part 2_pre_def_rgb,Pre_Defoliation,0.1101078196315141,0.1226509910493554,23.776085020673165,0.021472745797348678,0.42366776088518565,0.444639587339823,0.3555035941629463,7.500879448237124,2276.866215215215,0.035222851658733706,0.007163147915926546,0.477915478927018
DJI_20250929095105_0112_D.JPG,part 2_pre_def_rgb,Pre_Defoliation,0.09454367828496107,0.11602216004247794,2126.863320100948,-0.03144328122368455,0.3726424827138932,0.36009768756830185,0.25300921413774935,7.604296368714526,3021.3264124124125,0.03428299140729476,0.006982606019019466,0.504630764952133
DJI_20250929095657_0288_D.JPG,part 2_pre_def_rgb,Pre_Defoliation,0.07107424934078788,0.1066207254593222,2084.743141598037,-0.04467340608298397,0.39637112534522645,0.37051383999995197,0.27358230531388944,7.6644099258468845,3338.400134134134,0.031241159415687465,0.006310838973576515,0.4547755550271311
DJI_20250929095345_0192_D.JPG,part 2_pre_def_rgb,Pre_Defoliation,0.10367313754177714,0.11136130502808475,401.9975453083786,-0.003968265350046791,0.40602632673009764,0.40448650601506647,0.29927354775825826,7.539152293955161,2517.8416656656655,0.03480640713869883,0.007026418343574705,0.4681481118281848
DJI_20250929094949_0074_D.JPG,part 2_pre_def_rgb,Pre_Defoliation,0.13058075945471487,0.12198582988938601,1655.0022623992234,-0.01755998971404745,0.43378153392757046,0.42833709744353665,0.2923119015047879,7.660461102765373,3461.387385385385,0.029929234063647087,0.006134563562906866,0.4347062541267315
